tree
version=v4
num_class=1
num_tree_per_iteration=1
label_index=0
max_feature_idx=16
objective=regression_l1
feature_names=lead_hours wind_speed_10m wind_speed_100m wind_direction_10m temperature_2m surface_pressure air_density wind_speed_hub_cubed power_flux_proxy hour_sin hour_cos doy_sin doy_cos month lag_power_t0 lag_power_mean_24h weather_source
feature_infos=[24:48] [0:21.600000000000001] [0:30.829999999999998] [2:360] [-19.199999999999999:41.299999999999997] [935.60000000000002:984.89999999999998] [1.0415077628030984:1.3285545558133542] [0:29303.572786999994] [0:36046.81073752221] [-1:1] [-1:1] [-0.9999994220246925:0.99998555065071859] [-0.99997919295908233:0.9999907524084426] [1:12] [0.0050000000000000001:0.99833333333333341] [0.0099999999999999915:0.99013888888888868] none
tree_sizes=2981 2942 2954 2961 2969 2977 2976 3013 2963 2991 2981 2990 2965 2976 2967 2985 2980 2967 2989 2983 2983 2959 2988 2967 2984 2972 2988 2984 3010 2978 2975 2955 2992 2963 2948 3002 2957 2991 3003 2975 2986 2985 2973 2986 2943 2971 2969 2962 2981 2975 2948 2978 2978 2970

Tree=0
num_leaves=31
num_cat=0
split_feature=3 8 8 1 5 13 1 8 3 13 6 2 12 12 11 5 4 4 4 6 2 8 2 1 12 8 1 5 13 11
split_gain=939.655 582.504 281.593 293.88 401.885 167.982 130.413 158.637 116.823 85.7435 117.228 116.001 78.179 75.2778 74.4158 66.656 62.6494 59.9078 58.5705 51.4975 47.7411 46.3918 45.6288 44.1629 59.7261 43.7824 43.4696 49.002 41.1427 49.0769
threshold=176.50000000000003 1.5491506085810356 1.5491506085810356 4.1650000000000009 950.75000000000011 9.5000000000000018 9.0250000000000004 207.35604312984452 48.500000000000007 1.5000000000000002 1.1569265417570926 5.8050000000000006 -0.46800559042974538 -0.36648370705903521 0.85673801594079257 951.95000000000016 9.8500000000000032 28.750000000000004 21.050000000000004 1.1524122320730961 12.555000000000001 103.64532802297764 3.3750000000000004 6.0050000000000008 -0.42958798411962301 0.26233268884609462 2.9250000000000003 953.45000000000016 10.500000000000002 -0.75579217237767959
decision_type=2 2 2 2 2 2 2 2 2 2 2 10 2 2 2 2 2 2 2 2 10 2 10 2 2 2 2 2 2 2
left_child=2 -2 25 9 16 6 7 15 -6 -4 11 13 -8 17 26 22 -5 -11 -9 23 -7 -16 -3 24 -10 -1 27 -12 -29 -30
right_child=1 5 3 4 8 20 12 18 19 10 14 -13 -14 -15 21 -17 -18 -19 -20 -21 -22 -23 -24 -25 -26 -27 -28 28 29 -31
leaf_value=-0.0046216665068641305 -0.004461166503606364 -0.0044316665036603807 -0.005126666491851211 -0.0017386664729565383 -0.0080321665015071625 -0.004786666492000222 -0.0061641665082424876 -0.0089796663355082261 0.0058213334251195192 -0.003326666532084346 -0.0030674165021628143 -0.010235166354104876 -0.0045121665051556193 -0.0049916664976626633 -0.0035316665377467873 -0.0051731665246188639 -0.0070766665320843459 -0.0049691664939746256 -0.011439666403457522 -0.00099066655151546033 -0.0044266665028408168 0.0030705836880952119 -0.005911416476592421 -0.0013516664039343596 -0.0063556665088981392 -0.0042926665116101506 -0.00045716646127402782 -0.0048966665100306271 0.00066808347590267651 -0.0045566665066871792
leaf_weight=257 668 1313 1361 138 138 2922 234 3134 99 1551 548 646 491 963 613 2324 1065 474 2171 1988 202 582 1690 371 217 537 1448 1091 232 1276
leaf_count=257 668 1313 1361 138 138 2922 234 3134 99 1551 548 646 491 963 613 2324 1065 474 2171 1988 202 582 1690 371 217 537 1448 1091 232 1276
internal_value=-0.00468423 -0.0100056 0.000484985 -0.000448708 0.00647875 -0.0112691 -0.0129638 -0.0138032 0.0126849 -0.00302828 -0.00201174 -0.00623519 -0.000652873 -0.00374297 0.000639033 -0.0101463 -0.00803325 -0.000459259 -0.0174753 0.0140735 -0.00510841 0.00730823 -0.00719414 0.00699272 -0.00124894 0.01789 -0.00109539 -0.00307467 -0.00479364 -0.00158311
internal_weight=30744 15149 15595 14801 4016 14481 11357 10632 2813 10785 9424 3634 725 2988 5790 5327 1203 2025 5305 2675 3124 1195 3003 687 316 794 4595 3147 2599 1508
internal_count=30744 15149 15595 14801 4016 14481 11357 10632 2813 10785 9424 3634 725 2988 5790 5327 1203 2025 5305 2675 3124 1195 3003 687 316 794 4595 3147 2599 1508
is_linear=0
shrinkage=1


Tree=1
num_leaves=31
num_cat=0
split_feature=3 8 1 4 2 13 1 8 4 2 13 4 2 11 12 10 10 10 4 3 3 12 2 10 1 10 2 4 11 13
split_gain=849.558 471.867 239.515 331.664 201.302 154.196 131.414 139.016 92.9786 88.0742 82.1489 104.638 112.735 82.6251 70.7535 68.3584 60.2739 55.6064 55.056 51.6338 50.1914 49.2343 47.9593 47.3866 46.5927 41.3535 37.3951 36.53 36.3871 34.7427
threshold=176.50000000000003 1.7708633085613623 4.1650000000000009 13.65 1.0550000000000004 9.5000000000000018 9.0250000000000004 207.35604312984452 27.050000000000004 0.71500000000000008 1.5000000000000002 11.65 5.8050000000000006 0.85673801594079257 -0.46800559042974538 -0.60355339059327384 0.60355339059327384 0.1294095225512602 21.050000000000004 64.500000000000014 66.500000000000014 -0.36648370705903521 12.555000000000001 1.0000000180025095e-35 5.0750000000000011 -0.5 0.29500000000000004 6.8500000000000005 -0.93545489084327571 5.5000000000000009
decision_type=2 2 2 2 10 2 2 2 2 10 2 2 10 2 2 2 2 2 2 2 2 2 10 2 2 2 10 2 2 2
left_child=2 -2 4 24 9 6 7 16 19 26 25 13 17 15 -8 -12 29 -13 -9 28 -15 -19 -7 -10 -4 -6 -1 -22 -5 -3
right_child=1 5 3 8 10 22 14 18 23 -11 11 12 -14 20 -16 -17 -18 21 -20 -21 27 -23 -24 -25 -26 -27 -28 -29 -30 -31
leaf_value=0.00017464999691583217 0.00019033499633660538 -0.00033480502869933846 0.0044047198475338518 -0.0030412650232203302 0.00054880000362172727 -0.00013139999443665147 -0.0014525750077329575 -0.0041836098401807249 -0.0048322000122629103 0.00030027999272570012 0.0041534499285626227 -0.00015904999142512678 -0.004573944932129234 -0.0001540499906055629 0.000149864995261305 0.00025971499504521487 -0.00070892749910708513 0.0016198000215925277 -0.0065698099060915406 0.0028601349824108183 0.0069669162659905847 -0.0001081000185571611 0.00023279999750666318 0.0011673000128008424 0.0029647200585342943 -0.0009061999554745852 3.8714993675239384e-05 0.0021959161936305461 0.0016576949841342866 -8.3050001179799435e-05
leaf_weight=73 720 1819 930 160 441 2911 234 3134 378 358 1026 1639 748 134 491 3277 1452 1251 2171 794 488 541 202 300 1180 925 290 388 274 2015
leaf_count=73 720 1819 930 160 441 2911 234 3134 378 358 1026 1639 748 134 491 3277 1452 1251 2171 794 488 541 202 300 1180 925 290 388 274 2015
internal_value=-0.000142467 -0.00520232 0.00477268 0.0110857 0.00258312 -0.00638506 -0.00801166 -0.00885752 0.00201469 0.0179334 0.00156382 0.00255373 -0.000997846 0.00534726 0.00434483 0.00353474 -0.0054143 0.00130283 -0.0122884 0.00693811 0.0130693 0.00495536 -0.000472213 -0.00690265 0.0192796 -0.00531479 0.00752066 0.0156849 -0.00138249 -0.00344288
internal_weight=30744 15149 15595 4016 11579 14429 11316 10591 1906 721 10858 9492 4179 5313 725 4303 5286 3431 5305 1228 1010 1792 3113 678 2110 1366 363 876 434 3834
internal_count=30744 15149 15595 4016 11579 14429 11316 10591 1906 721 10858 9492 4179 5313 725 4303 5286 3431 5305 1228 1010 1792 3113 678 2110 1366 363 876 434 3834
is_linear=0
shrinkage=0.03


Tree=2
num_leaves=31
num_cat=0
split_feature=3 2 1 5 8 8 13 8 3 4 13 6 8 5 2 10 1 4 9 2 5 6 10 1 5 2 13 15 10 10
split_gain=813.179 353.538 242.234 386.853 151.583 134.387 124.476 136.073 113.88 104.851 74.0551 108.144 100.598 73.9435 65.5937 63.9584 60.7114 59.4971 53.9211 53.8307 53.6968 51.3589 49.9615 40.4983 40.3662 40.3148 40.1304 39.5011 38.4996 36.3492
threshold=176.50000000000003 1.0550000000000004 4.1650000000000009 950.75000000000011 2207.2798194249608 1.5491506085810356 9.5000000000000018 131.28577499753243 48.500000000000007 15.850000000000003 1.5000000000000002 1.1569265417570926 164.19614388358838 951.95000000000016 0.79500000000000015 0.1294095225512602 2.0250000000000004 9.8500000000000032 0.60355339059327384 0.71500000000000008 953.45000000000016 1.1524122320730961 0.25881904510252057 6.0050000000000008 947.55000000000007 0.29500000000000004 8.5000000000000018 0.46062500000000012 0.25881904510252057 -0.5
decision_type=2 8 2 2 2 2 2 2 2 2 2 2 2 2 10 2 2 2 2 10 2 2 2 2 2 10 2 10 2 2
left_child=2 19 5 17 6 14 7 13 -5 -6 29 12 15 -3 25 -12 20 -4 -18 -2 -13 23 -19 28 -14 -1 -17 -8 -10 -7
right_child=1 4 3 8 9 10 27 -9 21 -11 11 16 24 -15 -16 26 18 22 -20 -21 -22 -23 -24 -25 -26 -27 -28 -29 -30 -31
leaf_value=0.00016941049700835721 0.00022912494361249262 -4.7760055525344803e-05 0.0027512184247383848 -0.003333871226839721 0.00020036904481440432 0.00048983599654678258 0.00036804199022334066 -0.0045526135729942472 -0.0018421341554140671 -0.0011349977572923525 -0.00020547850845661014 0.0013837310821982101 -0.0071071112866764891 -0.00037976085891388358 0.00036977160860504952 0.0015762059938246383 0.0044687308334978295 -0.0042347339516943319 0.00017124002275499515 0.0001111249455747893 -6.5891460212878883e-05 0.0034767783485362305 0.00064453254460170863 0.0031297460439736022 -0.0021907266742279756 4.2488543793791894e-05 -0.00030879400781448927 -0.00059795802422706035 0.0082395558881694451 -0.00088901401432882993
leaf_weight=73 333 2433 138 138 726 440 1702 6187 197 380 1365 442 360 1923 362 1186 2747 669 820 269 1781 1988 396 371 430 359 293 1196 119 921
leaf_count=73 333 2433 138 138 726 440 1702 6187 197 380 1365 442 360 1923 362 1186 2747 669 820 269 1781 1988 396 371 430 359 293 1196 119 921
internal_value=-0.000236144 -0.00518648 0.00457262 0.0109213 -0.00611879 0.00237067 -0.00699725 -0.00851086 0.0170103 0.00455696 0.00149374 0.00243846 -0.00161805 -0.00444904 0.0142821 0.00101266 0.00498446 -0.00331671 0.00740959 0.0173422 0.00109312 0.0183813 -0.00571831 0.01131 -0.0110886 0.00638889 0.00533469 -0.00149068 0.00341772 -0.00504776
internal_weight=30744 15149 15595 4016 14547 11579 13441 10543 2813 1106 10785 9424 3634 4356 794 2844 5790 1203 3567 602 2223 2675 1065 687 790 432 1479 2898 316 1361
internal_count=30744 15149 15595 4016 14547 11579 13441 10543 2813 1106 10785 9424 3634 4356 794 2844 5790 1203 3567 602 2223 2675 1065 687 790 432 1479 2898 316 1361
is_linear=0
shrinkage=0.03


Tree=3
num_leaves=31
num_cat=0
split_feature=3 2 1 6 1 2 4 6 11 4 10 8 11 6 11 4 8 10 11 3 3 6 3 11 1 11 8 1 11 6
split_gain=723.933 327.875 251.152 349.174 159.648 92.0328 107.191 84.0508 67.4416 64.9276 57.6219 57.0825 54.5017 98.61 76.1918 63.4836 52.1297 51.4451 48.098 44.5164 43.5941 41.2047 40.3295 39.0463 36.8846 36.0685 35.88 33.2095 32.9166 52.3684
threshold=176.50000000000003 1.175 4.1650000000000009 1.1577220402854567 8.8950000000000014 4.8850000000000007 20.850000000000005 1.1051156076626878 -0.92923668111203805 16.050000000000004 1.0000000180025095e-35 1.7708633085613623 0.84773968378660736 1.1878047050621545 0.039769539193789977 28.750000000000004 501.82875642852849 1.0000000180025095e-35 -0.0053757284505435614 48.500000000000007 64.500000000000014 1.1695586813694552 66.500000000000014 -0.91597725483594616 5.0750000000000011 -0.93545489084327571 0.51837097263067433 6.9350000000000014 -0.97113884758256674 1.1569265417570926
decision_type=2 8 2 2 2 8 2 2 2 2 2 2 2 2 2 2 2 2 2 2 2 2 2 2 2 2 2 2 2 2
left_child=2 26 8 7 5 10 18 17 28 -6 23 -10 14 -14 15 -13 -8 -4 21 -5 25 -7 -15 -3 -21 -9 -2 -22 29 -1
right_child=1 4 3 19 9 6 16 20 11 -11 -12 12 13 22 -16 -17 -18 -19 -20 24 27 -23 -24 -25 -26 -27 -28 -29 -30 -31
leaf_value=-0.00038387400105136448 0.00019979119517446844 0.00099687427013788734 -0.0046876919164542015 -0.0010845604308288173 0.00014440271119809143 -0.0028539993725211639 -0.0038958872609659839 -0.0031340534771833479 0.0003424461623464117 -0.00041444782660013992 -0.00035214433027499353 0.0011230313320038747 0.00045393680738587869 -0.00010495175408455542 -0.00025699097774296067 -0.00042498916225424972 -0.0074098875128552127 0.0010893230031024759 -0.0037785233993306564 0.0044362751914495324 0.0022027331153306085 0.00013698073483935558 0.0061189190421507226 -0.00013644364068038294 0.0028114751128786894 0.001596203176365802 0.00010829119694025604 0.0026268535564985219 -0.0003714146969604771 0.0010619070721330354
leaf_weight=540 357 433 401 80 590 1059 1588 152 706 360 2826 4208 1188 90 3064 315 1174 365 2755 888 476 1271 531 2364 1167 237 372 250 546 391
leaf_count=540 357 433 401 80 590 1059 1588 152 706 360 2826 4208 1188 90 3064 315 1174 365 2755 888 476 1271 531 2364 1167 237 372 250 546 391
internal_value=-0.000349336 -0.00502013 0.00418788 0.0106524 -0.00601248 -0.00685078 -0.00894992 0.00122807 0.00194576 0.00587368 -0.00392139 0.00282122 0.00220307 0.00688226 0.00108739 0.0035618 -0.0137075 -0.00642298 -0.00636578 0.0189555 0.0064843 -0.00319313 0.01657 -0.000868788 0.0198102 -0.00161954 0.0146091 0.0108264 -0.00404198 -0.000612245
internal_weight=30744 15149 15595 4016 14420 13470 7847 1881 11579 950 5623 10102 9396 1809 7587 4523 2762 766 5085 2135 1115 2330 621 2797 2055 389 729 726 1477 931
internal_count=30744 15149 15595 4016 14420 13470 7847 1881 11579 950 5623 10102 9396 1809 7587 4523 2762 766 5085 2135 1115 2330 621 2797 2055 389 729 726 1477 931
is_linear=0
shrinkage=0.03


Tree=4
num_leaves=31
num_cat=0
split_feature=3 8 1 5 8 13 8 3 12 13 4 2 11 12 1 12 5 4 5 3 4 5 1 3 2 12 4 11 12 8
split_gain=680.03 293.583 246.091 358.96 157.863 113.095 114.584 100.45 95.8787 76.0529 88.4817 118.491 62.8471 61.1025 60.6346 59.505 59.0324 56.7384 52.2881 46.9771 40.1965 40.2025 39.2627 37.874 36.7255 34.5381 38.2753 33.9648 33.7997 35.5815
threshold=176.50000000000003 1.9771182734154327 4.1650000000000009 950.75000000000011 2207.2798194249608 9.5000000000000018 207.35604312984452 48.500000000000007 -0.46039597980994923 2.5000000000000004 11.250000000000002 5.8050000000000006 -0.32614396506100213 0.080547328232315238 1.2550000000000001 -0.42958798411962301 951.95000000000016 9.8500000000000032 946.85000000000002 67.500000000000014 21.050000000000004 950.75000000000011 5.0750000000000011 45.500000000000007 3.3750000000000004 -0.6523320455745395 28.750000000000004 -0.98523971305672675 0.95936279103287792 103.64532802297764
decision_type=2 2 2 2 2 2 2 2 2 2 2 10 2 2 2 2 2 2 2 2 2 2 2 2 10 2 2 2 2 2
left_child=2 -2 9 17 5 6 16 -5 -6 -1 12 14 -11 15 -12 -9 24 -4 -13 -17 21 -8 -15 -14 -3 26 -16 -18 29 -25
right_child=1 4 3 7 8 -7 20 13 -10 10 11 18 23 22 25 19 27 -19 -20 -21 -22 -23 -24 28 -26 -27 -28 -29 -30 -31
leaf_value=-0.00014034194006390478 0.00016889996019576261 0.00021743862422327106 0.0025843376186098724 -0.0032415297312175847 -0.0015740143939181005 -0.00013395492970543735 -0.0011985354780614697 0.0065409098482718427 0.00016547284369036906 0.00044676900175436197 0.00047162953641314811 -0.0086348036650059669 -9.9303201052236824e-05 0.0043786868726443315 0.0022325375965364354 -0.0019916859336524644 0.0012296436559199745 -0.0023730612384731714 -0.0020044887087462635 0.0041860478494889488 -0.0059275506858502891 -0.0050339071930537932 0.0027896307998876843 0.0015197377788824401 -0.0011554188811857759 -0.00016291130240780069 -0.00027223946443883393 -0.00053280370398327531 0.0015337883187852687 0.0078917853908722219
leaf_weight=2386 780 1261 138 138 287 2859 720 202 819 2666 809 255 67 826 832 184 123 1065 517 207 2166 2280 1256 513 1690 1811 367 2164 790 566
leaf_count=2386 780 1261 138 138 287 2859 720 202 819 2666 809 255 67 826 832 184 123 1065 517 207 2166 2280 1256 513 1690 1811 367 2164 790 566
internal_value=-0.000398126 -0.00492508 0.00399936 0.0103984 -0.00589811 -0.00680615 -0.00825836 0.0162638 0.00499096 0.00177995 0.0030186 7.18798e-05 0.00595828 0.0175514 0.00223881 0.00905565 -0.00513173 -0.00331671 -0.0106477 0.00222506 -0.0114286 -0.00918 0.0199712 0.0100723 -0.00232802 0.00027907 0.00422852 -0.00874945 0.0108668 0.0143188
internal_weight=30744 15149 15595 4016 14369 13263 10404 2813 1106 11579 9193 4591 4602 2675 3819 593 5238 1203 772 391 5166 3000 2082 1936 2951 3010 1199 2287 1869 1079
internal_count=30744 15149 15595 4016 14369 13263 10404 2813 1106 11579 9193 4591 4602 2675 3819 593 5238 1203 772 391 5166 3000 2082 1936 2951 3010 1199 2287 1869 1079
is_linear=0
shrinkage=0.03


Tree=5
num_leaves=31
num_cat=0
split_feature=3 1 5 2 1 13 8 3 10 12 13 11 5 2 12 12 12 10 12 3 12 5 1 15 3 10 5 12 12 11
split_gain=632.434 254.728 350.148 209.29 158.955 123.228 103.985 98.9112 64.4185 62.7685 61.5721 82.1086 63.9864 126.947 59.6628 57.7552 51.9737 52.4095 51.0575 70.4407 49.6672 42.192 41.3399 40.3765 39.5446 36.156 37.5721 35.9255 89.2008 35.4714
threshold=176.50000000000003 4.1650000000000009 950.75000000000011 1.2050000000000003 8.8950000000000014 9.5000000000000018 207.35604312984452 48.500000000000007 0.60355339059327384 -0.46800559042974538 1.5000000000000002 -0.92923668111203805 948.45000000000016 6.1550000000000011 0.080547328232315238 -0.42958798411962301 0.93469109537144635 0.25881904510252057 0.65071284653328287 47.500000000000007 0.92519182738459482 951.85000000000002 5.0750000000000011 0.46062500000000012 66.500000000000014 -0.5 969.6500000000002 0.2332836900311728 0.18281312110578132 0.99818282439137029
decision_type=2 2 2 8 2 2 2 2 2 2 2 2 2 10 2 2 2 2 2 2 2 2 2 10 2 2 2 2 2 2
left_child=1 10 16 -2 5 6 8 -4 21 -6 25 27 13 -13 15 -9 17 -3 19 -14 -20 -5 -16 -7 -17 -1 -27 28 -12 -8
right_child=3 2 7 4 9 23 29 14 -10 -11 11 12 18 -15 22 24 -18 -19 20 -21 -22 -23 -24 -25 -26 26 -28 -29 -30 -31
leaf_value=0.00032456090548843661 0.0001474754630271129 -0.0039427067532992006 -0.0031442838392810564 -1.5555549342559614e-05 -0.0015267939621005577 0.00041961268119463871 -0.0050090823345812002 0.0063446825528236869 -0.00068646932700186438 0.00013806170750132121 -0.00014164321558846375 0.00026942894002552389 -0.00015217403129101824 -0.0073980094325086379 0.004247326266465002 -0.0019777015401223155 0.0026048073608287065 0.00084253889983412636 -1.3595726319635767e-05 0.0021246534389899297 0.0023897251927495187 -0.00033681956335947786 0.0027059418758910532 -0.00057040732893677245 0.0037945768044031357 -0.00075442360180500378 0.0051595051459654819 -0.0005411753395898446 0.0066898452621522771 0.0006313496126050393
leaf_weight=464 797 675 138 2114 263 1703 5090 202 1431 687 1044 1929 264 334 826 171 115 413 2014 3257 868 1685 1256 1223 220 940 32 309 124 156
leaf_count=464 797 675 138 2114 263 1703 5090 202 1431 687 1044 1929 264 334 826 171 115 413 2014 3257 868 1685 1256 1223 220 940 32 309 124 156
internal_value=-0.000472287 0.00376852 0.0102789 -0.00483794 -0.0056689 -0.00650948 -0.00802978 0.0160718 -0.00503633 0.00618947 0.00151049 0.00233363 0.00344796 -0.000888202 0.0173495 0.00895447 -0.00326683 -0.00529412 0.00498048 0.00740415 0.00201943 -0.00299289 0.0197406 -0.0010663 0.00222506 -0.00430362 -0.00759259 -0.00420447 -0.00179795 -0.0110141
internal_weight=30744 15595 4016 15149 14352 13402 10476 2813 5230 950 11579 10143 8666 2263 2675 593 1203 1088 6403 3521 2882 3799 2082 2926 391 1436 972 1477 1168 5246
internal_count=30744 15595 4016 15149 14352 13402 10476 2813 5230 950 11579 10143 8666 2263 2675 593 1203 1088 6403 3521 2882 3799 2082 2926 391 1436 972 1477 1168 5246
is_linear=0
shrinkage=0.03


Tree=6
num_leaves=31
num_cat=0
split_feature=12 8 1 13 10 5 8 10 5 6 8 6 6 8 12 6 12 1 12 10 9 12 9 1 9 2 13 5 1 5
split_gain=355.113 282.532 277.065 80.8308 89.993 75.3714 106.262 97.364 62.4505 66.4765 56.9149 55.6759 54.1792 49.7815 48.8419 42.0325 50.6209 38.3155 36.2346 33.2924 32.2757 31.507 30.8881 30.5236 30.088 29.2107 32.9318 29.1161 29.0354 28.0996
threshold=-0.031174269516803289 28.286604400825674 4.1050000000000013 2.5000000000000004 -0.60355339059327384 948.75000000000011 377.40887080546906 1.0000000180025095e-35 960.05000000000007 1.2282797402067087 2.2318295331102358 1.1310666229210382 1.151673328899796 898.11621005009749 -0.9260227363677036 1.2144841802529631 0.66367808336324663 8.8950000000000014 0.33222858587828868 -0.70710678118654757 -0.37940952255126059 0.86004965528756494 0.60355339059327384 1.6150000000000004 0.37940952255126054 6.3650000000000011 9.5000000000000018 950.75000000000011 2.0050000000000003 947.6500000000002
decision_type=2 2 2 2 2 2 2 2 2 2 2 2 2 2 2 2 2 2 2 2 2 2 2 2 2 10 2 2 2 2
left_child=1 14 3 4 -2 6 -3 17 13 24 21 27 -5 15 -1 18 -17 -7 -4 -14 28 -6 -15 -16 -10 29 -27 -9 -12 -21
right_child=2 5 8 12 10 7 -8 11 9 -11 20 -13 19 22 23 16 -18 -19 -20 25 -22 -23 -24 -25 -26 26 -28 -29 -30 -31
leaf_value=0.0013059327756987163 0.00066482405187422242 -0.0013449194349605107 -0.00026716173835474852 -0.00026816130391977302 -6.9488044958585172e-06 -0.0020731859470786303 -0.0066487782095207637 0.00020776274608996017 0.0016378216161189408 0.00082672880226926121 -0.00034779087551183231 -0.00069471158498617569 0.0013270243118601646 0.00033541986206352006 0.0002745705426706728 -0.0082138783035844466 0.00051566559316244831 0.00011141985608070383 0.004490101929148645 0.0052653532034067346 -0.00089048844266217562 6.2649611974301979e-05 0.0013488829234805672 -0.00015246410686169286 0.0053738214908895816 0.0061357362310167389 0.0010371754335518929 0.0029464068445332081 -9.3790892551310145e-05 -2.944442844936199e-06
leaf_weight=579 1023 3374 599 615 93 2403 1912 349 304 1012 440 2012 1669 945 1677 119 310 269 760 107 1266 152 460 971 615 280 751 380 646 4652
leaf_count=579 1023 3374 599 615 93 2403 1912 349 304 1012 440 2012 1669 945 1677 119 310 269 760 107 1266 152 460 971 615 280 751 380 646 4652
internal_value=-0.000472287 -0.00401551 0.00246165 -8.72242e-05 -0.00381215 -0.00636228 -0.00891033 -0.00387401 0.00827869 0.0125375 -0.0067809 9.85042e-05 0.00158286 0.0057031 0.00376511 0.00238255 -0.0058042 -0.0079491 0.00496689 0.00228851 -0.00821429 0.00697959 0.00992883 0.00203927 0.0183787 0.00121244 0.00579049 0.00720165 -0.00441989 0.000220635
internal_weight=30744 13926 16818 11694 3620 10699 5286 5413 5124 1931 2597 2741 8074 3193 3227 1788 429 2672 1359 7459 2352 245 1405 2648 919 5790 1031 729 1086 4759
internal_count=30744 13926 16818 11694 3620 10699 5286 5413 5124 1931 2597 2741 8074 3193 3227 1788 429 2672 1359 7459 2352 245 1405 2648 919 5790 1031 729 1086 4759
is_linear=0
shrinkage=0.03


Tree=7
num_leaves=31
num_cat=0
split_feature=3 8 12 8 8 13 8 4 12 15 12 8 6 8 13 6 12 2 10 12 2 9 8 12 10 12 2 15 13 10
split_gain=615.644 199.916 208.584 136.41 156.017 92.8183 82.1692 74.3741 73.4016 59.6224 50.0791 48.1341 44.4883 38.9688 38.2567 60.6244 110.529 68.2145 59.7681 66.6812 45.3962 42.6688 63.187 37.0635 36.2123 34.8007 34.0528 34.0485 33.2891 32.7428
threshold=170.50000000000003 658.46569982226526 -0.056951011027366626 1.9771182734154327 2207.2798194249608 8.5000000000000018 323.86308700602405 27.050000000000004 -0.46039597980994923 0.034504830917874395 -0.57077231802681661 28.286604400825674 1.1174853470316641 964.99490188883351 1.5000000000000002 1.1577220402854567 -0.39827153806311183 2.9750000000000005 -0.37940952255126015 0.61067742788105683 1.3150000000000002 0.25881904510252091 171.43546018270584 0.18281312110578132 -0.12940952255126037 0.97062204580664158 2.7650000000000001 0.53336805555555566 2.5000000000000004 0.60355339059327384
decision_type=2 2 2 2 2 2 2 2 2 8 2 2 2 2 2 2 2 10 2 2 10 2 2 2 2 2 10 10 2 2
left_child=1 7 -3 -2 5 6 10 9 -6 25 11 -5 -8 -4 20 16 21 28 -19 -20 -11 22 -16 -18 26 -1 -9 -7 -17 -13
right_child=3 2 13 4 8 27 12 24 -10 14 -12 29 -14 -15 15 17 23 18 19 -21 -22 -23 -24 -25 -26 -27 -28 -29 -30 -31
leaf_value=-5.4872208720215393e-05 0.00017447789593604541 -0.0010593925244633728 0.0040426101280705076 0.00047948503684179506 -0.0013036718229666876 -0.00010188712306227586 -0.0071093320722770813 4.9643414013364287e-05 0.00015723215988176949 0.0001727937122658454 -0.00054113071599074718 -0.00072916307345157816 -0.00480734750483404 0.0019054618456684669 0.0014424458705711227 -0.00017516488415264905 -0.00042808292761688227 0.0061915378597319154 0.0040354310284736123 0.00042758914282344949 -0.00030012065694151141 0.0048195025494257894 -0.0025031693139552576 0.00058263260393011038 0.00063019241358506313 -0.0030811207104515814 -0.0019309674872308093 -0.00068828928622100254 0.00020121254658526323 -0.0021037882119761529
leaf_weight=307 876 481 843 749 287 3116 1290 259 819 100 2919 1573 2126 797 1022 228 1323 1545 1601 1691 1139 526 358 396 447 185 622 1258 1396 465
leaf_count=307 876 481 843 749 287 3116 1290 259 819 100 2919 1573 2126 797 1022 228 1323 1545 1601 1691 1139 526 358 396 447 185 622 1258 1396 465
internal_value=-0.000501561 0.00377309 0.0123197 -0.00471766 -0.00540748 -0.0062952 -0.00801798 0.00239407 0.00542495 0.00315055 -0.00581493 -0.00293864 -0.0116979 0.0174146 0.0035947 0.00420583 0.00110069 0.005948 0.00773413 0.00544957 -0.00138015 0.00607555 0.00330435 -0.00441536 -0.00433735 -0.00707317 -0.00786606 -0.00270233 0.000628079 -0.00532875
internal_weight=30744 15266 2121 15478 14602 13496 9122 13145 1106 11817 5706 2787 3416 1640 11325 10086 3625 6461 4837 3292 1239 1906 1380 1719 1328 492 881 4374 1624 2038
internal_count=30744 15266 2121 15478 14602 13496 9122 13145 1106 11817 5706 2787 3416 1640 11325 10086 3625 6461 4837 3292 1239 1906 1380 1719 1328 492 881 4374 1624 2038
is_linear=0
shrinkage=0.03


Tree=8
num_leaves=31
num_cat=0
split_feature=3 1 5 1 7 13 3 7 10 12 6 4 15 10 13 4 7 13 5 9 10 12 10 7 10 10 10 4 12 1
split_gain=573.299 258.546 316.954 142.58 123.361 119.163 95.0317 65.919 60.9546 52.7269 51.7138 51.0364 47.7898 45.6455 43.2675 84.5453 80.0123 70.4241 59.2819 57.2917 51.5886 52.4351 49.9338 58.6511 48.902 45.1189 43.2775 42.7071 40.9639 48.9169
threshold=176.50000000000003 4.1650000000000009 950.75000000000011 8.8950000000000014 5.5924925000000014 9.5000000000000018 48.500000000000007 188.62587050000005 0.37940952255126048 -0.4755978891912595 1.1524122320730961 9.8500000000000032 0.46062500000000012 0.25881904510252057 2.5000000000000004 9.6500000000000004 195.6174705 9.5000000000000018 947.95000000000016 0.25881904510252091 -0.12940952255126037 -0.59867820553660911 -0.5 3.5466925000000007 -0.12940952255126037 0.25881904510252057 0.1294095225512602 21.050000000000004 -0.42958798411962301 6.5550000000000006
decision_type=2 2 2 2 2 2 2 2 2 2 2 2 10 2 2 2 2 2 2 2 2 2 2 2 2 2 2 2 2 2
left_child=1 14 11 4 -2 7 -4 8 -6 -5 28 -3 -7 -13 22 17 20 19 -18 -16 -17 -22 -1 -24 -19 -21 -20 -9 -8 -30
right_child=3 2 6 9 5 12 10 27 -10 -11 -12 13 -14 -15 15 16 18 24 26 25 21 -23 23 -25 -26 -27 -28 -29 29 -31
leaf_value=0.00094838296197697237 3.185847377858168e-05 0.0023614368179947559 -0.0032130675016045019 -0.0015656674780798829 -0.00034689679886216389 0.00051316925903109611 0.0060749453647166484 -0.0037257119041330163 -0.00080927663624424473 0.00012754423883383601 0.0029592901084816632 -0.0037478115701926351 -0.00077015985790364924 0.00084537331606690665 0.0056105833342079648 -9.5671745398761418e-05 -0.0078559369345901787 0.0030998181296742113 -0.0032930263992870159 -0.00036864954055358353 0.001796600687775115 -5.4341118827683308e-06 4.125432187462285e-05 -0.00069864256619871397 4.1877856278448103e-05 0.0015682777539085227 0.0023432053871955297 -0.0055089394172399969 -0.00090360731111136655 0.0025774360810401024
leaf_weight=757 1516 138 138 248 3099 1589 202 2980 1725 702 1988 669 1145 396 683 1665 339 1166 224 60 1216 1281 142 1487 2100 142 317 2145 286 199
leaf_count=757 1516 138 138 248 3099 1589 202 2980 1725 702 1988 669 1145 396 683 1665 339 1166 224 60 1216 1281 142 1487 2100 142 317 2145 286 199
internal_value=-0.000526932 0.00351074 0.0100697 -0.00468348 -0.0054363 -0.00640306 0.0155812 -0.00792743 -0.00541045 0.00656842 0.0168336 -0.00281796 -0.000855889 -0.00504225 0.00123586 0.00217013 -0.000440301 0.00534088 -0.00865909 0.0128475 0.00129745 0.00402483 -0.00236379 -0.00532228 0.0033068 -0.00118812 -0.00249538 -0.0102966 0.00973799 0.00501031
internal_weight=30744 15595 4016 15149 14199 12683 2813 9949 4824 950 2675 1203 2734 1065 11579 9193 5042 4151 880 885 4162 2497 2386 1629 3266 202 541 5125 687 485
internal_count=30744 15595 4016 15149 14199 12683 2813 9949 4824 950 2675 1203 2734 1065 11579 9193 5042 4151 880 885 4162 2497 2386 1629 3266 202 541 5125 687 485
is_linear=0
shrinkage=0.03


Tree=9
num_leaves=31
num_cat=0
split_feature=12 1 8 13 10 10 8 13 6 12 13 12 1 1 1 1 8 9 2 9 12 14 6 9 1 15 6 8 12 12
split_gain=302.408 275.402 233.505 64.9623 77.2911 55.6016 53.6898 49.425 48.8257 47.7782 42.262 42.1254 38.0989 34.2512 33.2771 33.255 57.3864 30.2884 31.0897 29.9618 29.6352 29.5566 28.7623 27.8027 30.3529 26.6393 24.917 24.2816 24.0406 23.1036
threshold=-0.031174269516803289 4.1050000000000013 38.616000801069639 2.5000000000000004 -0.60355339059327384 -0.37940952255126015 3.0744075762002403 6.5000000000000009 1.1569265417570926 -0.9260227363677036 10.500000000000002 -0.79904327102181261 1.6150000000000004 2.0550000000000002 5.5450000000000008 8.8950000000000014 335.02379275181062 0.37940952255126054 16.550000000000001 0.60355339059327384 0.86004965528756494 0.86916666666666675 1.1448120797600334 -0.37940952255126059 2.0050000000000003 0.73614583333333339 1.2619754206078018 207.35604312984452 0.63755505330306683 0.84199059757024453
decision_type=2 2 2 2 2 2 2 2 2 2 2 2 2 2 2 2 2 2 10 2 2 10 2 2 2 10 2 2 2 2
left_child=2 3 9 4 28 15 20 19 -5 -1 14 27 -11 -10 22 16 -4 18 -16 -7 -6 -12 -3 24 -8 -24 -19 -9 -2 -26
right_child=1 10 5 8 6 7 23 11 13 12 21 -13 -14 -15 17 -17 -18 26 -20 -21 -22 -23 25 -25 29 -27 -28 -29 -30 -31
leaf_value=0.0012160016723202212 0.0044327293434219218 -0.0034269357143255469 -0.0014037880706065508 -0.00020321356460766747 -7.6589944264115858e-06 -0.0010232139327316953 -0.00035908637228231055 -0.001578003867077727 -6.0158523641897285e-06 0.00024633368637477158 0.0014890937804505336 -0.0011719525326734364 -0.00020486204729271094 0.0015307851897331649 0.00018776092054196395 5.6360486212525518e-05 -0.0052356906186538082 0.0018754364143943616 9.2813968257330061e-05 0.00045547595091908084 2.9981616444629086e-05 0.0020834012308821874 0.001958303458443892 -0.00091061336282046562 0.0018827164915873782 -0.00262194892262778 -0.0094159701917582248 -0.0082423314041256222 0.00022096390975564391 -0.0018960143603129235
leaf_weight=679 136 135 1916 877 110 1904 423 602 3283 1779 1270 2039 1303 3914 655 313 1823 1060 51 1016 179 475 1296 1239 275 137 45 552 887 371
leaf_count=679 136 135 1916 877 110 1904 423 602 3283 1779 1270 2039 1303 3914 655 313 1823 1060 51 1016 179 475 1296 1239 275 137 45 552 887 371
internal_value=-0.000556206 0.00215127 -0.00382594 -0.000389944 -0.00372928 -0.00618888 -0.00648055 -0.00438246 0.00110726 0.00256049 0.00795082 -0.0069621 0.000973394 0.00192163 0.0059929 -0.00891412 -0.00970045 0.00876311 0.00390935 -0.00156164 0.00570934 0.0117421 0.00279337 -0.00800693 -0.00446211 0.00404047 0.0118643 -0.0115425 0.00325513 -0.000371517
internal_weight=30744 16818 13926 11694 3620 10165 2597 6113 8074 3761 5124 3193 3082 7197 3379 4052 3739 1811 706 2920 289 1745 1568 2308 1069 1433 1105 1154 1023 646
internal_count=30744 16818 13926 11694 3620 10165 2597 6113 8074 3761 5124 3193 3082 7197 3379 4052 3739 1811 706 2920 289 1745 1568 2308 1069 1433 1105 1154 1023 646
is_linear=0
shrinkage=0.03


Tree=10
num_leaves=31
num_cat=0
split_feature=3 1 6 8 8 13 10 11 13 4 12 2 6 3 8 10 6 10 10 11 1 1 2 1 6 1 4 12 12 9
split_gain=530.619 249.525 294.822 135.349 137.079 99.4472 64.6191 63.0704 74.8573 68.9217 73.6832 65.2134 60.566 58.0407 56.6621 55.7858 49.4662 47.9527 46.4156 43.3905 42.4155 41.5043 51.0373 40.3596 39.3579 41.225 36.8769 35.5032 34.1397 32.5892
threshold=166.50000000000003 4.1050000000000013 1.151673328899796 2207.2798194249608 7.7174203745884151 9.5000000000000018 0.25881904510252057 -0.92923668111203805 2.5000000000000004 10.050000000000002 0.65071284653328287 6.1550000000000011 1.1374649772712131 48.500000000000007 323.86308700602405 0.37940952255126048 1.1071272351669224 -0.12940952255126037 -0.78656609248549325 0.27694220057652758 6.7150000000000007 5.0750000000000011 12.195000000000002 2.1550000000000007 1.1161395329807322 8.1050000000000022 21.450000000000003 -0.59867820553660911 -0.99168640063982161 0.25881904510252091
decision_type=2 2 2 2 2 2 2 2 2 2 2 10 2 2 2 2 2 2 2 2 2 2 10 2 2 2 2 2 2 2
left_child=1 7 6 4 26 14 16 -1 18 10 23 17 -5 -4 15 28 -3 -11 -9 -8 -18 -15 -23 -10 -16 29 -2 -19 -6 -26
right_child=3 2 13 12 5 -7 19 8 9 11 -12 -13 -14 21 24 -17 20 27 -20 -21 -22 22 -24 -25 25 -27 -28 -29 -30 -31
leaf_value=-0.00016176570927107218 -1.9178329390541612e-06 -0.0036876716017806028 -0.002523522303890453 -0.0009425232631939108 0.0017521612808164097 -0.000271521723104468 0.0004566211912719347 0.0014250531438696303 0.0010702852599144266 -0.00010371751793903154 0.00068408916512521735 -0.0039616023280261989 0.00011075668907347338 0.0038070589572903068 -0.0062963833960569876 -0.00088712567168127961 -0.001087727756962302 0.0021443835031525085 -0.0003201860269963197 0.0057484804830786208 0.0018953997216620178 0.0023895913842940457 -5.7900558961092708e-05 0.0064132449509868824 -0.0035734940757405223 0.00047168941246547992 0.00073016640732150647 -1.1057130695225382e-05 -0.00053902777454404942 -0.0077501036940409111
leaf_weight=1392 1341 539 94 315 215 2697 370 465 647 1153 2290 550 791 1012 1340 2082 420 1107 1852 253 200 1207 40 829 1823 269 560 688 3575 628
leaf_count=1392 1341 539 94 315 215 2697 370 465 647 1153 2290 550 791 1012 1340 2082 420 1107 1852 253 200 1207 40 829 1823 269 560 688 3575 628
internal_value=-0.000546448 0.00346307 0.00974365 -0.00442057 -0.00519064 -0.00632117 0.000538721 0.00109633 0.00196326 0.0034609 0.00627722 0.000428816 0.0056962 0.0167148 -0.00770842 -0.00582425 -0.0036497 0.0021981 -0.00273198 0.00833066 0.00212903 0.017676 0.0213392 0.0115041 -0.0104335 -0.00836029 0.00231983 0.00526462 -0.00365699 -0.00958384
internal_weight=30744 15108 4135 15636 14530 12629 1782 10973 9581 7264 3766 3498 1106 2353 9932 5872 1159 2948 2317 623 620 2259 1247 1476 4060 2720 1901 1795 3790 2451
internal_count=30744 15108 4135 15636 14530 12629 1782 10973 9581 7264 3766 3498 1106 2353 9932 5872 1159 2948 2317 623 620 2259 1247 1476 4060 2720 1901 1795 3790 2451
is_linear=0
shrinkage=0.03


Tree=11
num_leaves=31
num_cat=0
split_feature=12 2 8 5 8 10 9 10 13 2 4 4 12 8 5 11 6 11 4 5 5 8 8 6 5 5 15 4 15 12
split_gain=281.943 228.202 201.991 75.2811 77.5104 63.9179 56.1524 54.4931 68.7763 66.4161 50.391 43.6395 43.4834 40.723 37.4802 35.8457 35.0368 38.4756 34.0105 50.6905 28.3386 27.4692 27.3272 26.6343 24.3669 28.5598 24.0525 23.8732 23.9628 22.5071
threshold=-0.031174269516803289 7.0550000000000006 38.616000801069639 948.75000000000011 377.40887080546906 1.0000000180025095e-35 0.60355339059327384 -0.60355339059327384 2.5000000000000004 1.5250000000000001 19.450000000000003 16.850000000000005 -0.9260227363677036 2343.7932002600987 963.25000000000011 0.90892735371523092 1.1630028190940804 0.99818282439137029 -1.0000000180025095e-35 958.75000000000011 950.75000000000011 6135.1367843482576 38.616000801069639 1.2341915262634726 953.25000000000011 943.95000000000016 0.56757638888888906 -7.0499999999999989 0.17628472222222227 -0.082691941062253513
decision_type=2 10 2 2 2 2 2 2 2 8 2 2 2 2 2 2 2 2 2 2 2 2 2 2 2 2 10 2 10 2
left_child=2 7 12 4 -4 13 16 11 9 14 29 22 -1 15 -9 -5 17 -3 -8 -20 -12 27 23 -2 25 -14 -27 28 -18 -7
right_child=1 6 3 5 -6 10 18 8 -10 -11 20 -13 24 -15 -16 -17 21 -19 19 -21 -22 -23 -24 -25 -26 26 -28 -29 -30 -31
leaf_value=0.0011576166299309693 0.00020673655023804036 -0.0026881889840141998 -0.0014004325802557381 -0.0015754386476318383 -0.0059149752307377946 -0.00089775510676466902 0.00065582941393650012 3.6208443430372319e-05 9.0541279620389363e-06 -0.00062297152343604814 -0.00012099574098816569 -0.00047995442812652473 -8.0789259244502061e-05 0.00018017638978967172 -7.5565457718474672e-06 -0.0029703167319759137 -0.0017932084830010514 0.0025515410260646292 0.0013911647625243963 0.0032765313835560533 0.0025427736462218442 6.5097878044944211e-05 0.0020110607067495212 -0.00021394904023453088 -5.8377738406714822e-05 0.00049165941631084916 -9.778946182736187e-05 0.00074343527427655294 0.0022411985692448984 0.00077955043485971578
leaf_weight=679 860 323 3054 1800 1912 1658 381 219 5750 2201 326 295 522 204 119 580 44 46 777 456 451 70 2014 221 616 1691 253 2773 269 180
leaf_count=679 860 323 3054 1800 1912 1658 381 219 5750 2201 326 295 522 204 119 580 44 46 777 456 451 70 2014 221 616 1691 253 2773 269 180
internal_value=-0.000509368 0.00210489 -0.00366652 -0.00586424 -0.00850584 -0.00334103 0.00737303 -0.000213203 -0.00152371 -0.00563608 -3.44168e-05 0.00299115 0.00227333 -0.00668731 0.00674556 -0.00778992 0.00525106 -0.00349593 0.0120074 0.0144282 0.00637066 0.00627376 0.004042 0.000194265 0.000759247 0.00209246 0.00376543 0.00585224 0.0137061 -0.00274211
internal_weight=30744 16818 13926 10165 4966 5199 5139 11679 8289 2539 2615 3390 3761 2584 338 2380 3525 369 1614 1233 777 3156 3095 1081 3082 2466 1944 3086 313 1838
internal_count=30744 16818 13926 10165 4966 5199 5139 11679 8289 2539 2615 3390 3761 2584 338 2380 3525 369 1614 1233 777 3156 3095 1081 3082 2466 1944 3086 313 1838
is_linear=0
shrinkage=0.03


Tree=12
num_leaves=31
num_cat=0
split_feature=12 1 8 5 8 10 5 6 4 10 11 11 1 2 5 11 12 4 11 11 11 8 4 11 12 5 1 12 9 11
split_gain=263.23 236.474 176.494 70.202 67.7396 61.8414 56.4632 67.3878 54.1105 51.7191 46.6308 62.1021 46.4965 44.7514 41.8162 41.3456 40.2679 38.8529 36.5577 41.6139 32.6381 32.176 43.4238 52.9111 32.6357 31.1859 30.1855 30.1168 28.668 57.2206
threshold=-0.031174269516803289 4.1050000000000013 38.616000801069639 948.75000000000011 377.40887080546906 0.1294095225512602 960.05000000000007 1.2296290173896713 19.450000000000003 -0.70710678118654757 0.9193901325473397 0.039769539193789977 8.8950000000000014 1.5250000000000001 959.6500000000002 0.24372619187392155 -0.9260227363677036 14.65 0.9893236546938301 0.99907018497641664 0.90162119223771331 898.11621005009749 0.8500000000000002 0.75580964594513067 0.33222858587828868 950.75000000000011 1.6150000000000004 0.86869874770991873 0.12940952255126045 -0.59869031648930193
decision_type=2 2 2 2 2 2 2 2 2 2 2 2 2 10 2 2 2 2 2 2 2 2 2 2 2 2 2 2 2 2
left_child=2 9 16 4 -4 12 21 28 -7 17 11 -11 20 14 -13 -15 -1 -2 -12 -20 -5 22 23 -3 -24 -10 -18 -23 29 -8
right_child=1 6 3 5 -6 8 7 -9 25 10 18 13 -14 15 -16 -17 26 -19 19 -21 -22 27 24 -25 -26 -27 -28 -29 -30 -31
leaf_value=0.0011228881310330402 0.0010410502135095019 0.00023115617738112251 -0.0013584196028480658 -0.0015806609037387384 -0.0057375259738156621 -0.00058257558519714118 -0.0014216097127756186 0.00063053859488859242 0.00014111756663982605 -6.7428940054807187e-06 0.002830207491989695 0.00012192916615251955 0.00017477109809598153 -0.0016783270542291315 -7.7623117303105081e-06 -0.00038630844896466636 0.00021854173666375164 -0.00023111563713904514 -0.00030861548364884156 0.00094234721113528553 -0.0029497937028401923 0.0001793223585900039 -0.00036070633542440529 -0.0077503172711145341 0.0039950181789530038 0.0033213643688710689 -0.00019892570374955426 0.0015669898367141203 0.0039313337070435135 0.0021212939969238419
leaf_weight=679 2546 295 3054 1899 1912 1761 107 986 267 4791 697 159 304 589 199 1972 1779 315 218 208 635 1014 602 117 774 333 1303 391 694 144
leaf_count=679 2546 295 3054 1899 1912 1761 107 986 267 4791 697 159 304 589 199 1972 1779 315 218 208 635 1014 602 117 774 333 1303 391 694 144
internal_value=-0.00049961 0.0020264 -0.00355019 -0.00560453 -0.00815546 -0.00316792 0.00740047 0.01145 0.000419314 -0.000328374 -0.00146383 -0.00229572 -0.00615222 -0.00574512 0.00418994 -0.00713393 0.00200213 0.00317721 0.00424755 -0.00267606 -0.00748224 0.00495146 0.00228188 -0.00626214 0.00484012 0.0082 0.000545101 0.00834875 0.0171746 0.00848606
internal_weight=30744 16818 13926 10165 4966 5199 5124 1931 2361 11694 8833 7710 2838 2919 358 2561 3761 2861 1123 426 2534 3193 1788 412 1376 600 3082 1405 945 251
internal_count=30744 16818 13926 10165 4966 5199 5124 1931 2361 11694 8833 7710 2838 2919 358 2561 3761 2861 1123 426 2534 3193 1788 412 1376 600 3082 1405 945 251
is_linear=0
shrinkage=0.03


Tree=13
num_leaves=31
num_cat=0
split_feature=3 8 5 8 8 13 5 2 2 2 12 12 8 5 11 11 12 3 12 11 11 11 6 13 12 11 5 5 11 10
split_gain=538.093 167.603 174.822 95.1683 110.505 82.1584 74.2804 93.5385 74.2981 62.1228 62.115 51.2481 50.4439 47.9357 47.4959 45.283 54.1096 61.2186 44.6184 43.8035 41.2794 37.3366 37.94 36.9565 36.222 35.4433 35.2027 35.0692 35.0068 34.3293
threshold=166.50000000000003 658.46569982226526 952.05000000000007 6.3373840800397074 1796.9945253088365 8.5000000000000018 948.6500000000002 6.6450000000000005 6.0850000000000009 12.035000000000002 -0.6523320455745395 -0.84774213365954088 335.02379275181062 953.45000000000016 0.63920241694561786 -0.93545489084327571 0.65071284653328287 57.500000000000007 0.8511460603353429 -0.11692013674435776 0.35846314187849709 -0.68430824382591193 1.0906738812756023 8.5000000000000018 0.64414586362404946 0.24372619187392155 954.05000000000007 955.55000000000007 -0.82415615971448097 -0.37940952255126015
decision_type=2 2 2 2 2 2 2 10 10 10 2 2 2 2 2 2 2 2 2 2 2 2 2 2 2 2 2 2 2 2
left_child=1 6 18 26 5 12 8 10 21 -4 -8 -6 13 28 19 -12 17 23 -3 27 -14 -1 -23 -17 -19 -24 -2 -9 -5 -21
right_child=3 2 9 4 11 -7 7 14 -10 -11 15 -13 20 -15 -16 16 -18 24 -20 29 -22 22 25 -25 -26 -27 -28 -29 -30 -31
leaf_value=-0.00039416097504506146 0.00033079944340070309 -0.001405472391617044 0.0020427534440721146 -0.0012403220771023534 -0.0069703333168855668 -0.00039132406945491396 0.0037292636614784966 0.00079531286134360652 -0.005167250776255696 -0.00012539975089263886 -0.00013870011152260044 7.9374241438357523e-05 -0.0067556485063683704 -0.00079765166037199604 0.0071412507261323175 -0.0002516680990714678 -6.3875614334633599e-06 0.0014913377103716787 0.0019069204062557388 0.0052374084567005704 -0.0041348577474769593 -0.00023818625179520677 0.0035695609017770058 0.0019601186869294476 0.01089910038594254 2.8711898934110489e-05 -7.6044222113304807e-06 0.0078047760163195831 -0.00043613974862338593 -0.0029656923115246323
leaf_weight=494 917 522 1414 208 114 3977 354 374 681 56 1209 1371 1242 1930 737 294 3553 2448 129 160 1874 565 563 121 66 516 799 554 3204 298
leaf_count=494 917 522 1414 208 114 3977 354 374 681 56 1209 1371 1242 1930 737 294 3553 2448 129 160 1874 565 563 121 66 516 799 554 3204 298
internal_value=-0.000526932 0.00351072 0.0113296 -0.00442824 -0.00525 -0.0061737 0.00223377 0.0034284 -0.0020752 0.0170612 0.00195028 0.00248485 -0.00784583 -0.00607638 0.00902967 0.00138474 0.0023789 0.00539775 -0.0016129 0.00575758 -0.0108793 0.000673527 0.00284672 -0.00527711 0.0071599 0.00614458 0.00223776 0.00950431 -0.00393904 -0.00183406
internal_weight=30744 15108 2121 15636 13920 12435 12987 10168 2819 1470 8045 1485 8458 5342 2123 7691 6482 2929 651 1386 3116 2138 1644 415 2514 1079 1716 928 3412 458
internal_count=30744 15108 2121 15636 13920 12435 12987 10168 2819 1470 8045 1485 8458 5342 2123 7691 6482 2929 651 1386 3116 2138 1644 415 2514 1079 1716 928 3412 458
is_linear=0
shrinkage=0.03


Tree=14
num_leaves=31
num_cat=0
split_feature=3 1 6 2 2 13 5 2 10 3 11 13 4 2 15 6 11 10 10 6 5 2 1 11 3 11 10 2 9 10
split_gain=512.286 241.855 262.131 85.6024 104.324 78.1575 64.066 64.0593 58.7962 55.1307 54.9077 53.9751 60.0683 57.5634 47.793 46.5441 46.0136 45.7428 45.1784 44.5083 41.8028 41.5621 48.794 40.9695 39.3407 37.716 35.4161 44.1454 33.3457 30.7014
threshold=166.50000000000003 4.1050000000000013 1.151673328899796 1.7750000000000001 11.355000000000002 9.5000000000000018 949.55000000000007 6.0150000000000006 -0.5 48.500000000000007 -0.92923668111203805 2.5000000000000004 10.050000000000002 6.1550000000000011 0.46062500000000012 1.1319237279428873 0.89787622492179153 0.25881904510252057 -0.12940952255126037 1.1719670104778428 945.85000000000002 12.035000000000002 5.0750000000000011 -0.92923668111203805 64.500000000000014 -0.89406062840022227 -0.9159756150367534 1.5250000000000001 0.25881904510252091 0.25881904510252057
decision_type=2 2 2 8 10 2 2 8 2 2 2 2 2 10 10 2 2 2 2 2 2 10 2 2 2 2 2 10 2 2
left_child=1 10 6 -2 5 7 17 8 -5 -4 -1 26 16 18 23 -6 -13 -3 -14 -10 -15 22 -11 -7 -8 -25 -12 -28 -18 -26
right_child=3 2 9 4 15 14 24 -9 19 21 11 12 13 20 -16 -17 28 -19 -20 -21 -22 -23 -24 25 29 -27 27 -29 -30 -31
leaf_value=-0.00016194080959308456 2.2652808805358678e-05 -0.0039507229291103636 -0.0027320162554811079 -0.00016215797974537729 -0.0015074065139375199 0.0017796670711638094 -0.00053823562835171688 -0.0047141260138752568 -0.00052139550440719127 0.0035862153660806704 0.0016781476707111226 0.0010918409087790546 -0.00013534199560053537 -0.0095548142493585824 -0.00082584554318969208 8.4922068081099553e-05 0.0047535320838436928 0.00095695294601357646 0.0010581075993040328 -0.00092794820275704374 -0.0010707178498624672 -9.5433868456804672e-05 0.0021826996437839556 -0.0026658829358663298 0.0015164837295956652 -0.00010169723427133848 2.0078691881061049e-05 -0.00048535106370377595 0.00018289022132956422 0.0068447211860538752
leaf_weight=1392 1742 537 94 1810 459 591 320 4298 2580 1012 288 3027 1153 158 1072 1157 571 352 1795 968 392 47 1200 60 410 899 171 1858 168 163
leaf_count=1392 1742 537 94 1810 459 591 320 4298 2580 1012 288 3027 1153 158 1072 1157 571 352 1795 968 392 47 1200 60 410 899 171 1858 168 163
internal_value=-0.000567916 0.00337172 0.00955502 -0.00437452 -0.0051605 -0.0061036 0.000875421 -0.00735087 -0.00516237 0.0161283 0.00104165 0.00185054 0.00312225 0.000291595 -0.0015103 0.00200495 0.00575146 -0.00482565 0.00195387 -0.00740699 -0.00861818 0.0170651 0.0176582 0.00185806 0.00655095 -0.0019708 -0.00213638 -0.00353376 0.0124628 0.0112565
internal_weight=30744 15108 4135 15636 13894 12278 1782 9656 5358 2353 10973 9581 7264 3498 2622 1616 3766 889 2948 3548 550 2259 2212 1550 893 959 2317 2029 739 573
internal_count=30744 15108 4135 15636 13894 12278 1782 9656 5358 2353 10973 9581 7264 3498 2622 1616 3766 889 2948 3548 550 2259 2212 1550 893 959 2317 2029 739 573
is_linear=0
shrinkage=0.03


Tree=15
num_leaves=31
num_cat=0
split_feature=12 1 8 5 5 6 10 8 10 13 8 1 6 12 5 11 11 11 5 1 6 1 2 11 5 12 1 8 6 11
split_gain=219.352 213.006 152.441 61.9895 53.8585 65.5878 53.3226 52.3514 48.2885 66.1888 53.2954 42.847 39.6353 36.1093 35.8264 31.87 30.6357 47.9233 30.5378 28.2963 26.8716 31.4208 29.527 26.4834 37.9273 26.341 26.184 26.0305 40.384 46.7765
threshold=-0.031174269516803289 4.1050000000000013 38.616000801069639 948.75000000000011 960.05000000000007 1.2296290173896713 0.1294095225512602 377.40887080546906 -0.70710678118654757 2.5000000000000004 4.7511700992975259 8.8950000000000014 1.1310666229210382 -0.94426098523567992 963.25000000000011 0.90162119223771331 -0.32614396506100213 -0.28519255817492867 951.75000000000011 1.6050000000000002 1.1630028190940804 0.97500000000000009 6.0150000000000006 -0.70291267844185523 959.85000000000002 -0.95998493203694346 1.9750000000000003 898.11621005009749 1.2144841802529631 0.75580964594513067
decision_type=2 2 2 2 2 2 2 2 2 2 2 2 2 2 2 2 2 2 2 2 2 2 10 2 2 2 2 2 2 2
left_child=2 8 13 7 27 -6 11 -4 20 10 14 15 18 25 -10 -5 23 -18 -8 -15 22 -22 -2 24 -11 -1 -12 28 -3 -30
right_child=1 4 3 6 5 -7 12 -9 9 16 26 -13 -14 19 -16 -17 17 -19 -20 -21 21 -23 -24 -25 -26 -27 -28 -29 29 -31
leaf_value=0.00071880651231654737 -1.3581278440523538e-05 0.0025238798305511809 -0.0012907049277818875 -0.0014654413062294939 0.0026306317224173573 0.0005266269828340485 0.00078808610826471459 -0.0052467355241412068 4.2991528056325529e-05 -6.959825952558671e-05 -0.00038019188696049479 0.00017894314167751996 -0.00040300752140061353 0.00021613439136199673 -8.852183574044186e-06 -0.0028282275937342202 0.0058080409306978864 0.00044704522600931838 0.0044076985447260133 -0.00018704027131796449 -0.0001002610925149659 0.0015470639426203539 -0.0065273902704021235 -0.00016598036789372095 0.0015177895752925997 0.0025406135391919707 -0.00097473022419352013 0.00041527606409256428 7.5934326422484903e-05 -0.0072625036159633949
leaf_weight=409 385 1359 3054 1899 945 986 356 1912 242 1645 764 304 1837 1785 129 635 112 2297 168 1407 265 2137 74 1387 687 160 1570 1405 310 119
leaf_count=409 385 1359 3054 1899 945 986 356 1912 242 1645 764 304 1837 1785 129 635 112 2297 168 1407 265 2137 74 1387 687 160 1570 1405 310 119
internal_value=-0.000532787 0.0017731 -0.00331754 -0.00522676 0.00687354 0.0108286 -0.0029371 -0.00762384 -0.000461775 -0.00155893 -0.00546765 -0.00570825 0.000393901 0.0018426 0.00509434 -0.006985 0.000166449 0.00280199 0.00767176 0.000601504 0.00292555 0.0041965 -0.00372549 -0.00154074 0.000411664 0.00880492 -0.00714653 0.00448168 0.00208054 -0.00594406
internal_weight=30744 16818 13926 10165 5124 1931 5199 4966 11694 8833 2705 2838 2361 3761 371 2534 6128 2409 524 3192 2861 2402 459 3719 2332 569 2334 3193 1788 429
internal_count=30744 16818 13926 10165 5124 1931 5199 4966 11694 8833 2705 2838 2361 3761 371 2534 6128 2409 524 3192 2861 2402 459 3719 2332 569 2334 3193 1788 429
is_linear=0
shrinkage=0.03


Tree=16
num_leaves=31
num_cat=0
split_feature=3 1 6 2 8 13 10 7 5 5 3 11 13 5 2 2 1 3 11 1 12 5 12 6 11 5 5 6 10 8
split_gain=490.242 236.343 251.719 72.564 78.0613 63.2242 62.2514 59.2799 58.0091 54.8985 53.6421 53.4081 50.265 58.292 78.7521 50.2099 53.8518 49.9782 43.7951 43.3554 42.8728 42.8284 41.2834 56.1321 34.4901 37.7838 41.9307 44.7237 33.5692 36.4523
threshold=166.50000000000003 4.1050000000000013 1.151673328899796 1.2650000000000003 1796.9945253088365 8.5000000000000018 0.25881904510252057 78.128617500000004 952.05000000000007 947.95000000000016 48.500000000000007 -0.92923668111203805 2.5000000000000004 948.25000000000011 5.7750000000000012 11.875000000000002 5.0750000000000011 58.500000000000007 0.27694220057652758 6.3150000000000004 -0.6523320455745395 952.75000000000011 0.65071284653328287 1.1904346940799597 -0.15101209918632377 953.45000000000016 960.55000000000007 1.2178790077514605 -0.9159756150367534 4.4412227750441469
decision_type=2 2 2 8 2 2 2 2 2 2 2 2 2 2 10 10 2 2 2 2 2 2 2 2 2 2 2 2 2 2
left_child=1 11 6 -2 5 7 9 8 -5 -3 -4 -1 28 14 -14 16 -12 -15 -8 -11 -6 -21 23 -19 -9 -26 -27 -28 -13 -30
right_child=3 2 10 4 20 -7 18 24 -10 19 15 12 13 17 -16 -17 -18 22 -20 21 -22 -23 -24 -25 25 26 27 -29 29 -31
leaf_value=-0.00016271934866649943 8.6970305725124757e-05 -0.0042629796265517168 -0.0027289747194891951 -2.2388671266197558e-05 -0.0048436131407467806 -0.00025160296084118631 0.00072785589827503846 -0.0041172298508480943 -0.00027626522745700536 -0.0013286758355366042 0.0034926995314825808 0.0015813913223111783 0.00021159607420054405 -0.00011056949083362521 -0.0053573987572890025 -0.00010209077026967657 0.0021031574270351369 0.0011377575348096116 0.0049541253549049719 0.00017918596563410675 6.3341271235363924e-05 0.0024474223195463424 0.00062399903211623141 0.0049112038541772934 -0.0015877734717682002 -0.0044922273900238835 0.0036762736082185791 -0.0020524118357580557 1.5805826640888091e-05 -0.00045387721360797689
leaf_weight=1392 999 411 94 1817 217 4219 370 1679 1394 406 1011 288 1610 662 359 57 1191 1812 253 209 1268 133 1992 829 2013 1502 114 414 172 1857
leaf_count=1392 999 411 94 1817 217 4219 370 1679 1394 406 1011 288 1610 662 359 57 1191 1812 253 209 1268 133 1992 829 2013 1502 114 414 172 1857
internal_value=-0.00058548 0.00326847 0.00938089 -0.00430929 -0.00484321 -0.00557938 0.000875421 -0.00700884 -0.0037465 -0.00323555 0.0158224 0.000965096 0.00176286 0.00299009 -0.00141696 0.0167463 0.0174659 0.0046289 0.00852327 0.00160428 0.00167677 0.00947368 0.00573063 0.00819008 -0.00883957 -0.00733861 -0.0102266 -0.00295455 -0.00208459 -0.00344505
internal_weight=30744 15108 4135 15636 14637 13152 1782 8933 3211 1159 2353 10973 9581 7264 1969 2259 2202 5295 623 748 1485 342 4633 2641 5722 4043 2030 528 2317 2029
internal_count=30744 15108 4135 15636 14637 13152 1782 8933 3211 1159 2353 10973 9581 7264 1969 2259 2202 5295 623 748 1485 342 4633 2641 5722 4043 2030 528 2317 2029
is_linear=0
shrinkage=0.03


Tree=17
num_leaves=31
num_cat=0
split_feature=12 1 8 5 5 10 8 4 10 13 8 4 1 12 1 1 12 8 11 4 8 11 1 1 12 5 11 6 4 1
split_gain=190.061 201.685 133.296 54.395 52.9066 49.7638 48.7085 48.3359 45.9856 50.0982 55.056 44.5884 40.9949 32.7728 31.6218 29.2221 28.7286 28.669 28.6009 28.3688 28.2874 27.7951 27.7521 26.9928 26.6882 24.7135 23.4423 21.9531 21.6579 21.6236
threshold=-0.031174269516803289 3.8150000000000004 38.616000801069639 948.75000000000011 960.1500000000002 0.1294095225512602 312.17383422256256 1.0500000000000003 -0.70710678118654757 2.5000000000000004 4.7511700992975259 19.350000000000005 8.8950000000000014 -0.93237865822738086 5.5450000000000008 6.8850000000000007 0.93769647993491489 1968.2327144492631 0.90162119223771331 14.65 876.00811865603202 0.51297097409535064 2.0150000000000001 1.0450000000000002 -0.065537083312030994 950.75000000000011 0.40614137006726808 1.2401735316252414 17.050000000000004 1.6150000000000004
decision_type=2 2 2 2 2 2 2 2 2 2 2 2 2 2 2 2 2 2 2 2 2 2 2 2 2 2 2 2 2 2
left_child=2 8 13 6 14 12 -4 15 19 10 21 -7 18 -1 20 16 -6 -9 -5 23 -3 -10 -11 -2 29 -13 -8 -22 -24 -15
right_child=1 4 3 5 7 11 26 17 9 22 -12 25 -14 24 -16 -17 -18 -19 -20 -21 27 -23 28 -25 -26 -27 -28 -29 -30 -31
leaf_value=0.0011074712594780979 -9.8942949015027549e-05 -9.7301215853803699e-05 -0.0010920076337472503 -0.0013850728996483623 0.00088738934530357635 -0.00047695364619300607 -0.0055600644487965607 0.0034236385689570864 2.7729612702523413e-05 -4.0988077638436805e-05 -0.00054027024524839237 0.0001214888647434288 0.00017167460929013345 0.00022179027354598239 0.00044157656478423078 -3.6300118779988966e-05 0.002089495837906304 -4.4359372640102681e-05 -0.0027044636439985596 -0.00020988586098636167 0.0012419273834629438 -8.1487855838344517e-06 0.0006863836985047801 0.0013487745428033804 -0.00020551603679290061 0.0030869126970074485 -0.0032626553502201898 0.0025434626237414246 -0.00089279823317511082 -0.00014981099630413376
leaf_weight=651 329 1627 2756 1899 523 1746 1685 850 234 2707 2168 274 304 1740 1663 289 442 65 635 301 302 135 2991 2059 102 341 525 62 71 1268
leaf_count=651 329 1627 2756 1899 523 1746 1685 850 234 2707 2168 274 304 1740 1663 289 442 65 635 301 302 135 2991 2059 102 341 525 62 71 1268
internal_value=-0.000565964 0.00158045 -0.00315812 -0.00494343 0.0060948 -0.00279862 -0.00718888 0.00980636 -0.000810368 -0.00191428 -0.00542767 0.000419314 -0.00547569 0.00166711 0.00389163 0.00598086 0.00848705 0.0150492 -0.00672455 0.00259948 0.00134103 0.00528455 -0.000369215 0.00369347 0.000385852 0.00736585 -0.0105068 0.0089011 0.0015872 0.000897606
internal_weight=30744 16818 13926 10165 5823 5199 4966 2169 10995 8306 2537 2361 2838 3761 3654 1254 965 915 2534 2689 1991 369 5769 2388 3110 615 2210 364 3062 3008
internal_count=30744 16818 13926 10165 5823 5199 4966 2169 10995 8306 2537 2361 2838 3761 3654 1254 965 915 2534 2689 1991 369 5769 2388 3110 615 2210 364 3062 3008
is_linear=0
shrinkage=0.03


Tree=18
num_leaves=31
num_cat=0
split_feature=3 1 5 3 2 8 13 8 1 4 15 4 10 5 13 8 12 10 10 15 4 2 12 1 13 12 4 1 12 10
split_gain=461.413 232.309 239.304 81.3314 72.7339 69.4336 74.0979 56.216 49.4769 48.4969 45.584 44.9167 44.5842 40.3606 61.7229 62.945 35.3256 33.7024 33.6581 32.4489 42.6833 70.5315 58.2436 65.718 50.2982 43.9073 48.7286 33.9539 30.7707 31.2385
threshold=166.50000000000003 4.1050000000000013 951.55000000000007 48.500000000000007 11.730000000000002 6.3373840800397074 8.5000000000000018 2207.2798194249608 5.5450000000000008 9.6500000000000004 0.53336805555555566 15.050000000000002 0.25881904510252057 953.45000000000016 6.5000000000000009 93.461714299142812 -0.99168640063982161 0.60355339059327384 0.25881904510252057 0.034504830917874395 11.65 5.8050000000000006 0.65071284653328287 2.1550000000000007 11.500000000000002 -0.6523320455745395 28.950000000000003 0.51500000000000012 -0.42958798411962301 1.0000000180025095e-35
decision_type=2 2 2 2 10 2 2 2 2 2 10 2 2 2 2 2 2 2 2 8 2 10 2 2 2 2 2 2 2 2
left_child=1 19 9 -4 8 -2 7 13 11 -3 28 -5 -11 14 16 -16 -7 -17 -13 -1 22 25 23 27 -24 26 -22 -21 -8 -30
right_child=5 2 3 4 -6 6 10 -9 -10 12 -12 18 -14 -15 15 17 -18 -19 -20 20 21 -23 24 -25 -26 -27 -28 -29 29 -31
leaf_value=-0.00088907943536997085 1.9839753617210656e-05 0.0018953764655777635 -0.0032625422294897972 0.0032153533625580801 -0.00014583283704123798 0.002733912719223281 0.0017586738189418027 2.7674965150465418e-05 0.0022085591050983555 -0.0027923588352668791 -0.00062402697417029464 -0.0028884422799041794 0.0014148081316514665 -0.0012331435289967168 -0.00027817839580760009 -0.0031632270094008362 -0.00050100759311696389 -0.0062353707796083575 0.0070235439337345031 -0.00014744755440258361 0.002054324279868435 -0.0036334521438465463 -0.00011702078980143553 0.0048876948894941872 0.0015718253464799229 -8.3232460809766476e-05 -0.00021004830191059917 0.00023796879103411418 0.0001982529367093397 -0.00043245858227879152
leaf_weight=438 1716 172 132 1123 76 171 172 749 1208 777 1311 134 435 3121 1038 1567 2379 401 78 76 992 721 2649 1293 1287 2019 389 1109 1679 1332
leaf_count=438 1716 172 132 1123 76 171 172 749 1208 777 1311 134 435 3121 1038 1567 2379 401 78 76 992 721 2649 1293 1287 2019 389 1109 1679 1332
internal_value=-0.000577674 0.00316124 0.00922128 0.0143402 0.0154983 -0.00419033 -0.00489224 -0.00640356 0.0163626 -0.000953757 -0.0017223 0.012382 -0.00306931 -0.00708425 -0.00555076 -0.00846307 -0.00211765 -0.0116159 -0.000283019 0.000877609 0.00121025 -0.00117205 0.00274088 0.00634383 0.000472561 0.000635294 0.00475742 0.00124051 0.000216777 -0.00048821
internal_weight=30744 15108 4135 2751 2619 15636 13920 9426 2543 1384 4494 1335 1212 8677 5556 3006 2550 1968 212 10973 10535 4121 6414 2478 3936 3400 1381 1185 3183 3011
internal_count=30744 15108 4135 2751 2619 15636 13920 9426 2543 1384 4494 1335 1212 8677 5556 3006 2550 1968 212 10973 10535 4121 6414 2478 3936 3400 1381 1185 3183 3011
is_linear=0
shrinkage=0.03


Tree=19
num_leaves=31
num_cat=0
split_feature=3 1 6 8 8 13 5 3 11 2 1 8 5 13 5 2 3 11 8 11 15 3 11 11 13 5 11 5 11 6
split_gain=451.42 230.666 233.782 64.622 78.7386 63.6409 57.3171 51.2109 50.593 49.7375 55.5127 42.5613 43.8606 39.9211 58.8357 74.2007 49.4762 37.9504 36.8837 36.0494 35.6368 35.1458 33.5889 31.651 31.2267 29.842 29.4542 28.5419 28.0759 44.3228
threshold=166.50000000000003 4.1650000000000009 1.151673328899796 6.3373840800397074 1796.9945253088365 8.5000000000000018 947.45000000000016 48.500000000000007 -0.92923668111203805 11.875000000000002 5.0750000000000011 329.40009389611049 953.45000000000016 2.5000000000000004 948.25000000000011 5.7750000000000012 58.500000000000007 -0.37447345805034543 2.5480178980699417 0.35846314187849709 0.53336805555555566 57.500000000000007 -0.82415615971448097 0.93845596220871974 8.5000000000000018 952.6500000000002 0.46800856592688472 952.05000000000007 -0.97113884758256674 1.1569265417570926
decision_type=2 2 2 2 2 2 2 2 2 10 2 2 2 2 2 10 2 2 2 2 10 2 2 2 2 2 2 2 2 2
left_child=1 8 6 25 5 11 -3 -4 28 10 -9 12 22 18 15 -15 26 -18 -10 -13 -7 -8 -5 24 -6 -2 -16 -21 29 -1
right_child=3 2 7 4 23 20 21 9 13 -11 -12 19 -14 14 16 -17 17 -19 -20 27 -22 -23 -24 -25 -26 -27 -28 -29 -30 -31
leaf_value=-0.000401351732064542 0.00035107733138048104 -0.0029881132084655631 -0.0018641087042627726 -0.0010484087660908494 -0.00073851657597355166 -0.00014696390216700376 -0.0020642152817414534 0.0031902731587375157 2.7607589175326109e-05 -8.5536885776638021e-05 0.0019395109397732577 -0.0059144821047541398 -0.00068786314034133603 0.00016938098374125521 0.00032315862960705316 -0.0052183065400475933 0.00062756265749381224 0.0021477836219066185 -0.00025782129816056041 -0.0011616932627191636 -0.00081824940782489436 0.0016171395001546042 -0.00036936764756250872 0.00013152664908499864 0.00010173139008635435 -9.2200471781161973e-06 -0.00026007017350272694 -0.0050461702388787909 -0.00047553709594963447 0.0010814979276704585
leaf_weight=513 815 609 93 208 608 2823 138 933 147 57 1191 1263 1920 1619 411 369 2163 2519 2195 681 1154 995 3170 360 517 901 260 1216 522 374
leaf_count=513 815 609 93 208 608 2823 138 933 147 57 1191 1263 1920 1619 411 369 2163 2519 2195 681 1154 995 3170 360 517 901 260 1216 522 374
internal_value=-0.000521077 0.00317712 0.00933765 -0.0040944 -0.00477155 -0.00555127 0.00106774 0.0156728 0.000946628 0.0166025 0.0173446 -0.00702294 -0.00537939 0.00171951 0.00280752 -0.0015996 0.00444424 0.0055361 -0.00169086 -0.00977848 -0.00242142 0.00505737 -0.00332149 0.00175758 -0.00072 0.0013986 -0.00317437 -0.00716394 -0.0043648 -0.00111612
internal_weight=30744 15108 4016 15636 13920 12435 1742 2274 11092 2181 2124 8458 5298 9683 7341 1988 5353 4682 2342 3160 3977 1133 3378 1485 1125 1716 671 1897 1409 887
internal_count=30744 15108 4016 15636 13920 12435 1742 2274 11092 2181 2124 8458 5298 9683 7341 1988 5353 4682 2342 3160 3977 1133 3378 1485 1125 1716 671 1897 1409 887
is_linear=0
shrinkage=0.03


Tree=20
num_leaves=31
num_cat=0
split_feature=3 1 6 8 2 10 3 12 2 1 8 10 11 11 11 4 12 4 1 8 11 2 8 12 11 6 11 1 11 12
split_gain=439.035 224.365 231.768 61.0699 78.9982 54.2186 50.593 50.5092 49.244 56.5648 43.5396 54.8117 47.1682 42.251 38.7645 37.4119 38.5498 56.9771 56.9114 45.213 38.954 43.0933 37.2609 36.5948 36.2219 34.2967 48.6553 39.9699 33.031 31.2524
threshold=166.50000000000003 4.1650000000000009 1.151673328899796 7.7174203745884151 11.125000000000002 0.25881904510252057 48.500000000000007 -0.84774213365954088 11.875000000000002 5.0750000000000011 136.91856287631961 1.0000000180025095e-35 -0.91597725483594616 -0.92923668111203805 0.27694220057652758 28.750000000000004 0.65071284653328287 10.050000000000002 2.1550000000000007 341.65222144435938 0.039769539193789977 1.3150000000000002 1.7708633085613623 -0.6652727025667432 -0.39036798905311365 1.1043791219660999 0.14250626876356556 6.7150000000000007 0.82414472752956958 0.2332836900311728
decision_type=2 2 2 2 10 2 2 2 10 2 2 2 2 2 2 2 2 2 2 2 2 10 2 2 2 2 2 2 2 2
left_child=1 13 5 -2 10 25 -4 -6 9 -8 11 12 -5 22 -7 16 17 18 -15 23 24 -22 -1 -19 -18 26 -3 -27 -28 -24
right_child=3 2 6 4 7 14 8 -9 -10 -11 -12 -13 -14 15 -16 -17 20 19 -20 -21 21 -23 29 -25 -26 27 28 -29 -30 -31
leaf_value=5.5276487275799568e-05 1.0116121103350686e-05 -0.0047539987897226941 -0.0018081854431348894 0.0013934769095337973 -0.0066114390478556962 0.00079112764343511051 0.0030945649639753906 5.9701552565602991e-05 -8.2970779203338924e-05 0.0018813256115800597 -0.0030727208349314813 -0.00046304433915912447 -0.00021257795906226006 0.00023789299045712383 0.0042408092429556 -0.0003023680284165429 -9.6427655069963717e-05 0.0019510062263687488 0.0053969533686378654 -0.00316777420129538 4.3176976693346284e-05 -0.00040817219574755558 -0.00018796906764952955 -1.1499139454871311e-05 0.001954134589029005 -0.0010619142507436691 0.0016623290620857633 0.0015879016178721246 -0.0050216024904108925 -0.0011014155844399724
leaf_weight=136 1901 257 93 400 141 361 933 1602 57 1191 7012 2488 2092 814 250 553 1363 1026 1045 416 128 1735 1013 1501 1102 422 161 209 82 260
leaf_count=136 1901 257 93 400 141 361 933 1602 57 1191 7012 2488 2092 814 250 553 1363 1026 1045 416 128 1735 1013 1501 1102 422 161 209 82 260
internal_value=-0.000489852 0.00315727 0.00923307 -0.00401381 -0.00471132 0.000998852 0.0155409 0.00125645 0.0164649 0.0172034 -0.00557872 -0.00343373 -0.000288925 0.000957447 0.00819967 0.00166374 0.00212267 0.00397334 0.00808499 0.00137615 6.93161e-05 -0.00320451 -0.00389638 0.00288484 0.00254361 -0.00289125 -0.00876 0.00175911 0.000864198 -0.00549097
internal_weight=30744 15108 4016 15636 13735 1742 2274 1743 2181 2124 11992 4980 2492 11092 611 9683 9130 4802 1859 2943 4328 1863 1409 2527 2465 1131 500 631 243 1273
internal_count=30744 15108 4016 15636 13735 1742 2274 1743 2181 2124 11992 4980 2492 11092 611 9683 9130 4802 1859 2943 4328 1863 1409 2527 2465 1131 500 631 243 1273
is_linear=0
shrinkage=0.03


Tree=21
num_leaves=31
num_cat=0
split_feature=3 1 6 2 2 5 13 3 12 2 1 5 5 11 12 1 13 5 2 2 9 1 5 5 11 2 12 12 6 4
split_gain=412.232 232.354 229.833 58.7013 83.5669 56.7863 55.9142 50.4698 48.24 45.4539 58.0495 43.9163 42.5031 41.1977 37.7234 44.5108 36.5977 45.1246 75.1302 42.0771 41.8918 44.4149 56.8464 36.5807 32.6712 32.1311 32.3634 60.2136 45.9274 31.1499
threshold=166.50000000000003 4.1650000000000009 1.151673328899796 11.125000000000002 4.285000000000001 947.45000000000016 9.5000000000000018 48.500000000000007 -0.84774213365954088 11.875000000000002 5.0750000000000011 952.55000000000007 968.55000000000007 -0.92923668111203805 -0.58481178939031186 6.0050000000000008 1.5000000000000002 948.45000000000016 6.3950000000000005 1.6450000000000002 0.37940952255126054 2.0050000000000003 954.55000000000007 952.25000000000011 0.039769539193789977 1.175 0.2332836900311728 0.18281312110578132 1.1569265417570926 10.050000000000002
decision_type=2 2 2 10 8 2 2 2 2 10 2 2 2 2 2 2 2 2 10 10 2 2 2 2 2 10 2 2 2 2
left_child=1 13 5 4 11 -3 -6 -4 -5 10 -9 -2 -8 25 -7 -16 19 18 -18 -15 21 22 -19 -17 -21 -1 27 28 -27 -23
right_child=3 2 7 8 6 14 12 9 -10 -11 -12 -13 -14 16 15 23 17 20 -20 24 -22 29 -24 -25 -26 26 -28 -29 -30 -31
leaf_value=4.9409542396903779e-05 0.00010734890451074536 -0.0027572246179425942 -0.0017539398798408427 -0.0064130958764200248 -0.0028098128600674275 0.0037702621969653788 -5.7057917239433176e-05 0.0030017280150561286 5.7910505988634895e-05 -8.0481655827238752e-05 0.0018248858432326578 -4.9066985075187552e-05 -0.0058236021980221046 4.2839292499963081e-05 -0.0018447811751968245 -0.00013093260407602661 0.00014439826040575965 0.0013289405093108494 -0.006552010839038256 0.0041862046759925733 -3.1600626518727478e-05 0.0044839201782741079 -0.00012765370052280885 0.0022976076166799481 -0.00069617144901451349 -0.00075805761902360085 -0.0010783731185459011 0.005677340509207999 0.00051767000736018854 0.00048112081434010308
leaf_weight=139 2797 609 93 141 6450 266 1464 933 1602 57 1191 3073 109 148 392 239 1784 640 290 90 1780 1986 1251 236 1167 593 259 107 311 547
leaf_count=139 2797 609 93 141 6450 266 1464 933 1602 57 1191 3073 109 148 392 239 1784 640 290 90 1780 1986 1251 236 1167 593 259 107 311 547
internal_value=-0.000483997 0.00305004 0.00923307 -0.0038987 -0.00454977 0.0010333 -0.00653995 0.0155145 0.00129088 0.0164374 0.0171469 -0.00182964 -0.00146853 0.000811396 0.00500441 0.00197232 0.00150883 0.00226866 -0.0015622 -0.00296797 0.00354932 0.00511302 0.00163406 0.00814737 -0.0047494 -0.00398155 -0.00548031 -0.00305638 -0.00557522 0.00771023
internal_weight=30744 15108 4016 15636 13893 1742 8023 2274 1743 2181 2124 5870 1573 11092 1133 867 9683 8278 2074 1405 6204 4424 1891 475 1257 1409 1270 1011 904 2533
internal_count=30744 15108 4016 15636 13893 1742 8023 2274 1743 2181 2124 5870 1573 11092 1133 867 9683 8278 2074 1405 6204 4424 1891 475 1257 1409 1270 1011 904 2533
is_linear=0
shrinkage=0.03


Tree=22
num_leaves=31
num_cat=0
split_feature=3 8 5 2 8 2 13 11 8 11 11 5 11 6 11 8 6 15 11 2 11 6 11 5 11 11 9 6 4 9
split_gain=389.93 154.183 265.838 62.9617 57.0869 73.308 61.1497 52.8617 54.5486 48.1389 45.5163 46.8415 44.9561 44.0003 43.7999 41.1665 56.2678 40.0706 37.1571 39.7085 36.7814 36.6543 37.9077 35.5371 33.188 46.4991 45.906 32.7175 30.5491 36.2998
threshold=166.50000000000003 424.44025152775572 950.95000000000016 11.730000000000002 7.7174203745884151 11.125000000000002 8.5000000000000018 0.63920241694561786 964.99490188883351 -0.13398594226331254 -0.82415615971448097 953.45000000000016 -0.92923668111203805 1.0886748425443844 -0.32614396506100213 335.02379275181062 1.1209168391405104 0.46815972222222224 -0.074117382312902977 8.3950000000000014 -0.41398024697495356 1.2173027378815569 -0.70291267844185523 968.25000000000011 0.97508442350096236 0.99865421017599998 0.25881904510252091 1.1340018974426249 9.8500000000000032 -0.37940952255126059
decision_type=2 2 2 10 2 10 2 2 2 2 2 2 2 2 2 2 2 10 2 10 2 2 2 2 2 2 2 2 2 2
left_child=1 12 28 7 -2 6 10 8 9 14 -6 15 -1 20 -4 -12 -17 -8 -11 -20 -14 24 -23 -24 -15 26 -26 -7 -3 -30
right_child=4 2 3 -5 5 27 17 -9 -10 18 11 -13 13 21 -16 16 -18 -19 19 -21 -22 22 23 -25 25 -27 -28 -29 29 -31
leaf_value=-0.00014545317601032833 1.0837602158807468e-05 0.00095749657019540994 0.0029454732754373887 -0.0001549040280625528 -0.0023229751383583791 -0.0011220836709002562 1.7156900318243561e-05 0.0044316519334165593 0.0010744598649797044 -0.0095264914081575648 -0.00036575171397869918 -0.0012229341329770833 -0.00085662426091054399 0.0012335646480584209 0.0068530947637040632 -0.0051719782598518499 -0.00090849557453370885 -0.00082267758172750087 -0.00035645846600070106 0.0038122312696730609 0.00014863651250940856 0.0057156989135961527 -0.00011761921213361128 0.0057851863410399353 0.00032072876160972412 0.0038210462719923781 -0.00076664389410242622 6.4636421717474482e-05 -0.0077715433268702181 -0.0014770339495556116
leaf_weight=1478 1901 235 818 78 344 527 2471 728 534 60 3127 2937 327 4872 160 1094 657 1362 367 151 461 185 2887 131 359 180 306 1216 238 553
leaf_count=1478 1901 235 818 78 344 527 2471 728 534 60 3127 2937 327 4872 160 1094 657 1362 367 151 461 185 2887 131 359 180 306 1216 238 553
internal_value=-0.000462529 0.00297458 0.00809281 0.0127417 -0.00378358 -0.00445795 -0.00529353 0.0134776 0.0110526 0.00821337 -0.00676186 -0.00629175 0.00118005 0.00192213 0.0122699 -0.00448954 -0.00817247 -0.00216801 0.00134948 0.00393822 -0.0048731 0.00252242 -4.68311e-05 -0.000854871 0.00396187 -0.00152663 -0.00518797 0.00129088 -0.00502924 -0.00785082
internal_weight=30744 15108 3922 2896 15636 13735 11992 2818 2090 1556 8159 7815 11186 9708 978 4878 1751 3833 578 518 788 8920 3203 3018 5717 845 665 1743 1026 791
internal_count=30744 15108 3922 2896 15636 13735 11992 2818 2090 1556 8159 7815 11186 9708 978 4878 1751 3833 578 518 788 8920 3203 3018 5717 845 665 1743 1026 791
is_linear=0
shrinkage=0.03


Tree=23
num_leaves=31
num_cat=0
split_feature=3 1 6 10 5 2 2 13 1 2 12 10 15 1 5 5 5 12 15 5 15 6 2 12 1 13 4 12 5 14
split_gain=365.108 229.566 223.559 58.2285 53.143 53.0315 77.4478 49.6834 48.1886 53.8921 48.0428 44.4008 41.9915 37.5723 43.2452 35.6664 27.3901 27.1376 26.4668 26.3288 26.0491 34.2853 53.4098 38.7797 55.5533 45.897 39.2875 38.1912 40.8798 36.5912
threshold=166.50000000000003 4.1050000000000013 1.1544653324880516 0.25881904510252057 947.95000000000016 11.125000000000002 4.285000000000001 9.5000000000000018 5.0750000000000011 11.875000000000002 -0.84774213365954088 1.0000000180025095e-35 0.46062500000000012 6.3150000000000004 952.75000000000011 968.95000000000016 958.6500000000002 -0.43733099657705293 0.85531250000000003 950.35000000000002 0.034504830917874395 1.1569265417570926 4.5250000000000012 0.65071284653328287 2.1550000000000007 11.500000000000002 8.0500000000000025 0.2332836900311728 960.1500000000002 0.51083333333333347
decision_type=2 2 2 2 2 10 8 2 2 10 2 2 10 2 2 2 2 2 8 2 8 2 10 2 2 2 2 2 2 10
left_child=1 20 3 4 -3 6 11 -8 -4 -10 -7 16 15 17 -15 -9 -2 -6 -13 -5 -1 22 -22 24 -23 -25 -26 -28 -29 -27
right_child=5 2 8 19 13 10 7 12 9 -11 -12 18 -14 14 -16 -17 -18 -19 -20 -21 21 23 -24 25 26 29 27 28 -30 -31
leaf_value=-0.00083739106443805856 0.00031331287300190834 -0.0037722830637010496 0.0026409254205785634 0.00095878014738014054 0.0037074494305718081 -0.0061870404900004157 -0.0026897918601978691 0.0015326019513915549 0.0017033121583212316 -8.0393625632691894e-05 5.4673324847109529e-05 -7.7555277503617902e-05 -0.0034240413347204615 0.00010938336519354392 0.0020495816180436874 -0.0050383107491326446 -4.578780086329462e-05 -0.0021771190309715859 0.001388327042366013 0.0049355974845923098 5.4198160727917336e-05 2.1975543651787795e-05 -0.0025188570392645185 -0.00014937224629292986 0.0053255581685467436 0.00011737687180965871 0.0044822124681956257 -0.0023275130774004608 0.009960100165358662 0.0028952172724744795
leaf_weight=438 2092 412 1033 383 110 141 6450 850 1196 56 1602 3008 656 216 141 67 699 324 71 264 2588 1436 1020 2658 858 752 385 256 47 535
leaf_count=438 2092 412 1033 383 110 141 6450 850 1196 56 1602 3008 656 216 141 67 699 324 71 264 2588 1436 1020 2658 858 752 385 256 47 535
internal_value=-0.000462529 0.00286338 0.00888755 0.00113514 -0.00276808 -0.00367613 -0.00429497 -0.00621089 0.0151641 0.0191214 0.00125645 -0.00167632 -0.00143039 0.00178255 0.0089916 0.00271538 0.00106413 -0.00414747 -0.00416044 0.00839258 0.000593274 0.000891315 -0.00148004 0.00212646 0.00470825 0.000174905 0.00865459 0.00331395 -0.00465347 0.00482517
internal_weight=30744 15108 4135 1850 1203 15636 13893 8023 2285 1252 1743 5870 1573 791 357 917 2791 434 3079 647 10973 10535 3608 6927 2982 3945 1546 688 303 1287
internal_count=30744 15108 4135 1850 1203 15636 13893 8023 2285 1252 1743 5870 1573 791 357 917 2791 434 3079 647 10973 10535 3608 6927 2982 3945 1546 688 303 1287
is_linear=0
shrinkage=0.03


Tree=24
num_leaves=31
num_cat=0
split_feature=3 1 5 3 2 2 8 10 11 12 1 5 11 11 8 5 12 11 11 12 8 10 12 5 15 12 12 5 2 12
split_gain=345.847 223.392 217.311 73.2305 68.8686 52.123 75.2983 51.1992 48.0728 43.6702 43.1577 40.8905 34.9081 32.5981 30.8862 30.6821 33.2398 36.8639 40.7363 45.2614 30.4417 29.8988 29.797 28.6334 27.3455 66.5447 35.8472 26.611 62.4794 44.7127
threshold=166.50000000000003 4.1050000000000013 951.55000000000007 48.500000000000007 11.730000000000002 11.125000000000002 136.91856287631961 -0.12940952255126037 -0.41398024697495356 -0.84774213365954088 5.5450000000000008 959.35000000000002 -0.91597725483594616 -0.86976336936302323 1.7708633085613623 949.25000000000011 0.44312301391210612 -0.92923668111203805 -0.97113884758256674 0.18281312110578132 8.7574957835706524 0.1294095225512602 0.42763731121559989 947.6500000000002 0.069062500000000013 0.97062204580664158 0.95178258287705175 948.25000000000011 5.4850000000000012 0.65071284653328287
decision_type=2 2 2 2 10 10 2 2 2 2 2 2 2 2 2 2 2 2 2 2 2 2 2 2 8 2 2 2 10 2
left_child=1 13 8 -4 10 6 7 12 -3 -7 11 -5 -2 14 -1 -16 17 18 19 21 -9 -17 -10 -14 25 26 -15 28 -26 -29
right_child=5 2 3 4 -6 9 -8 20 22 -11 -12 -13 23 24 15 16 -18 -19 -20 -21 -22 -23 -24 -25 27 -27 -28 29 -30 -31
leaf_value=5.6089176193248608e-05 0.00086542960681478247 -0.0023790210465995869 -0.0028684413626972331 0.001453687315548778 -0.00013786901770578605 -0.0060014292753004031 -0.0027714958297700991 -2.1761508829201649e-06 0.00012296472445571415 5.3033125101696247e-05 0.0018385012694290923 0.0043235815353640933 0.00078328704429161402 -9.2864643896227323e-05 -0.00089525927118802649 -0.00065282762283650831 -0.0019258281715747736 0.0018933919733731448 -0.00080895710162453996 0.007243369747162505 -0.00046385219466965887 0.00068059998038746885 0.0016495269721141996 -5.2565512189277315e-05 0.00026319996747160965 -0.002252377179669971 0.0036244565967940689 0.0015414950851139683 -0.0043667620410438755 2.5418440770139405e-05
leaf_weight=172 457 469 132 764 76 141 7012 1193 751 1602 1208 571 863 627 297 267 84 250 400 87 2643 315 164 1725 1445 266 83 2861 387 3432
leaf_count=172 457 469 132 764 76 141 7012 1193 751 1602 1208 571 863 627 297 267 84 250 400 87 2643 315 164 1725 1445 266 83 2861 387 3432
internal_value=-0.000437158 0.00279984 0.00874244 0.0136205 0.0147194 -0.00356485 -0.00417836 -0.00194884 -0.000953757 0.0013253 0.0155604 0.0118427 0.000955665 0.000560467 -0.00304487 -0.00427059 -0.00241625 -0.00125095 -0.00367633 0.000852018 -0.00425443 -0.00216495 0.00304918 -0.000394127 0.00130205 -0.00344262 0.00135211 0.001872 -0.00131004 0.00279835
internal_weight=30744 15108 4135 2751 2619 15636 13893 6881 1384 1743 2543 1335 3045 10973 1872 1700 1403 1319 1069 669 3836 582 915 2588 9101 976 710 8125 1832 6293
internal_count=30744 15108 4135 2751 2619 15636 13893 6881 1384 1743 2543 1335 3045 10973 1872 1700 1403 1319 1069 669 3836 582 915 2588 9101 976 710 8125 1832 6293
is_linear=0
shrinkage=0.03


Tree=25
num_leaves=31
num_cat=0
split_feature=3 1 6 10 2 2 10 13 3 5 12 5 15 2 1 1 5 2 12 12 4 9 12 5 13 15 2 13 15 10
split_gain=328.227 216.137 212.404 56.7327 49.86 67.7692 53.515 49.2738 47.3112 46.7705 43.4826 41.9391 39.589 39.5431 47.2588 35.6671 38.1258 30.5494 28.3553 27.9445 26.0648 28.4089 29.9661 28.0903 25.6084 25.4965 24.362 23.9839 23.8384 23.8318
threshold=166.50000000000003 4.1050000000000013 1.151673328899796 0.25881904510252057 11.125000000000002 4.955000000000001 -0.12940952255126037 9.5000000000000018 48.500000000000007 947.95000000000016 -0.84774213365954088 968.55000000000007 0.46815972222222224 11.730000000000002 5.0750000000000011 6.3150000000000004 952.75000000000011 2.8050000000000002 -0.57077231802681661 -0.43733099657705293 28.750000000000004 0.60355339059327384 -0.48313741114591585 967.6500000000002 5.5000000000000009 0.85531250000000003 4.4450000000000012 9.5000000000000018 0.032395833333333339 -0.78656609248549325
decision_type=2 2 2 2 10 8 2 2 2 2 2 2 10 10 2 2 2 10 2 2 2 2 2 2 2 8 10 2 8 2
left_child=1 20 3 9 5 6 -2 -7 -4 -3 -6 12 -9 14 29 19 -17 18 -8 -11 21 23 -23 28 -5 -12 -22 -24 -1 -10
right_child=4 2 8 24 10 7 17 11 13 15 25 -13 -14 -15 -16 16 -18 -19 -20 -21 26 22 27 -25 -26 -27 -28 -29 -30 -31
leaf_value=-0.00087342931334580287 0.00010093382346898672 -0.0036165585480628466 -0.0025309472389263999 0.0040795074268064144 -0.0058213863970413915 -0.0030225995257308303 0.00033469146068020457 0.0017641733993883817 0.0049356252159338783 0.0036300667924868118 7.5886327041699872e-05 -0.0067880221653269573 -0.0033626269547231088 -6.2174038366446323e-05 0.0016253928201883224 8.2165844103539653e-05 0.0019279384743415675 -0.0009994472871560113 -2.7981496120516622e-05 -0.0023116012198115192 -0.00015848544877315973 0.0026729307968584863 -0.00033852125366762585 0.0062584183758170979 0.0011549481287316016 -6.4198436193519859e-05 -0.0050013789826156832 3.5498323640505296e-05 0.00026336982713665269 0.0018865219441746694
leaf_weight=286 3061 411 94 210 141 5577 594 740 221 110 1521 100 532 63 1185 209 133 1875 1414 296 471 195 1017 134 413 81 74 766 8030 790
leaf_count=286 3061 411 94 210 141 5577 594 740 221 110 1521 100 532 63 1185 209 133 1875 1414 296 471 195 1017 134 413 81 74 766 8030 790
internal_value=-0.000444965 0.0027085 0.00855381 0.000740741 -0.00349194 -0.00409199 -0.00199597 -0.0061865 0.0144709 -0.00318378 0.00129088 -0.00109329 0.000377358 0.0153386 0.0160109 0.00128342 0.00842105 -0.00433428 -0.00176295 -0.00472906 0.000505787 0.000840046 -0.00239636 0.00159763 0.00804173 0.00269663 -0.00588991 -0.0036175 0.00137807 0.0112463
internal_weight=30744 15108 4135 1782 15636 13893 6944 6949 2353 1159 1743 1372 1272 2259 2196 748 342 3883 2008 406 10973 10428 1978 8450 623 1602 545 1783 8316 1011
internal_count=30744 15108 4135 1782 15636 13893 6944 6949 2353 1159 1743 1372 1272 2259 2196 748 342 3883 2008 406 10973 10428 1978 8450 623 1602 545 1783 8316 1011
is_linear=0
shrinkage=0.03


Tree=26
num_leaves=31
num_cat=0
split_feature=3 1 5 3 2 8 2 13 4 12 10 1 8 5 13 12 8 10 5 6 12 14 13 4 5 6 10 4 13 1
split_gain=308.192 210.176 195.921 68.159 70.8258 51.3158 61.6646 52.9243 51.012 43.2954 42.2607 37.4226 35.6414 33.6963 51.7869 41.2832 39.897 43.938 31.3788 41.4174 30.2693 28.6709 27.2777 26.0078 25.8993 25.5489 51.9338 50.6254 50.25 43.3884
threshold=160.50000000000003 4.1650000000000009 951.85000000000002 48.500000000000007 11.605000000000002 7.7174203745884151 11.125000000000002 8.5000000000000018 8.6500000000000004 -0.84774213365954088 0.25881904510252057 5.0750000000000011 323.86308700602405 953.45000000000016 6.5000000000000009 -0.99168640063982161 93.461714299142812 0.60355339059327384 960.55000000000007 1.2289252366266274 -0.57077231802681661 0.99083333333333345 6.5000000000000009 21.550000000000004 968.95000000000016 1.1569265417570926 -0.12940952255126037 14.450000000000001 2.5000000000000004 1.8450000000000004
decision_type=2 2 2 2 10 2 10 2 2 2 2 2 2 2 2 2 2 2 2 2 2 8 2 2 2 2 2 2 2 2
left_child=1 25 8 -4 11 23 7 13 -3 -8 22 -5 -13 14 15 -7 -16 20 -15 -20 -18 24 -10 -2 -9 26 -1 -28 -27 -30
right_child=5 2 3 4 -6 6 9 21 10 -11 -12 12 -14 18 16 -17 17 -19 19 -21 -22 -23 -24 -25 -26 28 27 -29 29 -31
leaf_value=-0.00032025399902763536 -5.822467553128589e-06 0.0015102015642851441 -0.0026511008446792371 0.0024981957192834929 -7.9523807947131023e-05 0.0029858416302294801 -0.0056467448051301496 -0.00030637744808784031 -0.00040701988870886046 4.9165541537394362e-05 0.0011887408230011152 0.0043237410253470923 0.0017223069807847959 -0.0016113241772217019 -0.00025107225232369826 -0.00041279206449882033 -0.0019687727829249702 -0.0054843875323044335 0.0009717443149916883 -0.00073972059329193362 -0.0048413916643597057 0.0017794322768066645 -0.0031259981386092804 0.00063789140452973645 -0.0041030076586901412 -0.00015136332435778052 -0.0014218158795825007 0.00047894390691547556 -2.4182914134614173e-05 0.0021578203848220128
leaf_weight=1403 1489 168 128 917 89 164 141 3674 424 1602 443 179 1297 2110 1016 2147 1339 389 265 596 185 70 371 587 114 2316 139 2014 1751 3217
leaf_count=1403 1489 168 128 917 89 164 141 3674 424 1602 443 179 1297 2110 1016 2147 1339 389 265 596 185 70 371 587 114 2316 139 2014 1751 3217
internal_value=-0.000452771 0.00265347 0.00851594 0.0133793 0.0144803 -0.00335725 -0.00401825 -0.00478001 -0.000512091 0.00125645 -0.00261712 0.0154576 0.0184146 -0.00614176 -0.00469466 -0.00133708 -0.0073438 -0.00989545 -0.00869404 -0.0038676 -0.00759843 -0.0018818 -0.00675472 0.00104046 -0.00223337 0.00048155 -0.00160292 0.00132373 0.00149918 0.00320048
internal_weight=30744 14856 4016 2610 2482 15888 13812 12069 1406 1743 1238 2393 1476 8211 5240 2311 2929 1913 2971 861 1524 3858 795 2076 3788 10840 3556 2153 7284 4968
internal_count=30744 14856 4016 2610 2482 15888 13812 12069 1406 1743 1238 2393 1476 8211 5240 2311 2929 1913 2971 861 1524 3858 795 2076 3788 10840 3556 2153 7284 4968
is_linear=0
shrinkage=0.03


Tree=27
num_leaves=31
num_cat=0
split_feature=3 8 12 8 7 13 11 7 8 11 12 15 4 12 12 11 11 9 10 9 11 11 11 4 11 6 9 3 8 10
split_gain=300.692 132.652 131.908 48.9922 60.1838 51.725 47.9766 44.6594 46.6525 41.0875 40.9174 39.3725 37.8689 41.005 41.7463 36.1921 45.1133 38.6324 34.7299 34.4227 33.4238 31.6814 37.7943 44.6604 41.0334 38.9083 36.1135 30.5823 30.3232 42.2513
threshold=160.50000000000003 424.44025152775572 -0.082691941062253513 8.2312997103370424 1376.8934125000003 8.5000000000000018 -0.82415615971448097 1562.9161405000002 964.99490188883351 -0.92923668111203805 -0.84774213365954088 0.46815972222222224 32.550000000000004 0.65071284653328287 0.64414586362404946 0.97508442350096236 0.99865421017599998 0.12940952255126045 -0.37940952255126015 -0.37940952255126059 0.9916835347852474 0.65883702558178847 -0.13398594226331254 -2.7499999999999996 -0.074117382312902977 1.226338852971582 0.78656609248549325 120.50000000000001 242.91714403787486 0.37940952255126048
decision_type=2 2 2 2 2 2 2 2 2 2 2 10 2 2 2 2 2 2 2 2 2 2 2 2 2 2 2 2 2 2
left_child=1 9 19 -2 5 6 -5 8 21 -1 -6 -7 13 14 15 -11 17 20 -15 -3 -17 22 25 -24 -25 26 -4 -20 29 -8
right_child=3 2 7 4 10 11 28 -9 -10 12 -12 -13 -14 18 -16 16 -18 -19 27 -21 -22 -23 23 24 -26 -27 -28 -29 -30 -31
leaf_value=-0.00017070833168389245 1.0059203017098632e-05 -0.0058348050525748518 0.0014676116605992734 -0.0020518755599821946 -0.0054773424609762455 9.5382091763703504e-05 -0.00018010510358402158 -6.2621270620983219e-05 0.00085326778342641879 0.0011462622526627884 4.7486648041966815e-05 -0.00075172428379808903 -0.00045896821663691384 0.00090591517966284903 0.0099387454956273869 -0.00044586590227059975 0.00383765955018815 -0.00077427116955223563 -0.00039235008376379562 9.5946214699638635e-05 0.0038750580423735658 0.0051278678779237141 -0.0030845045076728318 -0.011590154152568746 0.0036055676797781791 0.006209307603285039 0.003735715148753203 0.00026471398693715399 -0.0036357379380215302 -0.00065670499881292574
leaf_weight=1436 2139 232 532 343 141 2466 2770 77 721 4307 1603 1364 405 1427 75 189 178 343 2131 719 123 567 321 40 285 189 239 320 3491 1571
leaf_count=1436 2139 232 532 343 141 2466 2770 77 721 4307 1603 1364 405 1427 75 189 178 343 2131 719 123 567 321 40 285 189 239 320 3491 1571
internal_value=-0.000443013 0.0026252 0.00735849 -0.00331193 -0.00396902 -0.00472553 -0.00607339 0.0104712 0.0110712 0.000927382 0.00123853 -0.00184856 0.00164245 0.00204223 0.00377948 0.00345525 -0.00226891 -0.0059084 -0.000293966 -0.00236593 0.00173077 0.00887713 0.00672478 0.00111455 0.00895385 0.0105 0.00750973 -0.00246022 -0.00559244 -0.00391845
internal_weight=30744 14856 3922 15888 13749 12005 8175 2971 2894 10934 1744 3830 9498 9093 5215 5140 833 655 3878 951 312 2173 1606 646 325 960 771 2451 7832 4341
internal_count=30744 14856 3922 15888 13749 12005 8175 2971 2894 10934 1744 3830 9498 9093 5215 5140 833 655 3878 951 312 2173 1606 646 325 960 771 2451 7832 4341
is_linear=0
shrinkage=0.03


Tree=28
num_leaves=31
num_cat=0
split_feature=3 1 5 3 2 8 2 13 11 11 5 15 1 8 11 13 4 10 11 14 2 4 9 10 11 10 11 11 11 8
split_gain=283.555 202.292 187.509 66.6867 66.0549 46.7775 57.7389 47.9993 46.3277 45.7319 43.4815 38.5224 37.1646 37.8132 34.7217 35.8359 41.7474 57.1805 35.2697 36.0073 34.1275 34.7222 33.9927 32.1488 30.8385 47.5504 44.1701 37.3912 30.4229 30.4214
threshold=160.50000000000003 4.1650000000000009 951.55000000000007 48.500000000000007 11.475000000000003 8.7574957835706524 11.125000000000002 8.5000000000000018 -0.82415615971448097 -0.41398024697495356 953.45000000000016 0.46815972222222224 5.0750000000000011 323.86308700602405 -0.92923668111203805 2.5000000000000004 9.6500000000000004 -0.12940952255126037 0.89787622492179153 0.89249999999999996 8.9150000000000009 18.050000000000004 0.25881904510252091 -0.9159756150367534 0.022575936829235418 0.60355339059327384 -0.61913973745509387 0.65883702558178847 0.93845596220871974 11.067639774496024
decision_type=2 2 2 2 10 2 10 2 2 2 2 10 2 2 2 2 2 2 2 10 8 2 2 2 2 2 2 2 2 2
left_child=1 14 9 -4 12 -2 7 8 -7 -3 20 -9 -5 -14 29 23 18 -18 19 -17 24 -22 -20 -16 25 -10 -27 -26 -8 -1
right_child=5 2 3 4 -6 6 28 11 10 -11 -12 -13 13 -15 15 16 17 -19 22 -21 21 -23 -24 -25 27 26 -28 -29 -30 -31
leaf_value=4.1917008211638379e-05 8.9667654896849641e-06 -0.0021787580856783215 -0.0026451448776319947 0.0023658583895234107 -6.0742632502353738e-05 -0.0020278678172502905 -3.1039659636935046e-05 8.5129857986912519e-05 -0.00059516417773603305 0.00068707045749939473 -0.0010602132949023863 -0.00075116286890145978 0.0041991500445371964 0.0016322105989841056 0.0015656030923873448 0.0003732335919549222 -0.00031592644682213535 0.00063599996124908233 0.003968370006694753 0.0029358120196598843 4.5133506409157084e-05 -0.0062079923739758363 -0.00027326784644250143 -0.00022164475634835513 0.001359723931117342 0.00045477364539490278 -0.0024093268237601615 -0.00055680532355118222 0.00011999015075682146 -0.00086262172952754497
leaf_weight=321 2205 456 129 929 101 340 1344 2449 1800 893 2928 1359 183 1325 287 2360 1338 2156 529 612 202 457 159 2032 766 154 387 1098 399 1046
leaf_count=321 2205 456 129 929 101 340 1344 2449 1800 893 2928 1359 183 1325 287 2360 1338 2156 529 612 202 457 159 2032 766 154 387 1098 399 1046
internal_value=-0.00043911 0.00254039 0.00829183 0.0129021 0.0139716 -0.00322508 -0.00387854 -0.00462312 -0.00592474 -0.000822832 -0.00545175 -0.00184349 0.0149569 0.0178647 0.000409594 0.00105458 0.00210512 -0.000240412 0.00434426 0.00292732 -0.00371299 -0.0100607 0.0104651 -0.00218629 -0.00271819 -0.00501068 -0.0128096 0.000160944 0.00122203 -0.00405999
internal_weight=30744 14856 4016 2667 2538 15888 13683 11940 8132 1349 7792 3808 2437 1508 10840 9473 7154 3494 3660 2972 4864 659 688 2319 4205 2341 541 1864 1743 1367
internal_count=30744 14856 4016 2667 2538 15888 13683 11940 8132 1349 7792 3808 2437 1508 10840 9473 7154 3494 3660 2972 4864 659 688 2319 4205 2341 541 1864 1743 1367
is_linear=0
shrinkage=0.03


Tree=29
num_leaves=31
num_cat=0
split_feature=3 1 6 8 13 5 10 3 1 4 11 8 1 5 1 5 11 11 11 10 12 11 5 7 8 11 6 12 1 10
split_gain=271.192 153.58 176.617 51.8088 65.8115 60.5888 49.989 42.7957 53.8554 43.226 42.3374 38.4212 53.4214 36.0778 30.1355 33.4726 29.3812 38.8217 28.4648 29.6171 35.9264 34.3978 31.7508 28.3232 28.0145 27.2685 25.9138 37.5168 36.4659 36.8648
threshold=89.500000000000014 4.1650000000000009 1.1537870560095478 28.286604400825674 8.5000000000000018 952.55000000000007 0.25881904510252057 120.50000000000001 8.3050000000000015 -2.3499999999999992 0.49812943072827093 1968.2327144492631 5.0750000000000011 947.45000000000016 6.3150000000000004 952.75000000000011 -0.0053757284505435614 -0.074117382312902977 -0.82415615971448097 0.60355339059327384 -0.98801846520836312 0.3261394409934788 953.45000000000016 971.77063550000014 219.00131077422995 0.27694220057652758 1.1630028190940804 0.65071284653328287 1.3650000000000004 0.1294095225512602
decision_type=2 2 2 2 2 2 2 2 2 2 2 2 2 2 2 2 2 2 2 2 2 2 2 2 2 2 2 2 2 2
left_child=1 26 6 5 7 -2 13 9 18 -5 -10 12 -4 -3 -15 -16 17 -6 23 20 -20 -21 -23 -9 -22 -8 28 -28 -1 -30
right_child=3 2 11 4 16 -7 25 8 10 -11 -12 -13 -14 14 15 -17 -18 -19 19 21 24 22 -24 -25 -26 -27 27 -29 29 -31
leaf_value=0.00033172225875887523 0.0003194614632971411 -0.0033255426820768168 0.0021925474787711182 -0.0012167383531080961 -6.71823459268175e-05 -2.5764077572310157e-05 0.0010526484203872701 -0.0031197822398155101 -0.006565359799988916 0.00083135594554444448 6.0191187836737009e-05 -2.7868883663871858e-05 0.0014628400247154168 -0.001006856997468115 0.00012894990683146021 0.0017967298353794826 -0.003543107423007486 0.0051744389881646733 0.00063659536129662402 -0.002431279914711146 -0.00059812866317023191 -3.8250372396552398e-05 -0.0020230980901266658 0.0016974747791000499 -0.0033951902028147856 0.0037957194547309932 0.0023850526535236552 -1.6645035048185215e-06 -0.00047704404910612881 0.00020210984557062764
leaf_weight=263 2569 332 939 463 4937 3055 371 275 142 1064 744 74 1174 414 226 121 85 107 405 708 2263 489 712 34 2762 255 1332 2484 1015 930
leaf_count=263 2569 332 939 463 4937 3055 371 275 142 1064 744 74 1174 414 226 121 85 107 405 708 2263 489 712 34 2762 255 1332 2484 1015 930
internal_value=-0.000417642 0.00366163 0.00829493 -0.00236379 -0.00327452 9.60171e-05 0.00109948 -0.00468443 -0.00551207 -5.89391e-05 0.00148984 0.0139506 0.0146947 -0.00277219 0.000827858 0.0073487 -0.000508871 -0.000214116 -0.00632322 -0.00594768 -0.00481768 -0.00916186 -0.00606994 -0.0152427 -0.00551045 0.00785942 0.000657371 0.00215409 -0.00192935 -0.00334704
internal_weight=30744 9930 3906 20814 15190 5624 1719 10061 8534 1527 886 2187 2113 1093 761 347 5129 5044 7648 7339 5430 1909 1201 309 5025 626 6024 3816 2208 1945
internal_count=30744 9930 3906 20814 15190 5624 1719 10061 8534 1527 886 2187 2113 1093 761 347 5129 5044 7648 7339 5430 1909 1201 309 5025 626 6024 3816 2208 1945
is_linear=0
shrinkage=0.03


Tree=30
num_leaves=31
num_cat=0
split_feature=3 1 4 8 13 10 2 1 3 1 4 4 9 4 11 11 1 1 11 1 12 11 11 11 3 11 10 8 11 12
split_gain=261.564 151.449 154.449 49.7529 65.2344 46.65 41.6664 45.1326 40.598 45.907 42.3427 39.5606 35.8115 44.8347 41.3854 41.388 37.9792 35.4852 33.0829 31.0581 43.884 29.4599 38.7185 28.6209 26.9371 26.812 28.8356 34.112 33.1361 28.0298
threshold=89.500000000000014 4.1650000000000009 15.050000000000002 28.286604400825674 8.5000000000000018 0.25881904510252057 11.475000000000003 5.0750000000000011 120.50000000000001 8.3050000000000015 -2.3499999999999992 19.350000000000005 0.60355339059327384 12.050000000000002 0.69676570133721638 -0.97509794945709805 2.3150000000000004 2.2250000000000005 0.49812943072827093 6.4150000000000009 -0.13398942717002907 -0.0053757284505435614 -0.074117382312902977 0.27694220057652758 248.50000000000003 -0.82415615971448097 0.60355339059327384 329.40009389611049 0.3261394409934788 -0.98801846520836312
decision_type=2 2 2 2 2 2 10 2 2 2 2 2 2 2 2 2 2 2 2 2 2 2 2 2 2 2 2 2 2 2
left_child=1 12 6 11 8 19 7 -3 10 25 -5 -2 13 14 15 -1 -15 -16 -11 -4 -21 22 -6 -7 -20 -10 27 29 -28 -27
right_child=3 2 5 4 21 23 -8 -9 9 18 -12 -13 -14 16 17 -17 -18 -19 24 20 -22 -23 -24 -25 -26 26 28 -29 -30 -31
leaf_value=0.0086163747914037841 -1.5802416480652478e-05 0.0021286974995332743 -0.0016517613433204912 -0.0011802362025148533 -6.5166875549012976e-05 0.0010433516495765135 -3.3283873057501388e-05 0.0014026263465509109 -0.0026981380469096208 -0.0063683990059892484 0.00080641526717811123 0.00043640297190175999 -0.00017255908552735809 0.00047419251517952644 -0.00014114439029833743 0.0006280759178775799 -0.0011794210427841323 0.0063233105193811505 0.00016711949378294302 -0.00080613983048215168 0.0013971804487263276 -0.0034368142003172618 0.0050192058185197326 0.004091765201510218 2.2783243159290987e-05 0.0019596073066765283 -0.0023583415172698115 -0.0035236735303312019 -0.0014344909925233073 -0.00076674341834740941
leaf_weight=60 3791 949 641 463 4937 365 88 1169 309 142 1064 1833 2064 514 152 1882 888 464 126 258 181 85 107 255 618 246 708 2351 1201 2833
leaf_count=60 3791 949 641 463 4937 365 88 1169 309 142 1064 1833 2064 514 152 1882 888 464 126 258 181 85 107 255 618 246 708 2351 1201 2833
internal_value=-0.000435207 0.003571 0.00817204 -0.0023465 -0.00323897 0.00137647 0.0134089 0.0142493 -0.00464268 -0.00544879 -0.000137525 6.40114e-05 0.000587649 0.00225758 0.0046208 0.00247168 -0.00205421 0.0113961 0.0010158 -0.00238889 0.00375854 -0.000485475 -0.000190325 0.00793548 0.00354839 -0.0061977 -0.00583322 -0.00471823 -0.00900471 -0.00264047
internal_weight=30744 9930 3906 20814 15190 1700 2206 2118 10061 8534 1527 5624 6024 3960 2558 1942 1402 616 886 1080 439 5129 5044 620 744 7648 7339 5430 1909 3079
internal_count=30744 9930 3906 20814 15190 1700 2206 2118 10061 8534 1527 5624 6024 3960 2558 1942 1402 616 886 1080 439 5129 5044 620 744 7648 7339 5430 1909 3079
is_linear=0
shrinkage=0.03


Tree=31
num_leaves=31
num_cat=0
split_feature=3 1 6 2 4 2 5 2 1 9 5 2 13 5 5 11 3 5 2 14 11 2 15 12 15 5 12 1 12 3
split_gain=254.956 153.879 165.422 44.2617 64.6704 53.7183 43.8929 39.2326 53.1491 33.8709 54.1906 46.9428 33.8366 35.8668 35.7497 40.9548 33.0235 31.5468 41.8036 30.2884 28.2618 29.2086 27.6721 27.2223 27.1088 27.0399 25.4837 26.713 25.0841 23.6129
threshold=89.500000000000014 4.1650000000000009 1.1537870560095478 5.6350000000000007 21.050000000000004 10.595000000000001 947.45000000000016 11.475000000000003 5.0750000000000011 0.60355339059327384 948.85000000000002 6.9450000000000012 9.5000000000000018 968.55000000000007 952.6500000000002 -0.96235977360714686 57.500000000000007 952.55000000000007 2.8950000000000005 0.96583333333333343 0.57782244426053786 4.4150000000000009 0.85531250000000003 0.55478649335567887 0.46062500000000012 967.1500000000002 -0.49812626372919411 7.1050000000000013 0.92843842216862604 90.500000000000014
decision_type=2 2 2 8 2 10 2 10 2 2 2 10 2 2 2 2 2 2 10 8 2 10 8 2 10 2 2 2 2 2
left_child=1 9 6 17 5 12 -3 8 -4 10 11 -1 14 24 15 -5 -8 18 -2 20 25 -22 -7 -20 -14 -12 27 -18 -17 -16
right_child=3 2 7 4 -6 22 16 -9 -10 -11 19 -13 13 -15 29 28 26 -19 23 -21 21 -23 -24 -25 -26 -27 -28 -29 -30 -31
leaf_value=2.0830271184070248e-05 0.00031035169189264636 -0.0021017659558971503 0.0020629101294219864 -0.0062697255004253759 -0.0032581167537361713 8.5867047936684159e-05 -0.0021947309803860117 -2.603430096223061e-05 0.0013924445028915509 -0.00016738231296153735 3.9094539202612439e-05 -0.0071575783843923378 0.0017969654251245642 -0.0073381165291783422 0.0063263149955801404 -0.0002229129446110018 0.0052901718390667889 -4.9420350509027745e-05 -0.0004665817320882683 0.0030134231170747265 -3.5988195539759591e-05 0.0056071726073274337 -9.2521091189356919e-05 0.0037297001247897444 -0.0028523506201104947 0.0078904828548626033 0.00076810244324846582 -0.00043754991050149703 0.0061133762827462771 -0.0038457988089419626
leaf_weight=562 2535 586 939 108 2588 1516 146 84 1164 2064 1880 252 789 86 46 748 224 6772 2958 397 266 523 84 179 479 80 719 44 60 1866
leaf_count=562 2535 586 939 108 2588 1516 146 84 1164 2064 1880 252 789 86 46 748 224 6772 2958 397 266 523 84 179 479 80 719 44 60 1866
internal_value=-0.00039032 0.00356495 0.00820276 -0.00227731 -0.00396416 -0.00219993 0.00123909 0.0136763 0.0144793 0.000557769 0.00218182 -0.00471744 -0.00398852 -8.86263e-05 -0.00585573 -0.000982533 0.00468667 -0.00114272 0.000507757 0.00396694 0.00284831 0.00764259 0.002475 -0.00180746 0.00118297 0.000918367 0.00665653 0.0145522 0.00133663 -0.00819038
internal_weight=30744 9930 3906 20814 8370 5782 1719 2187 2103 6024 3960 814 4182 1354 2828 916 1133 12444 5672 3146 2749 789 1600 3137 1268 1960 987 268 808 1912
internal_count=30744 9930 3906 20814 8370 5782 1719 2187 2103 6024 3960 814 4182 1354 2828 916 1133 12444 5672 3146 2749 789 1600 3137 1268 1960 987 268 808 1912
is_linear=0
shrinkage=0.03


Tree=32
num_leaves=31
num_cat=0
split_feature=3 1 6 8 13 5 10 2 1 11 8 10 6 11 2 3 11 11 11 11 6 8 14 1 11 10 5 11 5 5
split_gain=238.373 153.126 163.833 44.3172 59.3484 52.0532 42.9552 38.5928 54.8523 37.6096 48.5032 34.7109 33.7856 36.15 32.3968 43.1863 40.8322 29.657 38.4609 28.926 26.8985 26.5257 28.3161 30.6945 34.6597 31.4898 26.2731 25.9423 24.9656 36.36
threshold=89.500000000000014 4.1650000000000009 1.1537870560095478 28.286604400825674 8.5000000000000018 952.55000000000007 1.0000000180025095e-35 11.475000000000003 5.0750000000000011 0.35846314187849709 306.67916766010239 0.60355339059327384 1.1064162454035802 0.14250626876356556 11.015000000000002 120.50000000000001 0.43733377705052551 -0.0053757284505435614 -0.074117382312902977 0.82414472752956958 1.0761616030248971 1015.9409292015379 0.99250000000000005 4.8950000000000005 -0.99467753128998015 0.1294095225512602 950.35000000000002 -0.30983472475487867 952.05000000000007 960.55000000000007
decision_type=2 2 2 2 2 2 2 10 2 2 2 2 2 2 10 2 2 2 2 2 2 2 8 2 2 2 2 2 2 2
left_child=1 -1 6 5 9 -2 12 8 -4 10 11 -5 13 -3 15 -11 -17 18 21 -15 -12 22 23 24 -6 -26 -8 -27 -18 -30
right_child=3 2 7 4 17 -7 26 -9 -10 14 20 -13 -14 19 -16 16 28 -19 -20 -21 -22 -23 -24 -25 25 27 -28 -29 29 -31
leaf_value=4.3462045180267498e-05 0.00029779657246450014 -0.0048775607557391834 0.0020010228255393269 -0.00038236561504798657 -0.002070390079894192 -2.3034472235450441e-05 0.00033780434918289943 -2.5253271933363753e-05 0.0013506711678048047 0.00044410291711194827 -0.00055301579147074085 -0.0013482381638724539 0.00030920202421643106 0.001107496048645306 4.1995117662934246e-05 0.0021386525389900015 -0.00075981617836324298 -0.0033322271637924732 0.0048701122544794117 -0.005313240338110036 -0.0059835960654864061 0.00015093137328438098 0.0027032517898849355 -0.0031399467644967756 0.00087636860313760701 -0.0010404809431302951 0.0029611493164069832 0.0025869995338783256 -0.0019939318421902381 -0.00026188924189048221
leaf_weight=6024 2569 201 939 1771 295 3055 481 84 1164 1007 301 745 475 121 979 246 1220 85 107 72 1267 994 51 528 1586 1316 369 167 2020 505
leaf_count=6024 2569 201 939 1771 295 3055 481 84 1164 1007 301 745 475 121 979 246 1220 85 107 72 1267 994 51 528 1586 1316 369 167 2020 505
internal_value=-0.000386417 0.00343807 0.00806452 -0.00221101 -0.00305332 6.40114e-05 0.00113438 0.0135117 0.0143081 -0.00439221 -0.00661117 -0.00403021 -0.00355581 -0.0100508 -0.00287602 -0.00385354 -0.00525432 -0.000426984 -0.000130849 -0.000777202 -0.0107526 -0.000516508 -0.00162059 -0.00191161 -0.000856124 8.79765e-05 0.00592941 -0.00305462 -0.00603204 -0.00773465
internal_weight=30744 9930 3906 20814 15190 5624 1719 2187 2103 10061 4084 2516 869 394 5977 4998 3991 5129 5044 193 1568 4937 3943 3892 3364 3069 850 1483 3745 2525
internal_count=30744 9930 3906 20814 15190 5624 1719 2187 2103 10061 4084 2516 869 394 5977 4998 3991 5129 5044 193 1568 4937 3943 3892 3364 3069 850 1483 3745 2525
is_linear=0
shrinkage=0.03


Tree=33
num_leaves=31
num_cat=0
split_feature=3 5 2 2 12 12 3 8 5 8 8 12 12 12 12 4 5 11 3 5 8 11 11 2 5 2 4 5 11 13
split_gain=232.076 111.916 155.828 59.828 50.421 46.5482 47.1127 45.779 44.2056 44.1721 59.4545 52.2975 48.3894 39.3053 39.0734 59.5619 38.3628 41.4743 35.0138 30.7539 27.4905 25.9007 25.8708 26.2459 23.8703 23.8602 23.7892 22.6718 23.1958 22.5334
threshold=89.500000000000014 949.55000000000007 6.6450000000000005 11.475000000000003 0.9980355542543059 0.99138911339924218 48.500000000000007 312.17383422256256 953.95000000000016 214.87112594667886 1415.2130005587489 0.14888728888808328 0.38043945030393422 -0.84774213365954088 -0.42958798411962301 17.250000000000004 952.45000000000016 0.83849049182116964 57.500000000000007 954.55000000000007 1.7708633085613623 -0.89406062840022227 -0.074117382312902977 8.0150000000000023 958.1500000000002 9.6950000000000021 38.550000000000004 953.55000000000007 -0.75579217237767959 11.500000000000002
decision_type=2 2 10 10 2 2 2 2 2 2 2 2 2 2 2 2 2 2 2 2 2 2 2 10 2 10 2 2 2 2
left_child=1 4 14 5 7 6 -4 26 21 20 11 -11 19 -12 18 -16 -14 -18 -3 -13 -2 -8 -7 -24 -17 -9 -1 -22 -29 -10
right_child=9 2 3 -5 -6 22 8 25 29 10 13 12 16 -15 15 24 17 -19 -20 -21 27 -23 23 -25 -26 -27 -28 28 -30 -31
leaf_value=0.00010999577906444094 6.7983086002009025e-05 -0.00029115599417753541 -0.0037401524789704068 -7.8301533863247698e-05 0.0017091241646125595 -0.008476148604008308 -0.00082531263565954044 -0.0057274549311525777 0.0020399589143555801 -0.0032143828822514065 -0.0055839378632576986 -0.0045271484962024671 0.0021395731312983503 4.4408079124710574e-05 0.00034414727971739155 -0.00074268939716941264 -0.0020159643381111939 -0.0068735525349440524 0.0066948196039928725 0.0034802325984129565 -3.0177646653131669e-05 0.0014662728355529647 -0.00169942713689707 0.0018237476040730929 0.0026983319973139506 0.00042189105382139529 -0.0010614465644100573 3.5425254482909972e-05 -0.00017854211503237012 0.0023755943923289471
leaf_weight=1307 1339 88 104 128 59 70 216 743 1668 3880 159 162 269 1872 3344 488 1408 144 230 348 5839 644 122 139 31 134 40 1293 4101 375
leaf_count=1307 1339 88 104 128 59 70 216 743 1668 3880 159 162 269 1872 3344 488 1408 144 230 348 5839 644 122 139 31 134 40 1293 4101 375
internal_value=-0.00040203 0.0033716 0.00511181 0.00981535 -0.00245729 0.0105872 0.0117626 -0.00318345 0.0124733 -0.00220236 -0.00390925 -0.00536629 -0.00181467 0.000546529 0.00121263 0.000380533 -0.00410214 -0.00591495 0.0113208 0.00635294 -0.00108336 0.00676744 -9.06344e-05 0.00425287 -0.00907514 -0.00851767 0.000289532 -0.0015677 -0.00296997 0.0148752
internal_weight=30744 9930 7647 3466 2283 3338 3007 2224 2903 20814 8242 6211 2331 2031 4181 3863 1821 1552 318 510 12572 860 331 261 519 877 1347 11233 5394 2043
internal_count=30744 9930 7647 3466 2283 3338 3007 2224 2903 20814 8242 6211 2331 2031 4181 3863 1821 1552 318 510 12572 860 331 261 519 877 1347 11233 5394 2043
is_linear=0
shrinkage=0.03


Tree=34
num_leaves=31
num_cat=0
split_feature=3 5 7 7 12 12 3 5 8 7 8 12 12 12 5 11 12 4 3 10 10 3 15 11 10 11 7 5 10 13
split_gain=221.386 103.474 148.692 77.0842 49.8417 46.2782 47.5514 45.286 41.1917 38.9872 59.8006 52.7168 48.4177 47.7994 40.1213 47.5853 35.1348 58.6015 32.5941 29.7284 29.2663 45.5231 37.0962 26.4013 26.105 34.2599 25.9428 24.7255 24.1868 32.3259
threshold=89.500000000000014 949.55000000000007 293.41728450000005 1376.8934125000003 0.9980355542543059 0.99138911339924218 48.500000000000007 953.95000000000016 390.4625867342732 217.6245045 1202.948352701145 -0.84774213365954088 0.14888728888808328 0.38043945030393422 952.45000000000016 0.83849049182116964 -0.42958798411962301 17.450000000000003 57.500000000000007 -0.37940952255126015 1.0000000180025095e-35 176.50000000000003 0.88600694444444439 0.97696484778429815 -0.12940952255126037 0.14250626876356556 911.26310449999994 954.55000000000007 0.60355339059327384 2.5000000000000004
decision_type=2 2 2 2 2 2 2 2 2 2 2 2 2 2 2 2 2 2 2 2 2 2 8 2 2 2 2 2 2 2
left_child=1 4 16 5 8 6 -4 -8 24 20 12 -12 -11 27 -15 -16 18 -18 -3 -7 23 -22 -23 -2 25 -1 -10 -14 -9 -30
right_child=9 2 3 -5 -6 19 7 28 26 10 11 -13 13 14 15 -17 17 -19 -20 -21 21 22 -24 -25 -26 -27 -28 -29 29 -31
leaf_value=-0.00055668432510318027 8.4282631310952778e-05 -0.0002824213143522094 -0.0036279479046012952 -6.7145178267170484e-05 0.0016578504396741825 0.0024332868581274335 0.0011329617027460847 0.0025188186946059868 -0.0059448480254522219 -0.0034434375338654893 -0.0059223694260859524 4.1255695310383269e-05 -0.0043913340413163932 0.002299730598040904 -0.002521968418440382 -0.0084910491262616648 0.0003212897154031775 -0.00063284178600638019 0.0064939750158730866 -0.0019264943336944407 1.3469498851270497e-05 -0.00014413340320910828 0.0025329820536634166 -0.00020289920336819824 0.0011027958513136786 0.00046844293738413647 0.00040923432220675343 0.004103011022746259 -0.0013349610857815572 0.002484749540447168
leaf_weight=425 5591 88 104 191 59 113 847 1379 605 3341 200 2212 134 218 1090 108 3366 497 230 217 3182 3961 87 400 707 353 134 290 140 475
leaf_count=425 5591 88 104 191 59 113 847 1379 605 3341 200 2212 134 218 1090 108 3366 497 230 217 3182 3961 87 400 707 353 134 290 140 475
internal_value=-0.000380562 0.00330514 0.00497842 0.00957299 -0.00229961 0.0106534 0.0118472 0.0125766 -0.00302158 -0.00213894 -0.00385223 4.97512e-05 -0.00566879 -0.00176087 -0.00440678 -0.00656093 0.00116958 0.000380533 0.0107547 0 -0.00115498 -0.00243983 -0.0045504 0.000395593 -0.000141414 -0.00393316 -0.0088092 0.00707547 0.0150451 0.0100976
internal_weight=30744 9930 7647 3466 2283 3275 2945 2841 2224 20814 7593 2412 5181 1840 1416 1198 4181 3863 318 330 13221 7230 4048 5991 1485 778 739 424 1994 615
internal_count=30744 9930 7647 3466 2283 3275 2945 2841 2224 20814 7593 2412 5181 1840 1416 1198 4181 3863 318 330 13221 7230 4048 5991 1485 778 739 424 1994 615
is_linear=0
shrinkage=0.03


Tree=35
num_leaves=31
num_cat=0
split_feature=12 1 11 8 1 1 9 5 11 12 11 9 1 13 12 1 8 5 12 14 4 15 11 12 4 5 4 5 12 5
split_gain=98.8089 132.467 75.6688 63.2462 51.6158 47.5698 43.6105 40.9363 38.3974 34.4206 34.0578 31.7722 35.0763 31.4403 28.181 27.9108 29.6767 39.2526 36.2546 31.2767 27.8773 27.0354 25.0084 24.5693 37.3088 27.7147 24.0312 24.7657 22.7687 22.6623
threshold=0.18281312110578132 3.8150000000000004 -0.97113884758256674 1652.5106699935614 5.0750000000000011 1.2250000000000003 0.60355339059327384 946.55000000000007 -0.95244167294248061 0.79253265336324141 0.99865421017599998 0.37940952255126054 2.0050000000000003 10.500000000000002 0.44312301391210612 8.8950000000000014 312.17383422256256 949.45000000000016 -0.57077231802681661 0.96583333333333343 35.150000000000013 0.069062500000000013 0.42179998225932674 0.86869874770991873 8.8500000000000032 962.25000000000011 -2.7499999999999996 959.75000000000011 -0.50557503990954278 963.85000000000002
decision_type=2 2 2 2 2 2 2 2 2 2 2 2 2 2 2 2 2 2 2 10 2 10 2 2 2 2 2 2 2 2
left_child=5 2 -2 4 13 -1 9 -4 -9 14 15 12 21 -3 -6 16 18 -18 20 28 -7 -10 -13 24 25 -14 29 -28 -20 -8
right_child=1 3 7 -5 6 10 26 8 11 -11 -12 22 23 -15 -16 -17 17 -19 19 -21 -22 -23 -24 -25 -26 -27 27 -29 -30 -31
leaf_value=0.00018430559628108224 0.008281710062346459 0.00029248461523412691 0.0062241473268995024 -2.0798787765376846e-05 0.00069812931989735657 0.0001034205046322005 -0.0069372144912967322 -0.00097087429256570391 -0.00029444261369981521 0.00088218721883907164 0.0005814760124256801 -3.1621717464949262e-05 0.0033467297984520134 0.0020010203679460439 -0.0025119652672638427 0.00012749085595262094 -0.0035581022041648687 -0.00099726064099325416 -0.00041311932508529959 -0.00055623952934147683 -0.00057277207130355999 -1.9375659743828436e-05 -0.00022998029218867773 -0.00035671864902406128 -0.00075711102029069467 -0.00018009193529460826 0.001301522411800531 0.0038331725329304924 -0.00014802472050673681 0.0011611945230709563
leaf_weight=1427 180 1331 146 722 198 4116 55 217 409 400 526 1894 1337 901 228 680 2369 2695 458 384 380 2577 800 1273 394 435 623 373 3153 63
leaf_count=1427 180 1331 146 722 198 4116 55 217 409 400 526 1894 1337 901 228 680 2369 2695 458 384 380 2577 800 1273 394 435 623 373 3153 63
internal_value=-0.000359094 0.00143446 -0.00060236 0.00545566 0.0068744 -0.00197183 0.0104536 -0.00096815 -0.00121465 0.00523002 -0.00247747 -0.000917864 0.000228794 0.00376344 -0.000704225 -0.00275448 -0.00305201 -0.00486967 -0.00196797 -0.00404756 -0.000120107 -0.00215003 -0.00365256 0.00229427 0.00423823 0.00609481 0.0143268 0.0158434 -0.00318194 0.00152542
internal_weight=30744 14556 9662 4894 4172 16188 1940 9482 9336 826 14761 9119 6425 2232 426 14235 13555 5064 8491 3995 4496 2986 2694 3439 2166 1772 1114 996 3611 118
internal_count=30744 14556 9662 4894 4172 16188 1940 9482 9336 826 14761 9119 6425 2232 426 14235 13555 5064 8491 3995 4496 2986 2694 3439 2166 1772 1114 996 3611 118
is_linear=0
shrinkage=0.03


Tree=36
num_leaves=31
num_cat=0
split_feature=3 5 7 7 12 8 12 13 11 8 3 11 8 7 13 3 12 6 13 5 12 9 12 3 15 5 4 11 11 7
split_gain=200.274 94.4443 141.707 80.0005 49.4574 47.1563 43.1496 46.5322 49.7146 38.1628 36.2253 45.4733 38.7402 41.3455 37.987 35.4986 44.8343 52.8391 34.5427 38.9299 32.7068 31.1347 30.4879 28.9256 28.7424 28.0588 26.4099 25.4559 25.1799 37.1141
threshold=89.500000000000014 949.55000000000007 293.41728450000005 1336.4532545 0.9980355542543059 1.7708633085613623 0.99138911339924218 11.500000000000002 0.63920241694561786 390.4625867342732 153.50000000000003 -0.92923668111203805 1467.2818038542812 251.83777950000004 2.5000000000000004 47.500000000000007 -0.42958798411962301 1.1253023348209508 9.5000000000000018 968.55000000000007 -0.84774213365954088 0.78656609248549325 0.029024409397335523 49.500000000000007 0.46385416666666668 961.95000000000016 28.750000000000004 0.97696484778429815 -0.022576249993022688 499.62172050000009
decision_type=2 2 2 2 2 2 2 2 2 2 2 2 2 2 2 2 2 2 2 2 2 2 2 2 10 2 2 2 2 2
left_child=1 4 15 6 9 -2 7 8 21 -1 11 22 13 27 -13 -3 -17 -18 -15 24 -14 25 -7 -23 -20 -4 -16 -12 -8 -30
right_child=5 2 3 -5 -6 10 28 -9 -10 -11 12 14 20 18 26 16 17 -19 19 -21 -22 23 -24 -25 -26 -27 -28 -29 29 -31
leaf_value=-1.2340899002477373e-05 6.6488159980359124e-05 -0.0001835973076360324 0.00024108107465546403 -5.0559778641900246e-05 0.0015900841323401068 -7.7683445801713099e-05 -0.0022652262311464067 0.0021740425871169724 0.0041404968334391966 -0.0038220843669447787 -0.00012729720106704077 -0.00030065469622235334 -0.0047280782515693584 -0.0032519455972209038 0.00081858873810171048 0.0050000330733353865 -0.0015322803850459387 0.00051671018811968669 0.0021256416493505514 -0.0088508778118038204 4.6542635498106967e-05 -0.00053075834159850045 -0.00072821155651397551 0.0017037528739988984 -0.0043658280847238672 0.0011127025093471271 -0.0015204893684919976 -0.00028017426538347827 -0.0015970181707511515 0.0030707329363991935
leaf_weight=1485 1339 649 845 207 59 229 159 414 900 739 7960 928 151 3726 2884 267 143 3122 519 76 1776 68 243 449 328 254 65 590 80 90
leaf_count=1485 1339 649 845 207 59 229 159 414 900 739 7960 928 151 3726 2884 267 143 3122 519 76 1776 68 243 449 328 254 65 590 80 90
internal_value=-0.000345433 0.00316012 0.00475873 0.00924409 -0.00219448 -0.00201787 0.0103928 0.0115495 0.0100159 -0.00291367 -0.0023923 2.06944e-05 -0.00308608 -0.00366619 0.00109105 0.00104042 0.00222537 0.00125881 -0.00594321 -0.000747562 0.00088739 0.00686881 -0.00877119 0.01294 0.00109799 0.00401274 0.00275687 -0.00242807 9.11854e-05 0.00811765
internal_weight=30744 9930 7647 3466 2283 20814 3259 2930 2516 2224 19475 4349 15126 13199 3877 4181 3532 3265 4649 923 1927 1616 472 517 847 1099 2949 8550 329 170
internal_count=30744 9930 7647 3466 2283 20814 3259 2930 2516 2224 19475 4349 15126 13199 3877 4181 3532 3265 4649 923 1927 1616 472 517 847 1099 2949 8550 329 170
is_linear=0
shrinkage=0.03


Tree=37
num_leaves=31
num_cat=0
split_feature=3 1 6 2 1 8 10 6 9 6 1 1 11 8 3 11 15 11 1 15 12 12 11 1 15 12 12 14 6 6
split_gain=191.639 128.588 134.044 62.6661 52.3428 43.1256 41.3253 33.7133 32.9059 45.0303 39.071 33.972 39.2881 31.8399 38.6379 56.1142 38.4389 30.6355 29.4869 35.2931 38.4224 67.4642 28.8056 31.8109 31.2288 27.1968 29.4792 25.7271 25.6184 24.5531
threshold=89.500000000000014 4.1650000000000009 1.1544653324880516 10.905000000000003 5.0750000000000011 28.286604400825674 0.25881904510252057 1.1267525109135887 0.60355339059327384 1.1630028190940804 2.3150000000000004 2.7850000000000006 0.69676570133721638 1015.9409292015379 138.50000000000003 -0.92923668111203805 0.022361111111111106 -0.97509794945709805 5.4150000000000009 0.3786458333333334 0.36447543099728863 0.11478523713130605 -0.90163369914317015 2.0250000000000004 0.042425804093567249 -0.57077231802681661 -0.50557503990954278 0.79250000000000009 1.1194782167011945 1.1558024841064225
decision_type=2 2 2 10 2 2 2 2 2 2 2 2 2 2 2 2 10 2 2 10 2 2 2 2 10 2 2 8 2 2
left_child=1 8 6 4 -4 25 -3 -7 9 10 -1 -11 17 14 15 -9 -16 -13 19 20 21 29 -17 24 -24 -2 -27 -20 -28 -18
right_child=5 2 3 -5 -6 7 -8 13 -10 11 -12 12 -14 -15 16 22 18 -19 27 -21 -22 -23 23 -25 -26 26 28 -29 -30 -31
leaf_value=0.00041948110746806182 0.00053871392200872991 -0.00056434789217723257 0.0018283606700449945 -1.6646909106274865e-05 0.0014258135080735025 -0.0011648797047179413 0.0021341874203169744 -0.0016765554152554159 -0.00017175927613183263 2.9655739440191257e-05 -0.001173963361164895 0.0094877645066236537 0.0058309949914936371 4.0451715629007506e-05 0.0040984904320586464 0.0042307366848755293 0.0003753790777326387 0.0018698182538514818 -0.0065447886801562683 -0.0012842008754659832 -0.0011111361700937212 0.0038917219800609438 -0.0033007417538127785 0.0011707423299340241 -0.00039102087193792855 -0.00017666593008216287 0.0010075894265548697 -0.00027321361694945898 -8.1415222794495305e-06 -0.0022963610518925768
leaf_weight=501 1538 1104 934 173 1065 4764 630 252 2064 1112 879 45 370 2164 95 92 776 1053 474 2477 1075 336 60 1286 882 197 158 178 3731 279
leaf_count=501 1538 1104 934 173 1065 4764 630 252 2064 1112 879 45 370 2164 95 92 776 1053 474 2477 1075 336 60 1286 882 197 158 178 3731 279
internal_value=-0.00034153 0.00308761 0.00732719 0.0122928 0.0137919 -0.00197752 0.00110727 -0.00280843 0.000338645 0.00193939 -0.00243478 0.00427907 0.0072752 -0.00185306 -0.00270153 0.000349922 -0.00408084 0.00442623 -0.00440214 -0.00361117 -0.00107056 0.00222142 0.00181034 0.00113106 -0.00305732 0.000266714 -0.00101322 -0.0103988 -0.000439702 -0.00150711
internal_weight=30744 9930 3906 2172 1999 20814 1734 15190 6024 3960 1380 2580 1468 10426 8262 2572 5690 1098 5595 4943 2466 1391 2320 2228 942 5624 4086 652 3889 1055
internal_count=30744 9930 3906 2172 1999 20814 1734 15190 6024 3960 1380 2580 1468 10426 8262 2572 5690 1098 5595 4943 2466 1391 2320 2228 942 5624 4086 652 3889 1055
is_linear=0
shrinkage=0.03


Tree=38
num_leaves=31
num_cat=0
split_feature=12 11 2 8 5 9 10 6 8 11 8 5 12 13 12 12 12 11 11 11 10 4 2 11 11 10 11 4 6 11
split_gain=86.9719 89.7994 80.439 51.3298 46.0071 44.4978 41.1736 34.7259 34.3747 42.0224 33.8944 49.0371 46.4047 31.6448 29.797 29.2956 87.369 28.8258 30.2865 28.4678 27.7491 47.6723 27.8691 27.485 32.0844 26.9557 35.7242 30.7378 26.8624 25.7794
threshold=0.18281312110578132 -0.97113884758256674 7.0150000000000006 1652.5106699935614 946.55000000000007 0.78656609248549325 0.25881904510252057 1.1462930529938207 12.986940524412731 0.9193901325473397 28.286604400825674 949.95000000000016 0.04621408538533487 1.5000000000000002 0.94636490295939868 0.65071284653328287 0.57605713708605399 -0.03977009085991149 -0.29343379936893921 0.022575936829235418 0.25881904510252057 19.150000000000002 10.595000000000001 0.90162119223771331 0.99053107487289871 -0.60355339059327384 -0.76694339346796603 -7.0499999999999989 1.1904346940799597 0.40614137006726808
decision_type=2 2 10 2 2 2 2 2 2 2 2 2 2 2 2 2 2 2 2 2 2 2 10 2 2 2 2 2 2 2
left_child=10 -2 4 5 -3 25 7 -6 13 17 12 19 28 -8 -7 16 -9 18 -10 -12 22 -22 23 -13 -25 26 -4 -27 -1 -28
right_child=1 2 3 -5 6 14 8 15 9 -11 11 20 -14 -15 -16 -17 -18 -19 -20 -21 21 -23 -24 24 -26 27 29 -29 -30 -31
leaf_value=0.00011123769797078758 0.0065835631696287049 0.0067766308847795756 -0.0021657196010655766 -2.3653669270201734e-05 -0.00079188378949197218 0.0021122902517547435 8.1465629806635155e-05 4.0795415726640983e-05 -0.00083586542997625402 0.0018778059051034121 -0.0012835210818415114 -0.00055229344806644986 -0.00011515659615459195 -3.1114000444966427e-06 0.00020550461497861368 -1.3631181413509369e-05 0.0047068463701661839 -0.0010123614267378831 0.0024366709591535397 -0.00059382839209433792 -3.5927994216478029e-05 0.0025542832834096604 0.0001289442473130992 -0.0024768626119237324 -0.00075106708982289436 0.0032555265584993504 0.0019744871472797388 4.189292267245903e-05 0.0017201219267848125 0.00081561398660865618
leaf_weight=3353 288 150 170 712 156 662 181 1595 1256 330 4102 1955 403 666 191 3547 468 1343 252 2400 1956 483 630 407 461 245 561 1513 38 270
leaf_count=3353 288 150 170 712 156 662 181 1595 1256 330 4102 1955 403 666 191 3547 468 1343 252 2400 1956 483 630 407 461 245 561 1513 38 270
internal_value=-0.000351288 0.00133141 0.000996636 0.00441258 -0.000488737 0.00586379 -0.00074127 0.000884495 -0.00306852 -0.00449859 -0.00186434 -0.00262385 0.000616763 0.00230224 0.0118523 0.00127273 0.00411537 -0.00567169 -0.00282493 -0.00442018 -0.000641548 0.00180812 -0.00237185 -0.00364506 -0.00808756 0.00401232 0.00794206 0.00177474 0.00176054 0.0105054
internal_weight=30744 14556 14268 4324 9944 3612 9794 5766 4028 3181 16188 12394 3794 847 853 5610 2063 2851 1508 6502 5892 2439 3453 2823 868 2759 1001 1758 3391 831
internal_count=30744 14556 14268 4324 9944 3612 9794 5766 4028 3181 16188 12394 3794 847 853 5610 2063 2851 1508 6502 5892 2439 3453 2823 868 2759 1001 1758 3391 831
is_linear=0
shrinkage=0.03


Tree=39
num_leaves=31
num_cat=0
split_feature=3 1 5 2 3 1 8 12 3 8 2 10 13 5 10 5 3 12 12 8 15 4 12 13 6 13 12 8 15 14
split_gain=180.602 126.275 121.384 86.5594 60.5178 41.8596 41.6498 35.9269 32.0453 35.9146 37.8755 47.2925 31.0329 38.9299 30.1977 30.1826 29.5262 29.4125 28.9435 27.8609 27.2497 25.4783 29.3592 24.4994 28.2293 28.6784 27.2126 24.2653 24.1306 23.9705
threshold=89.500000000000014 4.1650000000000009 951.85000000000002 10.905000000000003 48.500000000000007 5.0750000000000011 1.7708633085613623 0.93469109537144635 160.50000000000003 1467.2818038542812 6.3150000000000004 0.37940952255126048 9.5000000000000018 968.55000000000007 0.25881904510252057 959.35000000000002 243.50000000000003 -0.99168640063982161 -0.84774213365954088 323.86308700602405 0.46385416666666668 13.250000000000002 -0.39827153806311183 2.5000000000000004 1.1895970626285601 8.5000000000000018 -0.91249077947840473 25.989856387816161 0.85531250000000003 0.28750000000000003
decision_type=2 2 2 10 2 2 2 2 2 2 8 2 2 2 2 2 2 2 2 2 10 2 2 2 2 2 2 2 8 10
left_child=1 29 7 4 -4 15 -2 14 23 10 11 17 -12 20 -3 -6 27 -10 -11 21 -14 -7 -23 -8 26 -26 -25 -13 -20 -1
right_child=6 2 3 -5 5 19 8 -9 9 18 12 16 13 -15 -16 -17 -18 -19 28 -21 -22 22 -24 24 25 -27 -28 -29 -30 -31
leaf_value=-0.00012564280986953342 5.726670365261586e-05 -0.0014733263776745044 -0.0021410919798913928 -4.1591676371489377e-05 0.00051447156169969659 0.011050093448893562 -0.00026043551944103651 0.0010803337181463477 0.0024883327948409645 -0.0045334746611179104 -0.003108178192614568 -6.1391164687710933e-05 0.0020765938492076151 -0.0085399396337514852 0.0010079311721017418 0.004289218403690228 -1.2716038230395771e-05 -6.3378488883842482e-05 6.9546527282776416e-05 0.0015119861666671327 -0.0041192530454124531 0.0086577573181865902 -0.0034389269687049623 0.0016817183206178441 0.0036104750643759665 0.00072806650090539732 -0.00026464372826059257 -0.0013131639726041259 -9.3308086860323874e-05 0.00043046146654025119
leaf_weight=3389 1339 771 128 182 525 53 945 123 204 151 3726 809 519 76 452 380 807 5105 1689 1171 328 35 86 272 186 1135 1984 1452 87 2635
leaf_count=3389 1339 771 128 182 525 53 945 123 204 151 3726 809 519 76 452 380 807 5105 1689 1171 328 35 86 272 186 1135 1984 1452 87 2635
internal_value=-0.000325917 0.00300302 0.0072043 0.0110391 0.0125652 0.0137067 -0.0019141 -8.9153e-05 -0.00226598 -0.0029352 -0.00350069 -0.00229557 -0.00567219 -0.000747562 -0.0016435 0.00871823 -0.00526076 -0.000582031 0.00088739 0.0170632 0.00109799 0.00586207 -0.00173554 -5.30739e-05 0.00108191 0.00456472 -0.000957447 -0.00701902 0.00195946 0.000278884
internal_weight=30744 9930 3906 2560 2378 2250 20814 1346 19475 14953 13026 8377 4649 923 1223 905 3068 5309 1927 1345 847 174 121 4522 3577 1321 2256 2261 1776 6024
internal_count=30744 9930 3906 2560 2378 2250 20814 1346 19475 14953 13026 8377 4649 923 1223 905 3068 5309 1927 1345 847 174 121 4522 3577 1321 2256 2261 1776 6024
is_linear=0
shrinkage=0.03


Tree=40
num_leaves=31
num_cat=0
split_feature=12 1 11 2 1 9 1 10 11 4 12 11 11 1 4 8 12 14 4 11 12 12 11 9 10 11 13 12 9 6
split_gain=74.2852 108.971 65.8318 60.8252 52.3749 36.8939 36.6212 36.1443 35.4072 30.9449 34.8286 30.7003 29.8651 27.2245 33.2016 28.5858 33.973 28.328 26.6522 26.4965 25.7377 33.5619 30.1865 29.1134 26.8634 32.1193 25.5711 25.3342 25.2677 33.3522
threshold=0.18281312110578132 3.8150000000000004 -0.97113884758256674 10.795000000000002 5.285000000000001 0.60355339059327384 1.2550000000000001 -0.70710678118654757 0.9193901325473397 9.0500000000000025 0.65071284653328287 0.99865421017599998 -0.95754239937548935 8.2150000000000016 16.050000000000004 312.17383422256256 -0.57077231802681661 0.96583333333333343 35.150000000000013 -0.70291267844185523 -0.78858226040708135 -0.77243990499604276 -0.50556189049999822 -0.5 -0.60355339059327384 -0.8781231054254196 10.500000000000002 0.80290535434334509 -0.37940952255126059 1.1997713855428718
decision_type=2 2 2 8 2 2 2 2 2 2 2 2 2 2 2 2 2 10 2 2 2 2 2 2 2 2 2 2 2 2
left_child=6 2 -2 4 26 27 -1 9 12 10 -4 13 -9 15 -15 16 18 -18 -8 -14 22 -22 -17 -24 25 -23 -3 -6 29 -10
right_child=1 3 7 -5 5 -7 11 8 28 -11 -12 -13 19 14 -16 20 17 -19 -20 -21 21 24 23 -25 -26 -27 -28 -29 -30 -31
leaf_value=0.00016591822685783244 0.0077525735195864975 0.0003929261302426244 0.003658425703123803 -2.2023195452488818e-05 -0.00044051357191002955 0.0018931343313266444 0.00011898505555655632 -0.0012854665827192612 0.00090949853664647673 -0.00022611583934898158 0.00039926544881090277 0.000515942810692649 5.992454605269078e-05 0.00017623270515592187 -0.0003587590702756868 -0.0068865675974463031 -0.00017716332376385685 -0.00055082865995276383 -0.0005580355402947019 -9.9125531347372308e-05 0.0058765543562951991 -0.0001667449265160803 -0.0060752082838629474 -0.00099356329701878396 -0.00076233212251786446 -0.0043953165939889516 0.0015725820517815538 0.000664084001770204 -5.9952030545846239e-05 0.0076886041978381737
leaf_weight=1504 180 1472 422 821 326 986 4081 117 181 461 1489 522 1412 336 649 180 3576 381 380 5018 40 403 420 716 2283 717 995 294 288 94
leaf_count=1504 180 1472 422 821 326 986 4081 117 181 461 1489 522 1412 336 649 180 3576 381 380 5018 40 403 420 716 2283 717 995 294 288 94
internal_value=-0.000347385 0.00120775 -0.000639619 0.00485492 0.00635649 0.0105729 -0.00174574 -0.000980806 -0.00205063 0.00222597 0.00390895 -0.0022024 -0.00267145 -0.00246575 0.00234518 -0.00282538 -0.00177477 -0.00379833 2.01748e-05 -0.00239813 -0.00468376 -0.00331978 -0.00825228 -0.00644366 -0.00364091 -0.00744643 0.00361167 0.00483871 0.00516874 0.0116727
internal_weight=30744 14556 9662 4894 4073 1606 16188 9482 7110 2372 1911 14684 6547 14162 985 13177 8418 3957 4461 6430 4759 3443 1316 1136 3403 1120 2467 620 563 275
internal_count=30744 14556 9662 4894 4073 1606 16188 9482 7110 2372 1911 14684 6547 14162 985 13177 8418 3957 4461 6430 4759 3443 1316 1136 3403 1120 2467 620 563 275
is_linear=0
shrinkage=0.03


Tree=41
num_leaves=31
num_cat=0
split_feature=13 1 11 8 11 2 11 11 11 10 11 4 11 2 11 1 6 6 10 13 8 10 15 6 11 13 10 9 4 11
split_gain=60.9231 60.382 38.0546 35.2691 33.1985 38.2085 35.9318 29.0896 28.9152 27.5937 27.2397 30.484 26.9057 26.8319 44.1514 40.6184 40.5632 36.6382 72.3125 35.5719 31.7545 27.8958 25.4978 22.5255 28.6322 21.3997 41.4351 39.121 38.1169 55.3914
threshold=10.500000000000002 3.7550000000000003 -0.75579217237767959 1.5491506085810356 0.3261394409934788 4.4450000000000012 0.30983042691905771 1.0000000180025095e-35 -0.76694339346796603 0.1294095225512602 -0.37447345805034543 -0.34999999999999992 0.46800856592688472 4.3750000000000009 -0.861146256326485 6.0050000000000008 1.2365509922533644 1.201217682731065 -0.37940952255126015 6.5000000000000009 11.067639774496024 0.1294095225512602 0.29281250000000003 1.2144841802529631 -0.28519255817492867 3.5000000000000004 0.25881904510252057 0.60355339059327384 1.0500000000000003 0.9550229469509578
decision_type=2 2 2 2 2 10 2 2 2 2 2 2 2 10 2 2 2 2 2 2 2 2 10 2 2 2 2 2 2 2
left_child=3 2 8 -1 6 12 13 10 9 -2 -4 -12 -6 16 15 22 19 -16 -19 -5 21 -18 -15 24 -13 28 -27 -28 -7 -30
right_child=1 -3 7 4 5 25 -8 -9 -10 -11 11 23 -14 14 17 -17 20 18 -20 -21 -22 -23 -24 -25 -26 26 27 -29 29 -31
leaf_value=7.5516767144306901e-05 0.0031751726950604493 0.00054025157148371783 -0.00015303704338427457 0.00077370126074176987 0.0005496870756848104 -1.5550652759517299e-05 -0.002198661210730589 -0.0012574813440372602 0.0063964140672728743 -0.00018762332993747376 -4.1668382024908843e-06 0.0059807467508482121 -0.00015240709357991077 0.00011724925836949853 -0.0022520559928174825 0.00028167956972693128 -6.7854538967751591e-05 0.002751021008054657 -0.0018627505984433375 -4.3052526548396397e-05 -0.00078458187431223385 0.00011719293393008579 -0.0017905352901660615 0.005718250925165454 -6.6415269381841141e-05 -0.001119668691575913 2.7038359610171615e-05 0.002168736136325572 0.0034537251843294583 4.9042270858362692e-05
leaf_weight=1171 279 2031 1955 580 397 1878 133 39 71 281 854 79 3434 1143 3248 966 44 329 584 4077 241 53 1273 94 149 2127 959 441 895 939
leaf_count=1171 279 2031 1955 580 397 1878 133 39 71 281 854 79 3434 1143 3248 966 44 329 584 4077 241 53 1273 94 149 2127 959 441 895 939
internal_value=-0.000362998 0.00239712 0.000165746 -0.00100915 -0.00125985 -5.96206e-05 -0.00230842 -0.0011735 0.00689382 0.00460714 -0.000852763 0.0027551 -0.00248238 -0.00214388 -0.00327323 -0.00072738 -0.000438438 -0.00534247 -3.28587e-05 0.000289886 -0.0104734 0.00402062 -0.00280629 0.0106211 0.00552632 0.00122254 -0.000450808 0.00355714 0.0028125 0.00588877
internal_weight=30744 5832 3801 24912 23741 11070 12671 3170 631 560 3131 1176 3831 12538 7543 3382 4995 4161 913 4657 338 97 2416 322 228 7239 3527 1400 3712 1834
internal_count=30744 5832 3801 24912 23741 11070 12671 3170 631 560 3131 1176 3831 12538 7543 3382 4995 4161 913 4657 338 97 2416 322 228 7239 3527 1400 3712 1834
is_linear=0
shrinkage=0.03


Tree=42
num_leaves=31
num_cat=0
split_feature=3 1 5 8 1 5 11 3 8 13 3 9 11 5 12 12 12 12 12 3 11 11 11 12 5 4 5 10 11 12
split_gain=162.862 111.853 113.594 101.109 67.924 66.9915 42.996 42.4265 41.1221 50.6884 37.159 35.552 39.5896 34.4458 32.3109 31.6451 29.7288 44.715 40.686 42.0676 28.5201 39.9798 28.0999 28.3986 27.4478 26.5783 32.564 24.4096 34.0597 28.2434
threshold=89.500000000000014 3.8150000000000004 951.75000000000011 1322.4775928742667 5.5450000000000008 959.35000000000002 -0.41398024697495356 58.500000000000007 28.286604400825674 8.5000000000000018 66.500000000000014 0.37940952255126054 0.69676570133721638 952.55000000000007 -0.099822328936730861 -0.45273527932988084 0.97062204580664158 0.96177147954086928 0.94636490295939868 120.50000000000001 -0.0053757284505435614 -0.074117382312902977 -0.30163705152652742 0.9989598388634241 945.85000000000002 -2.3499999999999992 970.1500000000002 0.78656609248549303 0.022575936829235418 -0.98801846520836312
decision_type=2 2 2 2 2 2 2 2 2 2 2 2 2 2 2 2 2 2 2 2 2 2 2 2 2 2 2 2 2 2
left_child=1 11 6 4 5 7 -3 -4 13 16 -6 12 -1 -2 -14 -11 17 18 19 -10 21 -17 -8 24 -24 26 -18 29 -29 -21
right_child=8 2 3 -5 10 -7 22 -9 9 15 -12 -13 14 -15 -16 20 25 -19 -20 27 -22 -23 23 -25 -26 -27 -28 28 -30 -31
leaf_value=-8.2106420633640954e-07 0.00025768346324274026 -0.0016835479733081982 -0.0025192989398594295 -4.0964525640405019e-05 0.0015228672493367945 0.0040750292075967835 0.0048876647892828811 0.0009291659874463645 0.00041249143097346473 0.0017102729746127894 0.0037566025574676106 -0.00017718563011529832 -0.00018437658970226633 -1.8604824049763685e-05 0.0047320319195638168 -0.00011113760285289144 -0.002241556939629746 0.0046359680279999286 -0.0024261769158715092 0.0008483791246594398 -0.0032967452254356673 0.0045881393400448401 -0.0023925606065010848 0.0010595937953154018 0.00082267177404021742 -0.00098727425437557487 0.0038492637520388148 -0.002296129019899092 -0.00099111478033254681 -0.00088002089836736143
leaf_weight=2248 2569 541 176 337 335 761 57 814 1258 200 632 2350 206 3055 526 4737 196 93 78 460 85 107 269 50 628 236 32 447 1003 6258
leaf_count=2248 2569 541 176 337 335 761 57 814 1258 200 632 2350 206 3055 526 4737 196 93 78 460 85 107 269 50 628 236 32 447 1003 6258
internal_value=-0.000405933 0.00275529 0.00618261 0.00953519 0.011457 0.00793261 -0.000446602 0.00278788 -0.0019141 -0.00272548 0.0178387 -0.000202627 0.00197315 0.000277383 0.00803279 -0.000298304 -0.00396283 -0.00360425 -0.00380682 -0.00362826 -0.000772976 -0.000470685 0.00322709 0.00199578 0.000769231 -0.0113793 -0.0186842 -0.00441479 -0.00794483 -0.00365287
internal_weight=30744 9930 4600 3055 2718 1751 1545 990 20814 15190 967 5330 2980 5624 732 5129 10061 9597 9504 9426 4929 4844 1004 947 897 464 228 8168 1450 6718
internal_count=30744 9930 4600 3055 2718 1751 1545 990 20814 15190 967 5330 2980 5624 732 5129 10061 9597 9504 9426 4929 4844 1004 947 897 464 228 8168 1450 6718
is_linear=0
shrinkage=0.03


Tree=43
num_leaves=31
num_cat=0
split_feature=3 3 4 10 11 8 13 11 11 4 2 2 10 9 11 4 3 4 10 11 4 14 11 11 11 2 4 11 11 2
split_gain=151.793 65.6669 49.1782 45.3641 45.7847 37.8882 46.5079 29.9737 33.3814 29.0056 28.9247 39.5996 47.9135 51.1793 32.6295 28.0407 26.32 38.6499 30.215 42.4599 25.0521 22.5584 21.7209 22.0227 21.2297 25.2255 20.4029 22.2084 19.659 18.8843
threshold=89.500000000000014 61.500000000000007 27.050000000000004 -0.12940952255126037 0.14250626876356556 28.286604400825674 8.5000000000000018 -0.0053757284505435614 -0.074117382312902977 19.350000000000005 10.795000000000002 6.6450000000000005 0.60355339059327384 -0.70710678118654735 0.94138322595482449 4.2500000000000009 120.50000000000001 -2.3499999999999992 0.60355339059327384 0.3261394409934788 28.150000000000002 0.99416666666666675 0.24372619187392155 0.27694220057652758 -0.99467753128998015 12.555000000000001 2.0500000000000003 0.74443451080969758 -0.82415615971448097 16.550000000000001
decision_type=2 2 2 2 2 2 2 2 2 2 10 10 2 2 2 2 2 2 2 2 2 8 2 2 2 10 2 2 2 10
left_child=1 -1 10 4 -4 9 16 8 21 -2 11 26 13 15 -14 -13 17 22 28 -20 -19 24 -7 -24 25 -8 27 -3 -18 -26
right_child=5 2 3 -5 -6 6 7 -9 -10 -11 -12 12 14 -15 -16 -17 18 20 19 -21 -22 -23 23 -25 29 -27 -28 -29 -30 -31
leaf_value=-7.7183333671709061e-05 -1.3698905380594159e-05 -0.00028913683003096568 -0.0030977476673569255 0.0027069957178699621 -4.5170272397658821e-05 -0.001841997090212789 -0.0020043792660487613 -0.0031978428686725972 0.0044504951598434948 0.00037905015192648612 -2.645611508318636e-05 0.00086111592412340982 0.00028976638090177768 0.0019606713272027473 0.0039597632648263846 -0.0016859879971466583 -0.0024874297775731814 0.00094380082025226841 -0.0019488710855381658 -0.00084424176052491163 -0.0058985152380375333 0.0014850334395330538 0.0058082112608487243 -0.00092847552311075133 2.9119007207375793e-05 0.00015797817324167347 0.0015544221999010219 0.0053316540174814771 -0.00071995468288560828 -4.7156936800802629e-05
leaf_weight=2716 3791 993 209 249 244 129 410 85 107 1833 276 371 1043 1521 141 175 268 1028 800 1326 36 68 44 290 4359 61 1818 174 6140 39
leaf_count=2716 3791 993 209 249 244 129 410 85 107 1833 276 371 1043 1521 141 175 268 1028 800 1326 36 68 44 290 4359 61 1818 174 6140 39
internal_value=-0.000423497 0.0026284 0.00412531 -0.0034188 -0.00907285 -0.0018795 -0.00265833 -0.000333398 -3.5686e-05 0.00022404 0.00493857 0.0053592 0.00764995 0.0104064 0.00283784 0.00252747 -0.00384355 -0.00021611 -0.00449262 -0.00759172 0.00293233 -0.000394977 -0.0074514 -0.00341317 -0.000634627 -0.0066879 0.00286432 -0.000231362 -0.00346442 1.36426e-05
internal_weight=30744 9930 7214 702 453 20814 15190 5129 5044 5624 6512 6236 3251 2067 1184 546 10061 1527 8534 2126 1064 4937 463 334 4869 471 2985 1167 6408 4398
internal_count=30744 9930 7214 702 453 20814 15190 5129 5044 5624 6512 6236 3251 2067 1184 546 10061 1527 8534 2126 1064 4937 463 334 4869 471 2985 1167 6408 4398
is_linear=0
shrinkage=0.03


Tree=44
num_leaves=31
num_cat=0
split_feature=3 1 5 7 1 5 3 11 7 9 11 5 7 3 11 12 11 3 11 13 10 5 7 12 11 14 12 9 11 15
split_gain=139.805 101.428 98.497 108.779 64.4111 64.2946 40.6214 39.3692 36.2752 33.3443 34.2109 32.1197 40.4006 31.2092 28.4292 28.7266 26.5516 26.3983 39.21 34.9015 31.8466 32.9506 32.8948 31.2708 31.7623 40.1357 28.7745 26.4428 25.4218 25.1049
threshold=89.500000000000014 3.8150000000000004 951.75000000000011 1065.8974545000003 5.5450000000000008 959.35000000000002 58.500000000000007 -0.41398024697495356 2.0243795000000007 0.37940952255126054 0.84773968378660736 949.25000000000011 148.4564445 66.500000000000014 -0.30163705152652742 0.9989598388634241 0.14250626876356556 153.50000000000003 -0.92923668111203805 2.5000000000000004 0.37940952255126048 945.35000000000002 55.524654500000004 -0.99168640063982161 -0.92923668111203805 0.96916666666666684 0.029024409397335523 -0.5 0.82414472752956958 0.019027777777777768
decision_type=2 2 2 2 2 2 2 2 2 2 2 2 2 2 2 2 2 2 2 2 2 2 2 2 2 10 2 2 2 10
left_child=1 9 7 4 5 6 -4 -3 -2 10 11 12 -1 -6 -9 16 -16 18 26 -20 23 22 -22 27 25 -25 -10 -19 -18 -23
right_child=8 2 3 -5 13 -7 -8 14 17 -11 -12 -13 -14 -15 15 -17 28 20 19 -21 21 29 -24 24 -26 -27 -28 -29 -30 -31
leaf_value=0.00028853663937452234 2.7273853293739792e-05 -0.0016307260340988011 -0.0024414044716534952 -4.3119758409045219e-05 0.0015634893857104403 0.0039903875760935693 0.00093637514356895905 0.0046598249740682956 -6.2930928458305635e-05 -0.00016777150535383334 0.003489796169955971 0.00075711290841729538 -0.0053273280281135567 0.0037040182060993168 -0.0025183465024145274 0.0010191129900288863 0.0024961721818734573 -0.0010032759720483946 -0.00032236171464938759 0.00064894497542733649 -0.00024863969209914735 0.0027830791604084634 -0.0035965697875657023 0.00031228802430639726 -0.0002515107298754611 -0.0013487730327604263 -0.00070006586045914777 0.0025533239393299555 -0.0010312477521296909 -0.00029817909292511631
leaf_weight=247 1574 541 176 363 330 759 810 57 225 2350 525 1897 311 617 200 50 357 127 915 2922 301 38 398 1329 8132 98 238 251 340 4266
leaf_count=247 1574 541 176 363 330 759 810 57 225 2350 525 1897 311 617 200 50 357 127 915 2922 301 38 398 1329 8132 98 238 251 340 4266
internal_value=-0.0004274 0.00250151 0.00576522 0.00888707 0.0109658 0.00754728 0.00249493 -0.000407767 -0.00182473 -0.000315197 0.00179195 0.000305499 -0.00602151 0.017265 0.00310757 0.00186906 0.000635452 -0.00218295 -0.000111628 0.000883503 -0.00277912 -0.00473116 -0.0107725 -0.00179632 -0.00213098 0.0019972 -0.00835853 0.00666667 0.00340029 -0.00375
internal_weight=30744 9930 4600 3055 2692 1745 986 1545 20814 5330 2980 2455 558 947 1004 947 897 19240 4300 3837 14940 5003 699 9937 9559 1427 463 378 697 4304
internal_count=30744 9930 4600 3055 2692 1745 986 1545 20814 5330 2980 2455 558 947 1004 947 897 19240 4300 3837 14940 5003 699 9937 9559 1427 463 378 697 4304
is_linear=0
shrinkage=0.03


Tree=45
num_leaves=31
num_cat=0
split_feature=3 1 5 7 8 1 6 5 14 3 3 11 12 10 6 4 6 11 1 7 12 11 14 15 8 12 3 7 1 8
split_gain=131.02 96.4733 93.8587 102.026 39.3497 39.2919 34.8605 29.6887 28.9221 24.5272 23.8035 42.0107 32.2669 31.5639 37.7175 29.1858 29.177 47.9813 26.6341 31.0944 26.1905 28.2093 35.4786 24.9655 23.8235 23.0731 27.9144 22.8219 32.7718 24.7681
threshold=89.500000000000014 3.8350000000000004 957.25000000000011 1065.8974545000003 4.7511700992975259 5.3250000000000011 1.0787720434367385 959.35000000000002 0.070833333333333345 63.500000000000007 153.50000000000003 -0.92923668111203805 0.029024409397335523 0.60355339059327384 1.1118060122141966 28.750000000000004 1.2341915262634726 -0.03977009085991149 7.0550000000000006 4533.0913399999999 -0.99465740988130902 -0.92923668111203805 0.96916666666666684 0.88600694444444439 1043.0794292712023 -0.99966479353140603 237.50000000000003 1376.8934125000003 4.8950000000000005 898.11621005009749
decision_type=2 2 2 2 2 2 2 2 8 2 2 2 2 2 2 2 2 2 2 2 2 2 10 8 2 2 2 2 2 2
left_child=1 -1 6 5 -2 7 -3 -4 -8 -10 11 12 -6 20 -15 16 -13 -18 23 -20 24 22 -22 -16 25 -12 -27 28 -23 -30
right_child=4 2 3 -5 10 -7 8 -9 9 -11 13 15 -14 14 18 -17 17 -19 19 -21 21 27 -24 -25 -26 26 -28 -29 29 -31
leaf_value=-3.564279088422925e-05 2.0972181261017797e-05 -0.0022420263529669806 0.00048524781865901201 -3.7648313666425945e-05 -0.0002675540360277546 0.0038213203221215131 -0.00017195496842252082 0.0038530290764534924 -4.9641776095538103e-07 0.00079611220955270968 -0.00053488104045914533 0.00064831214460762195 -0.00085251185685008884 -0.001341021999263677 -0.00051699637745671642 -0.0019362390363158023 0.0042148226747474853 -0.00056095985336744982 0.00022935528684200012 -4.9314841872239621e-05 0.00029882670771150683 -0.00022038033571138575 -0.0012270374718999384 0.0016948300070593208 -0.0041925418233059626 -0.00019489095144018808 0.0046083868634874386 5.1723137452006807e-05 -0.0032161553334412582 -0.0013834393596924841
leaf_weight=5377 2325 311 235 249 207 549 690 684 531 1304 100 2839 217 504 2788 57 163 624 321 35 1431 5516 106 65 34 67 139 1133 1367 776
leaf_count=5377 2325 311 235 249 207 549 690 684 531 1304 100 2839 217 504 2788 57 163 624 321 35 1431 5516 106 65 34 67 139 1133 1367 776
internal_value=-0.000454723 0.00238066 0.00559411 0.0111299 -0.00180744 0.0141417 0.0022426 0.0103482 0.0034099 0.00537875 -0.00227 -0.000255661 -0.00919811 -0.00284522 -0.00522758 0.000773826 0.00110866 -0.00400254 -0.00402929 0.00370787 -0.00201612 -0.0022858 0.00146389 -0.00499474 0.00617647 0.00882353 0.0145631 -0.00294131 -0.00352918 -0.00667755
internal_weight=30744 9930 4553 1717 20814 1468 2836 919 2525 1835 18489 4107 424 14382 3713 3683 3626 787 3209 356 10669 10329 1537 2853 340 306 206 8792 7659 2143
internal_count=30744 9930 4553 1717 20814 1468 2836 919 2525 1835 18489 4107 424 14382 3713 3683 3626 787 3209 356 10669 10329 1537 2853 340 306 206 8792 7659 2143
is_linear=0
shrinkage=0.03


Tree=46
num_leaves=31
num_cat=0
split_feature=3 1 5 8 1 7 13 12 4 3 5 5 11 11 5 8 12 4 4 10 8 5 14 9 5 7 12 8 11 5
split_gain=122.727 88.1572 84.8042 105.385 41.219 40.2519 31.9206 31.5313 43.0004 38.9214 34.3392 30.9138 31.73 29.1855 29.095 47.7284 39.7217 30.0454 36.7431 37.7724 44.4038 28.7231 28.0337 27.5403 34.4053 41.6046 27.5271 26.4066 26.036 25.3282
threshold=89.500000000000014 3.8350000000000004 957.25000000000011 1102.3626727171491 5.3250000000000011 9.0641205000000014 8.5000000000000018 0.97062204580664158 -2.3499999999999992 135.50000000000003 970.1500000000002 949.55000000000007 -0.52032787705993211 -0.82415615971448097 953.45000000000016 1043.0794292712023 0.92843842216862604 6.4500000000000011 21.450000000000003 0.60355339059327384 46.626719373079922 959.25000000000011 0.070833333333333345 0.37940952255126054 949.55000000000007 339.33863250000007 -0.45273527932988084 335.02379275181062 0.022575936829235418 960.25000000000011
decision_type=2 2 2 2 2 2 2 2 2 2 2 2 2 2 2 2 2 2 2 2 2 2 10 2 2 2 2 2 2 2
left_child=1 23 11 4 21 -2 7 9 10 -7 -9 12 -3 -11 16 29 17 -15 -19 27 -21 -4 -13 24 25 -1 -8 -20 -10 -16
right_child=5 2 3 -5 -6 6 26 8 28 13 -12 22 -14 14 15 -17 -18 18 19 20 -22 -23 -24 -25 -26 -27 -28 -29 -30 -31
leaf_value=0.00013878716389786441 1.2929206289932289e-05 -0.0028081917763294168 0.00047069038409924168 -2.9255122898174944e-05 0.0048967691337350296 0.0003078555461615286 0.0015145244477083033 -0.0017586615295846978 0.0020543622293649269 -0.0011722756088129937 0.0031582596723979182 -9.0328374480692e-05 0.00019095531965007573 -0.0013901915302949029 -0.0012164092287175103 3.2605913406088691e-05 0.0058521620582284361 0.00024683280558532972 -5.8083496791790088e-06 0.00017631714923792082 -0.0029384845122508159 0.0041405481942328936 0.00076655920167391985 -0.00015628499111055682 0.0012806282617204635 -0.0067005196011471896 -0.00011353286544621657 -0.0022828112304018899 -0.00052459398862444257 -0.00030161643308613075
leaf_weight=461 3524 285 219 365 468 1774 206 223 33 386 34 512 797 170 1755 698 86 1555 1925 201 460 665 1242 2367 2323 226 5659 1210 251 664
leaf_count=461 3524 285 219 365 468 1774 206 223 33 386 34 512 797 170 1755 698 86 1555 1925 201 460 665 1242 2367 2323 226 5659 1210 251 664
internal_value=-0.000472287 0.0022719 0.00534373 0.0106057 0.0144675 -0.00178149 -0.0023771 -0.00330066 -0.0103697 -0.00294928 -0.0192607 0.00215797 -0.00182994 -0.00374094 -0.00338377 -0.00570741 -0.00209203 -0.00240717 -0.00201271 -0.00360379 -0.010121 0.0106561 0.00461802 -0.00032918 0.00157475 -0.00432314 -0.000578005 -0.00222967 -0.00232394 -0.00770153
internal_weight=30744 9930 4553 1717 1352 20814 17290 11425 541 10884 257 2836 1082 9110 8724 3117 5607 5521 5351 3796 661 884 1754 5377 3010 687 5865 3135 284 2419
internal_count=30744 9930 4553 1717 1352 20814 17290 11425 541 10884 257 2836 1082 9110 8724 3117 5607 5521 5351 3796 661 884 1754 5377 3010 687 5865 3135 284 2419
is_linear=0
shrinkage=0.03


Tree=47
num_leaves=31
num_cat=0
split_feature=3 1 5 2 8 1 5 11 5 8 8 3 5 4 2 2 12 12 5 11 5 5 9 4 11 11 8 1 12 2
split_gain=117.789 84.9726 81.0616 102.057 40.1067 39.6303 29.7375 30.5948 29.4806 27.4198 28.6538 29.2128 26.5746 29.5072 26.3417 29.9927 35.5091 39.876 36.8527 44.4949 27.731 26.0404 24.4274 32.663 32.6645 36.0386 32.5367 27.1633 24.4097 24.4012
threshold=89.500000000000014 3.8350000000000004 957.25000000000011 9.4750000000000032 25.989856387816161 5.3250000000000011 949.55000000000007 -0.52032787705993211 959.25000000000011 227.01923430638536 1284.6589609965047 45.500000000000007 958.85000000000002 2.6500000000000008 11.125000000000002 6.0150000000000006 0.14888728888808328 0.38043945030393422 952.45000000000016 0.83849049182116964 954.55000000000007 952.55000000000007 0.37940952255126054 12.250000000000002 0.69676570133721638 -0.97113884758256674 359.54208078559054 2.7850000000000006 -0.84774213365954088 16.550000000000001
decision_type=2 2 2 10 2 2 2 2 2 2 2 2 2 2 10 8 2 2 2 2 2 2 2 2 2 2 2 2 2 10
left_child=1 22 6 5 21 8 7 -3 -4 -8 11 -11 -5 -14 15 -6 -17 20 -19 -20 -18 -2 23 24 25 -1 -25 -26 -16 -30
right_child=4 2 3 12 14 -7 9 -9 -10 10 -12 -13 13 -15 28 16 17 18 19 -21 -22 -23 -24 26 27 -27 -28 -29 29 -31
leaf_value=0.0080959635317794671 0.00025563173473155856 -0.0027239460230395343 0.00052394398340726244 0.00027044939251299728 -0.00037959772171504918 0.004999820511807267 -0.00099718017652085616 0.00018522666006057342 0.0041744957088738505 -0.0052261347907849838 -6.8366340096070178e-05 0.001155108399177757 -2.5663800670146924e-07 -0.00024793462377809618 -0.0039035433084279999 -0.0027028703365644378 -0.0046480014802992653 0.0018691657072418288 -0.0021511202881188819 -0.0078740449253499462 0.0029980317335413132 -1.295848911353128e-05 -0.00015159644137724014 5.7971709576091479e-05 0.00086764846856793613 0.00023034620779792953 -0.0052905481175693986 0.0063253059183968367 0.0001272806944792136 -3.5031297517280801e-05
leaf_weight=61 2477 285 217 50 7787 437 276 797 646 37 161 1280 264 103 142 3743 156 237 1266 113 322 2956 2367 758 210 1420 280 281 1452 163
leaf_count=61 2477 285 217 50 7787 437 276 797 646 37 161 1280 264 103 142 3743 156 237 1266 113 322 2956 2367 758 210 1420 280 281 1452 163
internal_value=-0.000452771 0.00223565 0.00525148 0.010396 -0.00173537 0.0145385 0.00213681 -0.00177449 0.0108111 0.0045496 0.0061705 0.00763098 -0.00251799 -0.00531335 -0.00251804 -0.00296389 -0.00458969 -0.00146132 -0.00371287 -0.00559101 0.00615063 0.000480398 -0.000318021 0.00147508 0.00374239 0.00151924 -0.00283237 0.0104481 0.000939101 0.00198762
internal_weight=30744 9930 4553 1717 20814 1300 2836 1082 863 1754 1478 1317 417 367 15381 13624 5837 2094 1616 1379 478 5433 5377 3010 1972 1481 1038 491 1757 1615
internal_count=30744 9930 4553 1717 20814 1300 2836 1082 863 1754 1478 1317 417 367 15381 13624 5837 2094 1616 1379 478 5433 5377 3010 1972 1481 1038 491 1757 1615
is_linear=0
shrinkage=0.03


Tree=48
num_leaves=31
num_cat=0
split_feature=3 1 5 2 8 1 13 6 1 3 4 10 2 5 2 5 14 9 6 8 1 8 10 6 5 2 13 5 8 13
split_gain=110.045 80.6069 79.0352 101.079 38.1312 36.6683 36.602 31.9483 27.7953 28.3605 38.2712 30.6339 29.3965 27.2132 25.6324 25.2372 25.2018 23.8873 32.8089 29.8276 24.4479 23.5743 27.7562 26.5665 23.0694 26.1011 22.7691 42.5551 26.9454 22.7371
threshold=89.500000000000014 3.8350000000000004 957.25000000000011 9.6950000000000021 25.989856387816161 5.3250000000000011 8.5000000000000018 1.0787720434367385 8.3050000000000015 120.50000000000001 -2.3499999999999992 0.60355339059327384 6.3150000000000004 959.25000000000011 16.550000000000001 952.55000000000007 0.070833333333333345 0.37940952255126054 1.1569265417570926 54.118603675389458 2.7850000000000006 1015.9409292015379 0.25881904510252057 1.1615437728343057 950.95000000000016 15.145000000000001 6.5000000000000009 953.45000000000016 46.626719373079922 3.5000000000000004
decision_type=2 2 2 10 2 2 2 2 2 2 2 2 10 2 10 2 8 2 2 2 2 2 2 2 2 10 2 2 2 2
left_child=1 17 7 5 15 13 8 -3 9 10 -6 12 -11 -4 21 -2 -9 18 19 -1 -20 22 -8 -24 -10 -26 27 -13 -28 -19
right_child=4 2 3 -5 6 -7 14 16 24 11 -12 26 -14 -15 -16 -17 -18 29 20 -21 -22 -23 23 -25 25 -27 28 -29 -30 -31
leaf_value=0.00063002128266235341 0.00024796278268961186 -0.0020628723141265628 0.00044845619080087425 -2.8281357396281456e-05 -0.0010355419637086587 0.0046331553131231324 0.00023466144996920748 -0.00015956540615438209 -0.0011019145446237626 -0.00034225622254176912 0.00072144468219484718 0.00027374837174278438 -0.0025771748241224966 0.0038794081238266321 -3.4144970660230243e-05 -1.2569734440125339e-05 0.00065197885967915414 -0.00040979522709699189 9.8474399469406954e-05 -0.0018362565710810747 0.0037134616806983115 0.00016985805820607491 -0.0014276297383216696 -0.00069251663355742951 0.00021309485920847077 -3.5315972074525478e-05 0.00018789465786330471 -0.0014917689529516691 -0.0027892752335548247 -4.4584151666866761e-05
leaf_weight=283 2477 311 219 368 465 464 2502 690 316 3065 1069 565 2686 666 44 2956 1835 732 992 663 1072 966 427 1251 410 167 96 837 515 1635
leaf_count=283 2477 311 219 368 465 464 2502 690 316 3065 1069 565 2686 666 44 2956 1835 732 992 663 1072 966 427 1251 410 167 96 837 515 1635
internal_value=-0.000429352 0.00216918 0.00510652 0.0101864 -0.00166907 0.0139881 -0.00243222 0.00203103 -0.0034766 -0.00396214 -0.000234681 -0.00469861 -0.00358372 0.0104068 -0.000381503 0.000491441 0.00314851 -0.000318021 0.00145515 -0.00317125 0.00357558 -0.000186553 -0.00116268 -0.00414779 0.00157895 0.00514731 -0.00788376 -0.00577746 -0.0127169 -0.00257288
internal_weight=30744 9930 4553 1717 20814 1349 15381 2836 10191 9298 1534 7764 5751 885 5190 5433 2525 5377 3010 946 2064 5146 4180 1678 893 577 2013 1402 611 2367
internal_count=30744 9930 4553 1717 20814 1349 15381 2836 10191 9298 1534 7764 5751 885 5190 5433 2525 5377 3010 946 2064 5146 4180 1678 893 577 2013 1402 611 2367
is_linear=0
shrinkage=0.03


Tree=49
num_leaves=31
num_cat=0
split_feature=3 5 2 2 12 12 8 2 12 13 11 11 8 11 5 11 15 11 14 6 12 2 6 12 12 8 11 3 12 5
split_gain=104.908 49.4707 93.2506 84.2 56.6463 47.04 45.8243 41.6205 38.9186 52.106 43.8881 37.0954 34.9926 31.421 34.8999 29.9474 29.1881 33.0606 29.1086 28.1964 43.4972 32.9861 29.3512 28.0268 43.5189 30.5191 32.3982 27.5717 26.0065 25.0448
threshold=160.50000000000003 949.55000000000007 6.6450000000000005 10.215000000000002 0.99530134160901229 -0.6523320455745395 312.17383422256256 2.2150000000000003 0.99024581825578073 11.500000000000002 0.63920241694561786 -0.68430824382591193 1467.2818038542812 0.82899317702918729 951.25000000000011 -0.074117382312902977 0.034504830917874395 0.24372619187392155 0.070833333333333345 1.1477108442596691 -0.39827153806311183 1.6450000000000002 1.1071272351669224 0.65071284653328287 0.64414586362404946 131.28577499753243 -0.83377653105606597 61.500000000000007 -0.91249077947840473 972.6500000000002
decision_type=2 2 10 10 2 2 2 8 2 2 2 2 2 2 2 2 10 2 8 2 2 10 2 2 2 2 2 2 2 2
left_child=1 4 5 8 6 27 11 -2 9 10 -4 18 13 -9 -15 -10 17 -7 -1 20 22 -22 -18 24 25 -21 -27 -3 -14 -25
right_child=7 2 3 -5 -6 16 -8 12 15 -11 -12 -13 28 14 -16 -17 19 -19 -20 23 21 -23 -24 29 -26 26 -28 -29 -30 -31
leaf_value=0.00014852548990415521 1.239048601096038e-05 -0.00043082957579633192 0.00061067421350286184 -4.7891594850197894e-05 0.0021992249294974851 -0.0016100365814528481 -0.0036965144045134095 -0.00046856801113969847 -0.0091397832187500288 0.0030583280482080195 0.0035353251985333696 0.00040285721282951243 -0.0056909121438831955 -0.0002313212656082376 -0.0012611184097462041 0.00067188409182461723 -0.00096693397939801181 0.00031652289469285844 -0.00082967202186246013 2.1379938631611905e-05 0.00013105741181107026 -0.00073517551611406264 0.0044169017416656638 -8.7253961450066276e-05 0.0090038543817444854 -4.3958506166918751e-05 0.0063377221082084115 0.004999119012295143 6.451292877359389e-05 0.013149822257390637
leaf_weight=203 2637 55 1621 428 112 271 984 8806 74 381 974 1809 75 708 1810 268 55 126 451 1775 88 606 214 3162 67 336 557 208 1852 31
leaf_count=203 2637 55 1621 428 112 271 984 8806 74 381 974 1809 75 708 1810 268 55 126 451 1775 88 606 214 3162 67 336 557 208 1852 31
internal_value=-0.00043911 0.00137318 0.00234487 0.00621463 -0.00171115 0.000425109 -0.00239339 -0.00213369 0.00783002 0.00893145 0.0074104 -0.000207065 -0.00281866 -0.00345461 -0.00640985 -0.00175439 -2.46981e-05 -0.00793451 -0.00633028 0.000430997 -0.00433022 -0.00829971 0.00591078 0.00120445 0.00343327 0.00283358 0.00735722 0.0128897 0.000918526 -0.000704666
internal_weight=30744 14856 11297 3746 3559 7551 3447 15888 3318 2976 2595 2463 13251 11324 2518 342 7288 397 654 6891 963 694 269 5928 2735 2668 893 263 1927 3193
internal_count=30744 14856 11297 3746 3559 7551 3447 15888 3318 2976 2595 2463 13251 11324 2518 342 7288 397 654 6891 963 694 269 5928 2735 2668 893 263 1927 3193
is_linear=0
shrinkage=0.03


Tree=50
num_leaves=31
num_cat=0
split_feature=3 5 2 2 12 8 12 2 10 5 11 12 13 11 12 13 15 8 9 11 15 11 10 3 6 12 8 12 12 4
split_gain=100.315 48.4397 86.1747 85.8298 51.0127 42.3895 41.7897 40.5318 38.3458 41.6542 35.413 33.478 47.326 42.257 30.451 34.1822 41.3714 29.8468 28.271 27.9809 26.8554 26.0302 29.3539 25.61 24.3376 40.2776 33.8113 32.0551 44.3298 30.1452
threshold=160.50000000000003 949.55000000000007 6.6450000000000005 10.055000000000001 0.99530134160901229 312.17383422256256 -0.6523320455745395 2.2150000000000003 0.37940952255126048 945.35000000000002 -0.68430824382591193 0.99024581825578073 11.500000000000002 0.63920241694561786 -0.99168640063982161 8.5000000000000018 0.53336805555555566 1015.9409292015379 -0.5 -0.82415615971448097 0.87322916666666672 -0.05695216311707673 -0.5 61.500000000000007 1.151673328899796 -0.39827153806311183 9.3019028707617064 0.65071284653328287 0.64414586362404946 25.650000000000002
decision_type=2 2 10 10 2 2 2 8 2 2 2 2 2 2 2 2 10 2 2 2 8 2 2 2 2 2 2 2 2 2
left_child=1 4 6 11 5 10 23 -2 14 -10 -1 12 13 -4 18 19 -17 20 -9 -16 -11 -13 -23 -3 25 29 -27 28 -26 -8
right_child=7 2 3 -5 -6 -7 24 8 9 17 -12 21 -14 -15 15 16 -18 -19 -20 -21 -22 22 -24 -25 27 26 -28 -29 -30 -31
leaf_value=-0.00045515764074187978 1.2018771430631571e-05 -0.000417904688522442 0.00070032807309011865 -4.5516881431219878e-05 0.0021332481816125608 -0.0035856189723780072 0.0043058147805524073 -0.00094299786280190587 -0.0013902624314116913 -0.00066656878541248275 0.0003907714964446271 -0.0039049952539553004 0.0032468090777667833 0.0035518830437264457 -0.001910045849528054 0.00027326890629299775 -0.00063445136657914124 4.7108826458705295e-05 0.0025424788079304378 -0.00048309729197686541 0.0032535995737692875 0.0028041097502745317 -0.00020793999420158475 0.0048491454419262881 0.00043447849388009467 9.0514383162131846e-05 -0.00084528398165426932 -9.7646528144917794e-05 0.0087337387502921509 -0.00083551952758521212
leaf_weight=654 2637 55 1594 485 112 984 208 120 559 2911 1809 124 367 961 263 2010 818 800 241 5454 75 63 152 208 2639 146 686 3474 67 68
leaf_count=654 2637 55 1594 485 112 984 208 120 559 2911 1809 124 367 961 263 2010 818 800 241 5454 75 63 152 208 2639 146 686 3474 67 68
internal_value=-0.000431304 0.00134087 0.00230238 0.00602242 -0.00171115 -0.00235857 0.000456893 -0.00208837 -0.00276432 -0.0050748 -0.000255786 0.00777369 0.00880903 0.00736204 -0.0016371 -0.00199766 0.000700141 -0.00394612 0.00689751 -0.00333217 -0.00532485 -0.00115044 0.00516279 0.0122053 3.29308e-05 -0.00406137 -0.00735577 0.00076699 0.00321508 0.00586957
internal_weight=30744 14856 11297 3746 3559 3447 7551 15888 13251 4345 2463 3261 2922 2555 8906 8545 2828 3786 361 5717 2986 339 215 263 7288 1108 832 6180 2706 276
internal_count=30744 14856 11297 3746 3559 3447 7551 15888 13251 4345 2463 3261 2922 2555 8906 8545 2828 3786 361 5717 2986 339 215 263 7288 1108 832 6180 2706 276
is_linear=0
shrinkage=0.03


Tree=51
num_leaves=31
num_cat=0
split_feature=3 1 5 2 1 10 8 5 3 11 10 5 11 11 8 2 5 6 5 1 2 2 9 2 8 11 11 6 5 1
split_gain=94.3864 65.6896 84.0237 88.4287 69.7119 40.2615 33.9676 31.6614 33.5612 33.2399 29.8677 33.8863 29.7527 39.5568 26.5966 28.7412 25.8008 38.2235 25.1113 24.0057 22.7117 22.0032 26.8389 21.89 21.7284 35.6328 21.5778 21.5746 26.2041 30.2637
threshold=89.500000000000014 3.2250000000000005 957.25000000000011 9.3550000000000022 4.9250000000000007 -0.37940952255126015 28.286604400825674 947.95000000000016 57.500000000000007 -0.52032787705993211 0.60355339059327384 945.95000000000016 -0.13398594226331254 0.57782244426053786 219.00131077422995 11.125000000000002 958.85000000000002 1.2289252366266274 952.55000000000007 7.0550000000000006 5.2150000000000007 7.5450000000000008 0.12940952255126045 8.0150000000000023 70.898817439194588 0.46800856592688472 -0.63921128368950708 1.1886453499610965 958.55000000000007 0.60500000000000009
decision_type=2 2 2 10 2 2 2 2 2 2 2 2 2 2 2 8 2 2 2 2 8 10 2 10 2 2 2 2 2 2
left_child=1 21 7 4 5 -4 18 9 23 -3 14 20 -7 -14 26 -16 -5 -18 -2 -13 -12 22 -1 -9 25 -24 -8 -20 29 -29
right_child=6 2 3 16 -6 12 10 8 -10 -11 11 19 13 -15 15 -17 17 -19 27 -21 -22 -23 24 -25 -26 -27 -28 28 -30 -31
leaf_value=0.00066661621217570558 0.0002404377522405839 -0.0027976201711300622 0.004987522105855278 0.00018084588644452323 0.0046535527980137792 0.0034236749760477203 0.00064649262084843552 -0.0018281325774339595 0.00058391906909763551 -4.1772656318946747e-05 -0.00077014906264833728 -0.00086213118042101496 -0.0022616200138029538 0.0035192730958274595 -0.0016254684047054485 3.2965934980039944e-05 -0.00024308824572845673 1.8418944427435537e-05 -4.7698980121174321e-05 9.3098367005651125e-05 -0.005237782231261698 -0.0083131462413849472 8.3486800573201583e-05 0.00058510863201590758 -0.0017802852301195664 -0.00026640181378344437 -0.00026848679250505883 -4.7910243957744529e-05 -1.7607405656559073e-05 0.00046552236505064087
leaf_weight=1708 2569 267 461 59 542 390 1534 276 2197 773 314 3370 295 225 4803 1364 161 223 1044 358 298 86 1004 100 688 475 3149 130 1332 549
leaf_count=1708 2569 267 461 59 542 390 1534 276 2197 773 314 3370 295 225 4803 1364 161 223 1044 358 298 86 1004 100 688 475 3149 130 1332 549
internal_value=-0.000448868 0.0019577 0.00394538 0.00835314 0.01115 0.00754923 -0.001597 0.00107113 0.00285659 -0.00334615 -0.00233443 -0.00443779 0.00389011 -0.000807692 -0.00149309 -0.00278742 -0.0037246 -0.0065625 0.000394737 -0.00336373 -0.0109804 -0.00103762 -0.000704516 -0.00542553 -0.00292109 -0.000872211 0.000211403 -0.00144354 0.000372949 0.00516937
internal_weight=30744 9930 5969 2356 1913 1371 20814 3613 2573 1040 15190 4340 910 520 10850 6167 443 384 5624 3728 612 3961 3875 376 2167 1479 4683 3055 2011 679
internal_count=30744 9930 5969 2356 1913 1371 20814 3613 2573 1040 15190 4340 910 520 10850 6167 443 384 5624 3728 612 3961 3875 376 2167 1479 4683 3055 2011 679
is_linear=0
shrinkage=0.03


Tree=52
num_leaves=31
num_cat=0
split_feature=12 1 12 12 8 5 1 11 11 6 6 10 12 5 11 10 11 11 11 2 8 11 5 10 5 5 15 5 12 12
split_gain=37.2503 55.6146 32.8763 40.1837 41.8689 31.397 30.6888 30.6521 39.5869 30.2956 50.1837 31.3237 35.9318 39.0108 29.2467 30.034 27.6759 26.9259 50.1833 29.2737 28.4872 37.0445 26.7794 25.5644 25.1438 26.2366 23.8679 23.2361 23.2225 29.5307
threshold=0.11478523713130605 3.2250000000000005 0.04621408538533487 -0.031174269516803289 82.969570380890417 947.6500000000002 5.5950000000000006 -0.97113884758256674 -0.86976336936302323 1.1948559227542013 1.1655869340901515 1.0000000180025095e-35 0.56901594657981336 958.1500000000002 0.35846314187849709 -0.5 -0.99866806308218525 -0.861146256326485 -0.89406062840022227 11.875000000000002 801.1638571237803 -0.82415615971448097 956.95000000000016 -0.70710678118654757 953.45000000000016 943.95000000000016 0.5264930555555557 967.95000000000016 -0.94426098523567992 -0.95998493203694346
decision_type=2 2 2 2 2 2 2 2 2 2 2 2 2 2 2 2 2 2 2 10 2 2 2 2 2 2 8 2 2 2
left_child=2 5 3 4 16 -2 22 -3 -9 10 -10 12 13 -11 17 -16 -1 18 19 -6 21 -19 -5 27 25 -17 -27 -7 29 -18
right_child=1 7 -4 6 14 23 -8 8 9 11 -12 -13 -14 -15 15 24 28 20 -20 -21 -22 -23 -24 -25 -26 26 -28 -29 -30 -31
leaf_value=-0.00020973641183998068 0.0031661139481093444 0.0035977846891610929 -0.00035874975815527744 -0.00041507489906938625 -0.00161776975523688 0.00015780513868550138 0.0010438236605606556 -0.00068441244108149351 -0.0001678859722318933 -0.0019608593897141864 0.0021044098646262606 -3.3944068668390736e-05 0.00051924464863156933 0.00017426257899327106 -0.0013480509997758213 -0.0054984185542044425 0.00043936672842137027 -0.0031919362401216589 0.001799067163897072 0.00015104080698448343 -0.0050679680685373121 -0.0013425950539179127 0.0024169937844982035 -4.7303719155446021e-05 -0.001026961413594934 0.00045208290709795304 0.0029511831775307714 0.0071606205990259429 -7.4831705925870648e-06 0.0018781565522059097
leaf_weight=68 223 247 702 376 1304 2002 213 623 429 160 900 2249 1864 202 1172 39 595 185 269 198 540 2630 213 6346 773 1128 335 69 4486 204
leaf_count=68 223 247 702 376 1304 2002 213 623 429 160 900 2249 1864 202 1172 39 595 185 269 198 540 2630 213 6346 773 1128 335 69 4486 204
internal_value=-0.000480094 0.000568108 -0.00152041 -0.00121809 -0.00159414 -0.00102083 0.00531172 0.00262511 0.00222654 0.00299793 0.00697517 0.00181676 0.00433962 -0.00430939 -0.00289397 -0.00075718 0.000487577 -0.00433086 -0.00133823 -0.00347537 -0.00591058 -0.00469982 0.00178268 -0.0013152 0.00125275 0.00351531 0.00416268 0.00157895 0.000732261 0.00544431
internal_weight=30744 15314 15430 14728 13926 8640 802 6674 6427 5804 1329 4475 2226 362 8573 3447 5353 5126 1771 1502 3355 2815 589 8417 2275 1502 1463 2071 5285 799
internal_count=30744 15314 15430 14728 13926 8640 802 6674 6427 5804 1329 4475 2226 362 8573 3447 5353 5126 1771 1502 3355 2815 589 8417 2275 1502 1463 2071 5285 799
is_linear=0
shrinkage=0.03


Tree=53
num_leaves=31
num_cat=0
split_feature=3 1 2 5 5 3 1 1 8 1 5 5 4 11 2 2 12 12 5 11 6 5 12 1 3 11 15 15 11 9
split_gain=87.1929 59.8805 67.8682 139.939 43.3956 49.4196 41.9737 30.9401 28.5211 25.3782 24.7878 23.4032 40.8659 22.9015 22.0492 27.22 31.5456 39.0936 35.3655 43.1732 28.4789 26.3641 23.3607 22.104 40.2518 30.2578 30.1211 22.8416 21.9307 22.1129
threshold=89.500000000000014 3.8350000000000004 9.4750000000000032 959.25000000000011 949.55000000000007 53.500000000000007 5.0750000000000011 6.2650000000000006 28.286604400825674 4.9250000000000007 952.55000000000007 959.35000000000002 3.4500000000000006 -0.52032787705993211 11.125000000000002 6.0150000000000006 0.14888728888808328 0.38043945030393422 952.45000000000016 0.83849049182116964 1.0774942085376999 954.55000000000007 -0.97315270831292444 2.0150000000000001 138.50000000000003 -0.94705910369513524 0.042425804093567249 0.047951388888888884 0.99865421017599998 0.37940952255126054
decision_type=2 2 10 2 2 2 2 2 2 2 2 2 2 2 10 8 2 2 2 2 2 2 2 2 2 2 8 8 2 2
left_child=1 28 3 4 13 -6 -4 -7 10 -5 -2 -8 -13 -3 15 23 20 21 -19 -20 22 -18 -17 26 -25 -26 -10 -27 29 -1
right_child=8 2 6 9 5 7 11 -9 14 -11 -12 12 -14 -15 -16 16 17 18 19 -21 -22 -23 -24 24 25 27 -28 -29 -30 -31
leaf_value=0.00041184187881289494 0.00021771416431902975 -0.0028265904347288496 -0.00058011096853808404 0.0036546082346101336 -0.0013912658445872743 0.0012479506908192198 0.00012247868985545667 0.0026788115488565736 -0.0016730088758495575 0.004478114350135713 -1.3816337426168432e-05 -1.2728151647939493e-05 -0.0002927635950904457 5.0670630429052177e-05 1.9689536439973494e-05 0.0026595771254101777 -0.0045481779583288655 0.001897706587699538 -0.0020391490742289724 -0.0074233365980504225 -0.0029201915583455989 0.002877742000993915 -0.00075352984442311104 0.0014600870207925674 0.001169499545070571 0.0016466516717739139 -0.00052007514399037089 -0.00062607662127229873 0.0051113736663977935 -0.00015956221418268935
leaf_weight=2970 2569 234 114 553 212 1218 461 347 94 414 3055 252 79 669 1757 97 156 237 1266 113 3346 322 300 1045 463 98 2460 3436 81 2326
leaf_count=2970 2569 234 114 553 212 1218 461 347 94 414 3055 252 79 669 1757 97 156 237 1266 113 3346 322 300 1045 463 98 2460 3436 81 2326
internal_value=-0.00047619 0.00183686 0.00436855 0.00619413 0.00266418 0.00538548 -0.00298013 0.00722684 -0.00157971 0.0159772 0.000245377 -0.000530303 -0.00661631 -0.00269103 -0.00225543 -0.0026688 -0.00420935 -0.00126074 -0.0034901 -0.00532995 -0.00585894 0.00627615 0.00173804 -0.00148499 -0.000333201 -0.00170378 -0.00375881 -0.00264856 -0.000306863 -0.000543807
internal_weight=30744 9930 4553 3647 2680 1777 906 1565 20814 967 5624 792 331 903 15190 13433 5837 2094 1616 1379 3743 478 397 7596 5042 3997 2554 3534 5377 5296
internal_count=30744 9930 4553 3647 2680 1777 906 1565 20814 967 5624 792 331 903 15190 13433 5837 2094 1616 1379 3743 478 397 7596 5042 3997 2554 3534 5377 5296
is_linear=0
shrinkage=0.03


end of trees

feature_importances:
doy_sin=224
doy_cos=189
surface_pressure=179
wind_speed_10m=150
power_flux_proxy=149
wind_speed_100m=123
wind_direction_10m=111
hour_cos=110
temperature_2m=89
air_density=87
month=84
hour_sin=42
lag_power_mean_24h=41
wind_speed_hub_cubed=25
lag_power_t0=17

parameters:
[boosting: gbdt]
[objective: regression_l1]
[metric: l1]
[tree_learner: serial]
[device_type: cpu]
[data_sample_strategy: bagging]
[data: ]
[valid: ]
[num_iterations: 54]
[learning_rate: 0.03]
[num_leaves: 31]
[num_threads: 8]
[seed: 0]
[deterministic: 0]
[force_col_wise: 0]
[force_row_wise: 0]
[histogram_pool_size: -1]
[max_depth: -1]
[min_data_in_leaf: 30]
[min_sum_hessian_in_leaf: 0.001]
[bagging_fraction: 0.8]
[pos_bagging_fraction: 1]
[neg_bagging_fraction: 1]
[bagging_freq: 0]
[bagging_seed: 7719]
[bagging_by_query: 0]
[feature_fraction: 0.8]
[feature_fraction_bynode: 1]
[feature_fraction_seed: 2437]
[extra_trees: 0]
[extra_seed: 11797]
[early_stopping_round: 0]
[early_stopping_min_delta: 0]
[first_metric_only: 0]
[max_delta_step: 0]
[lambda_l1: 0]
[lambda_l2: 0]
[linear_lambda: 0]
[min_gain_to_split: 0]
[drop_rate: 0.1]
[max_drop: 50]
[skip_drop: 0.5]
[xgboost_dart_mode: 0]
[uniform_drop: 0]
[drop_seed: 21238]
[top_rate: 0.2]
[other_rate: 0.1]
[min_data_per_group: 100]
[max_cat_threshold: 32]
[cat_l2: 10]
[cat_smooth: 10]
[max_cat_to_onehot: 4]
[top_k: 20]
[monotone_constraints: ]
[monotone_constraints_method: basic]
[monotone_penalty: 0]
[feature_contri: ]
[forcedsplits_filename: ]
[refit_decay_rate: 0.9]
[cegb_tradeoff: 1]
[cegb_penalty_split: 0]
[cegb_penalty_feature_lazy: ]
[cegb_penalty_feature_coupled: ]
[path_smooth: 0]
[interaction_constraints: ]
[verbosity: 1]
[saved_feature_importance_type: 0]
[use_quantized_grad: 0]
[num_grad_quant_bins: 4]
[quant_train_renew_leaf: 0]
[stochastic_rounding: 1]
[linear_tree: 0]
[max_bin: 255]
[max_bin_by_feature: ]
[min_data_in_bin: 3]
[bin_construct_sample_cnt: 200000]
[data_random_seed: 38]
[is_enable_sparse: 1]
[enable_bundle: 1]
[use_missing: 1]
[zero_as_missing: 0]
[feature_pre_filter: 1]
[pre_partition: 0]
[two_round: 0]
[header: 0]
[label_column: ]
[weight_column: ]
[group_column: ]
[ignore_column: ]
[categorical_feature: 16]
[forcedbins_filename: ]
[precise_float_parser: 0]
[parser_config_file: ]
[objective_seed: 8855]
[num_class: 1]
[is_unbalance: 0]
[scale_pos_weight: 1]
[sigmoid: 1]
[boost_from_average: 1]
[reg_sqrt: 0]
[alpha: 0.9]
[fair_c: 1]
[poisson_max_delta_step: 0.7]
[tweedie_variance_power: 1.5]
[lambdarank_truncation_level: 30]
[lambdarank_norm: 1]
[label_gain: ]
[lambdarank_position_bias_regularization: 0]
[eval_at: ]
[multi_error_top_k: 1]
[auc_mu_weights: ]
[num_machines: 1]
[local_listen_port: 12400]
[time_out: 120]
[machine_list_filename: ]
[machines: ]
[gpu_platform_id: -1]
[gpu_device_id: -1]
[gpu_device_id_list: ]
[gpu_use_dp: 0]
[num_gpu: 1]

end of parameters

pandas_categorical:[["previous_runs"]]
