tree
version=v4
num_class=1
num_tree_per_iteration=1
label_index=0
max_feature_idx=16
objective=regression_l1
feature_names=lead_hours wind_speed_10m wind_speed_100m wind_direction_10m temperature_2m surface_pressure air_density wind_speed_hub_cubed power_flux_proxy hour_sin hour_cos doy_sin doy_cos month lag_power_t0 lag_power_mean_24h weather_source
feature_infos=[24:48] [0:21.600000000000001] [0:30.829999999999998] [2:360] [-19.199999999999999:41.299999999999997] [935.60000000000002:984.89999999999998] [1.0415077628030984:1.321739748346102] [0:29303.572786999994] [0:36046.81073752221] [-1:1] [-1:1] [-0.9999994220246925:0.99998555065071859] [-0.99997919295908233:0.9999907524084426] [1:12] [0.0016666666666666668:0.995] [0.0093055555555555565:0.984375] none
tree_sizes=2970 2974 2949 2978 2969 2956 2975 2965 2962 3013 2978 2985 3001 2968 2957 2986 2967 2976 2961 2951 2972 2981 2993 2961 2956 2984 2966 2988 2985 3002 2987 2989 2959 2968 2979 3036 2977 2957 2984 2958 2983 2992 2942 2979 2957 2986 2964 2969 2950 2974 2970 2987 2987 2984 3003 3007 2990 2952 2933 2907 2966 2950 2958 3014 2984 2965 2953 2943 2928 2931 2917 2959 2963 2984 2955 2958 2956

Tree=0
num_leaves=31
num_cat=0
split_feature=3 8 1 5 8 8 8 13 13 11 3 12 5 2 5 8 5 6 11 12 12 6 2 12 11 11 5 11 5 11
split_gain=887.969 504.344 323.767 388.851 314.874 155.898 154.182 175.43 88.931 120.156 88.4631 82.8074 70.6975 149.97 56.9669 71.4481 54.9994 52.1514 49.6413 49.2503 81.0013 44.3761 42.7998 47.0321 46.9697 43.2911 42.7678 41.8731 40.5738 38.5755
threshold=176.50000000000003 1.0182772635240362 4.1050000000000013 950.75000000000011 1.0182772635240362 2286.6414911481456 204.61339266580265 9.5000000000000018 2.5000000000000004 -0.92923668111203805 48.500000000000007 -0.85225707553516283 948.45000000000016 5.7750000000000012 951.95000000000016 37.912811388115315 959.35000000000002 1.121521156409037 -0.52032787705993211 0.2332836900311728 0.18281312110578132 1.1571425004113505 6.8850000000000007 0.99138911339924218 -0.074117382312902977 -0.98803845231459242 950.85000000000002 0.90162119223771331 968.55000000000007 -0.37447345805034543
decision_type=2 2 2 2 2 2 2 2 2 2 2 2 2 10 2 2 2 2 2 2 2 2 10 2 2 2 2 2 2 2
left_child=2 -2 4 18 -1 6 14 17 -6 19 -5 -7 13 -11 15 -3 22 -8 -4 20 21 -10 25 -24 -25 -12 -19 -27 -9 -14
right_child=1 5 3 10 8 11 7 28 9 12 16 -13 29 -15 -16 -17 -18 26 -20 -21 -22 -23 23 24 -26 27 -28 -29 -30 -31
leaf_value=-0.0046780002216110003 -0.0046190002199728046 -0.0044060002220794557 -0.0086380001250654457 -0.0062285002414137125 -0.0050900002196431161 -0.010815000096336007 -0.010820000404492019 -0.0041392502188682557 -0.0054820002336055038 -0.0044500002264976505 -0.010442000264301896 -0.0046560002211481332 -0.0040490002278238532 -0.011444000238552689 -0.0050820002239197496 -0.0058640002179890871 0.00014749995432794104 -0.006117000197991729 -0.0040892502106726174 -0.0058560001943260432 0.0022019996400922531 -0.0045160002261400226 -0.0014290001336485147 -0.018923500562086699 0.00014824963174760349 0.0041429998632520441 -0.0094730004016309981 -0.0048900002148002386 -0.010888499999418854 -0.002657000245526433
leaf_weight=651 541 1702 351 143 2239 94 2683 1228 627 2227 36 994 2370 404 3819 2353 1095 820 1042 267 117 337 1091 33 64 238 2595 175 109 2842
leaf_count=651 541 1702 351 143 2239 94 2683 1228 627 2227 36 994 2370 404 3819 2353 1095 820 1042 267 117 337 1091 33 64 238 2595 175 109 2842
internal_value=-0.00480721 -0.00962111 0.000180121 0.00728294 -0.00232918 -0.0105614 -0.0113413 -0.0144395 -0.00348504 -0.00217896 0.0135861 0.000411397 -0.000756904 -0.00476579 -0.0084157 -0.00593933 0.01479 -0.0165973 -0.00572606 -0.0104528 -0.00760296 -0.0104639 0.0113087 0.0142909 -0.00572784 0.00341826 -0.0141382 0.00616852 -0.00459806 0.00126677
internal_weight=33287 16938 16349 4268 12081 16397 15309 7435 11430 9191 2875 1088 7843 2631 7874 4055 2732 6098 1393 1348 1081 964 1637 1188 97 449 3415 413 1337 5212
internal_count=33287 16938 16349 4268 12081 16397 15309 7435 11430 9191 2875 1088 7843 2631 7874 4055 2732 6098 1393 1348 1081 964 1637 1188 97 449 3415 413 1337 5212
is_linear=0
shrinkage=1


Tree=1
num_leaves=31
num_cat=0
split_feature=3 8 1 4 8 8 8 13 10 10 13 11 10 4 4 2 12 1 4 11 14 12 11 11 13 12 12 3 10 3
split_gain=845.2 488.935 326.873 317.47 299.858 156.743 132.936 163.833 94.1218 90.7298 85.815 109.608 87.6662 73.4255 72.2989 99.5106 91.2874 56.8717 46.8397 44.9396 44.5791 44.0961 40.5678 37.2473 37.1943 37.0497 65.0194 37.0327 35.8891 35.8309
threshold=176.50000000000003 1.1940769205737871 4.1050000000000013 14.950000000000001 1.0182772635240362 2286.6414911481456 204.61339266580265 9.5000000000000018 1.0000000180025095e-35 0.25881904510252057 2.5000000000000004 -0.92923668111203805 -0.5 15.950000000000001 10.050000000000002 5.705000000000001 0.44312301391210612 6.4250000000000007 20.950000000000003 0.97696484778429815 0.51750000000000018 -0.13398942717002907 0.26866988313759588 0.97696484778429815 3.5000000000000004 0.2332836900311728 0.18281312110578132 226.50000000000003 0.37940952255126048 48.500000000000007
decision_type=2 2 2 2 2 2 2 2 2 2 2 2 2 2 2 10 2 2 2 2 10 2 2 2 2 2 2 2 2 2
left_child=2 -2 4 29 -1 6 8 18 19 17 12 25 -6 -7 16 23 -13 -5 -8 -3 -18 -19 -11 -16 -10 26 -12 -26 -22 -4
right_child=1 5 3 9 10 13 7 -9 24 22 11 14 -14 -15 15 -17 20 21 -20 -21 28 -23 -24 -25 27 -27 -28 -29 -30 -31
leaf_value=0.00011834000618546269 0.00017557000777451321 4.9920011032372711e-05 0.00053685500873252754 -0.0023732999595813451 0.0012427000176161527 0.00016968000805936753 -0.0037724899048916997 4.0677504055202007e-05 -0.00059353999262675642 0.0021026774955913425 -0.00029602999915368856 0.0050677099532447749 -0.00070280000232160087 -0.00056006999211385836 0.00058750000856816768 -0.0036415299897082148 0.00043147000176832077 -0.00023482248242944476 -0.005756899892259389 -0.00043954001208767291 0.004474090056214481 0.0027248699183575805 0.0075483703206293273 -0.00021629000203683972 -0.00051554001336917273 -0.0010243199673481286 0.0067919398720376186 -0.00011881999536417425 0.00075746998814865945 0.0035532225343398744
leaf_weight=651 595 3705 89 781 705 698 3191 1337 712 437 964 807 1534 390 3109 710 1831 306 2907 253 588 188 279 389 1555 267 117 1595 409 2188
leaf_count=651 595 3705 89 781 705 698 3191 1337 712 437 964 807 1534 390 3109 710 1831 306 2907 253 588 188 279 389 1555 267 117 1595 409 2188
internal_value=1.71238e-05 -0.00467942 0.00488287 0.0120197 0.00236156 -0.00565196 -0.00643658 -0.00930868 -0.00370588 0.00326971 0.0012336 0.00251659 -0.00403305 0.00534926 0.00387479 0.00119772 0.00697387 -0.00152941 -0.0113939 -0.000454775 0.00443423 0.00643725 0.0118156 0.00327616 -0.0070378 -0.00538576 -0.00291397 -0.0056381 0.00953862 0.0196706
internal_weight=33287 16938 16349 4268 12081 16343 15255 7435 7820 1991 11430 9191 2239 1088 7843 4208 3635 1275 6098 3958 2828 494 716 3498 3862 1348 1081 3150 997 2277
internal_count=33287 16938 16349 4268 12081 16343 15255 7435 7820 1991 11430 9191 2239 1088 7843 4208 3635 1275 6098 3958 2828 494 716 3498 3862 1348 1081 3150 997 2277
is_linear=0
shrinkage=0.03


Tree=2
num_leaves=31
num_cat=0
split_feature=3 8 1 5 8 8 2 13 10 3 13 10 4 2 13 4 5 3 10 4 10 5 5 5 15 8 13 6 10 8
split_gain=791.004 408.197 315.839 371.097 261.339 158.479 115.535 144.939 83.4508 82.848 78.8585 81.6809 80.0083 117.451 93.8753 67.2248 57.8388 56.3583 56.3158 58.7641 55.5934 55.3694 47.9274 43.8895 45.1628 42.9902 42.1264 41.4974 48.074 59.6474
threshold=176.50000000000003 1.559100650567919 4.1050000000000013 950.75000000000011 1.0182772635240362 2286.6414911481456 4.8850000000000007 9.5000000000000018 -0.12940952255126037 48.500000000000007 2.5000000000000004 -0.5 10.050000000000002 5.8050000000000006 9.5000000000000018 15.950000000000001 959.35000000000002 66.500000000000014 0.25881904510252057 10.050000000000002 -0.60355339059327384 949.45000000000016 947.75000000000011 968.55000000000007 0.45059027777777788 0.52808236043851087 8.5000000000000018 1.121521156409037 0.60355339059327384 337.64213046590959
decision_type=2 2 2 2 2 2 8 2 2 2 2 2 2 10 2 2 2 2 2 2 2 2 2 2 10 2 2 2 2 2
left_child=2 25 4 18 -1 6 8 27 22 -5 11 -6 14 -14 17 -7 -11 -12 19 -4 -16 -15 -3 24 -9 -2 -23 28 29 -8
right_child=1 5 3 9 10 15 7 23 -10 16 12 -13 13 21 20 -17 -18 -19 -20 -21 -22 26 -24 -25 -26 -27 -28 -29 -30 -31
leaf_value=0.00011478980599989881 0.00019930290775455067 0.0010251824328107759 0.0031225808896562083 -0.0014017506632851436 0.0012054190170876682 0.0001645896078175865 -0.0019206930186348036 0.0014239571879412977 -0.00029703760557901114 0.0031947732781497759 -0.00029741699341312048 -0.00068171600225195282 0.00020074730753735637 -0.0078194337503062553 0.0038765257644457745 -0.00054326789235044273 0.0046924785008160396 0.0063147698101478156 0.0018398471421729773 -0.0032671234084060414 0.00014674590597767381 0.0033299558798773215 -0.00011903758199047296 -0.0056365652183275666 -0.0026405152970398775 0.0001769129076398676 -0.0037189372890153896 -0.0033597338692015035 -0.0073786140839299189 -0.0060466929014520721
leaf_weight=651 378 992 99 143 705 698 1165 787 3475 1637 106 1534 4372 413 723 390 1095 768 524 770 2355 238 1877 115 629 333 216 3927 429 1743
leaf_count=651 378 992 99 143 705 698 1165 787 3475 1637 106 1534 4372 413 723 390 1095 768 524 770 2355 238 1877 115 629 333 216 3927 429 1743
internal_value=-2.61363e-05 -0.00456961 0.00468102 0.0116963 0.00220263 -0.00554446 -0.00633926 -0.00856509 -0.00325347 0.0178539 0.00114961 -0.00389906 0.0023795 -5.15366e-05 0.00560223 0.00551471 0.019019 0.0142792 -0.0010122 -0.0056962 0.0031384 -0.0101384 0.000533287 -0.000176355 0.00127119 0.0176793 -0.00290749 -0.0103331 -0.0127929 -0.0114099
internal_weight=33287 16938 16349 4268 12081 16227 15139 8795 6344 2875 11430 2239 9191 5239 3952 1088 2732 874 1393 869 3078 867 2869 1531 1416 711 454 7264 3337 2908
internal_count=33287 16938 16349 4268 12081 16227 15139 8795 6344 2875 11430 2239 9191 5239 3952 1088 2732 874 1393 869 3078 867 2869 1531 1416 711 454 7264 3337 2908
is_linear=0
shrinkage=0.03


Tree=3
num_leaves=31
num_cat=0
split_feature=3 8 1 6 8 8 2 4 10 10 11 6 4 11 11 11 4 3 6 8 6 11 11 1 1 8 10 11 11 10
split_gain=767.398 349.599 314.747 332.305 228.452 153.454 129.487 100.734 83.0088 81.949 74.4594 91.9403 61.2977 49.7343 49.3425 65.507 45.6214 44.8146 43.0659 51.1462 42.8881 44.5725 50.882 43.4777 37.9314 37.2207 39.2228 37.1482 37.094 34.707
threshold=176.50000000000003 0.52808236043851087 4.1050000000000013 1.1538736432548362 0.66028416859848982 2286.6414911481456 4.8850000000000007 20.750000000000004 0.25881904510252057 -0.12940952255126037 0.84773968378660736 1.1876859300309752 15.950000000000001 -0.2102246306142678 -0.92923668111203805 0.031174179426909168 28.950000000000003 66.500000000000014 1.2313937635018106 182.75713429736439 1.1071272351669224 0.36648264796514479 0.76696112484652035 6.5250000000000012 5.0750000000000011 331.59105189611415 0.60355339059327384 0.26866988313759588 -0.2270106897347694 -0.37940952255126015
decision_type=2 2 2 2 2 2 8 2 2 2 2 2 2 2 2 2 2 2 2 2 2 2 2 2 2 2 2 2 2 2
left_child=2 -2 4 8 -1 6 9 13 20 -3 14 -12 -7 28 -6 16 -16 -13 19 -17 21 -4 -23 -22 -5 26 -9 -10 -8 -20
right_child=1 5 3 24 10 12 7 25 27 -11 11 17 -14 -15 15 18 -18 -19 29 -21 23 22 -24 -25 -26 -27 -28 -29 -30 -31
leaf_value=8.334611107204983e-05 0.00019332382052191416 0.00010496023334803059 -0.0045216474919037427 0.0047498171162554895 -0.00024045103346962367 0.00015965191958305889 -0.0010148432936229464 -0.0018779567579327245 0.0019619017108608592 -0.0001804426697163563 0.00045017629296914904 -0.00014631158295191825 -0.00052696985557992935 -0.0032698431323923819 0.00092698808110681474 0.00034906257444177987 -0.00029214740035007469 0.0065573227903585433 0.00033925642228614536 -0.0025282540007156877 -0.0005109188457665685 0.0028353130566466131 -0.0042998935575180967 0.0023162806237140574 0.0027583853856264239 -0.0063732922200279403 -0.0055342456623037528 0.006632490592359183 0.0045932384176455999 -0.00070776452701237053
leaf_weight=496 378 2992 359 1014 1364 698 2033 1214 442 3685 1197 93 390 3049 4432 1597 359 519 377 574 410 132 139 241 1257 2227 240 274 32 1073
leaf_count=496 378 2992 359 1014 1364 698 2033 1214 442 3685 1197 93 390 3049 4432 1597 359 519 377 574 410 132 139 241 1257 2227 240 274 32 1073
internal_value=-8.38165e-05 -0.00455898 0.00455257 0.0115558 0.00207847 -0.00521014 -0.00597596 -0.00836725 0.00262894 -0.00282612 0.00122486 0.00681592 0.00568015 -0.00564333 0.000190262 0.0010485 0.00335003 0.0162745 -0.00199669 0.000677107 -0.00194379 -0.00752381 0.00166052 0.00345622 0.0194055 -0.0121516 -0.00841816 0.0108101 -0.00204843 -0.006
internal_weight=33287 16938 16349 4268 12081 16560 15472 8795 1997 6677 11585 1809 1088 5114 9776 8412 4791 612 3621 2171 1281 630 271 651 2271 3681 1454 716 2065 1450
internal_count=33287 16938 16349 4268 12081 16560 15472 8795 1997 6677 11585 1809 1088 5114 9776 8412 4791 612 3621 2171 1281 630 271 651 2271 3681 1454 716 2065 1450
is_linear=0
shrinkage=0.03


Tree=4
num_leaves=31
num_cat=0
split_feature=3 8 1 5 8 1 13 8 3 11 4 12 5 13 12 2 2 11 4 11 12 5 5 2 12 11 11 1 3 14
split_gain=715.721 347.253 297.419 342.867 233.12 159.811 104.393 153.437 77.8007 75.7412 84.8077 71.8673 70.6872 68.5242 63.9709 89.8986 60.2739 57.7657 50.4959 47.4876 45.8274 44.7096 44.2957 44.1229 36.5844 35.611 40.2291 34.093 33.0202 32.6006
threshold=176.50000000000003 1.559100650567919 4.1050000000000013 950.75000000000011 1.559100650567919 8.8550000000000022 9.5000000000000018 220.14576398562477 48.500000000000007 0.84773968378660736 7.0500000000000007 -0.85225707553516283 951.95000000000016 10.500000000000002 -0.6652727025667432 5.6050000000000013 3.3450000000000002 -0.98523971305672675 20.950000000000003 -0.52032787705993211 -0.056951011027366626 949.75000000000011 950.85000000000002 0.71500000000000008 0.9980355542543059 -0.98523971305672675 -0.99763297024448894 5.0750000000000011 66.500000000000014 0.87250000000000016
decision_type=2 2 2 2 2 2 2 2 2 2 2 2 2 2 2 10 10 2 2 2 2 2 2 10 2 2 2 2 2 10
left_child=2 23 4 19 -1 6 7 12 -5 13 28 -7 16 14 15 -6 -3 20 22 -4 -10 -17 -9 -2 -21 26 -14 -19 -11 -15
right_child=1 5 3 8 9 11 -8 18 17 10 -12 -13 25 29 -16 21 -18 27 -20 24 -22 -23 -24 -25 -26 -27 -28 -29 -30 -31
leaf_value=0.00011519887294229044 0.00018752410590625675 0.00031710473213275201 -0.0034759978621066523 -0.001442449704955382 0.0006097118399061033 -0.0077356407920883101 -6.3081210420950644e-05 -0.00077535781688323961 -0.00022332143161365181 -0.0001419222354633607 0.00051867099526918016 0.00015036236090871369 -0.0012436153062346832 0.0006185438913344529 -0.00027092125697139385 -0.0071748323674607293 -0.0010847223424772534 0.0047027094596888428 -0.0055404133963395897 0.00023683081708532526 0.0041408480414815881 0.0048849047302808079 -0.0042722479154298117 0.00016845671341023067 0.0026756338240576313 -0.00048553017653120667 0.0025683489273377602 0.0029666785743840654 0.0064317132006139139 0.0032881539024463978
leaf_weight=874 348 1603 351 143 1938 90 2916 798 61 81 1183 926 35 2074 4513 278 2272 987 2750 993 124 61 2344 363 49 2402 91 1560 503 576
leaf_count=874 348 1603 351 143 1938 90 2916 798 61 81 1183 926 35 2074 4513 278 2272 987 2750 993 124 61 2344 363 49 2402 91 1560 503 576
internal_value=-3.87539e-05 -0.00436061 0.0044388 0.0112465 0.00203377 -0.00525975 -0.00602919 -0.00723953 0.0171652 0.000869992 0.00657046 0.00625984 -0.00402468 -0.000197034 -0.00179381 0.00230567 -0.00147871 0.0182943 -0.0107332 -0.000969131 0.00210811 -0.0119469 -0.00813495 0.0161603 0.00224568 -0.00792722 0.00761905 0.01947 0.0159247 0.00389434
internal_weight=33287 16938 16349 4268 12081 16227 15211 12295 2875 11207 1767 1016 6403 9440 6790 2277 3875 2732 5892 1393 185 339 3142 711 1042 2528 126 2547 584 2650
internal_count=33287 16938 16349 4268 12081 16227 15211 12295 2875 11207 1767 1016 6403 9440 6790 2277 3875 2732 5892 1393 185 339 3142 711 1042 2528 126 2547 584 2650
is_linear=0
shrinkage=0.03


Tree=5
num_leaves=31
num_cat=0
split_feature=3 8 1 5 8 8 2 13 2 3 10 11 13 10 5 2 12 10 12 5 5 2 12 11 5 15 11 5 3 3
split_gain=706.662 286.829 286.049 334.241 191.858 148.028 121.619 128.865 85.5165 80.4831 75.5721 73.7869 104.469 77.0902 63.7907 117.179 60.8955 50.85 62.5676 49.2946 48.2204 51.6453 45.496 46.9697 39.5375 44.645 39.3514 39.0581 50.9091 37.5725
threshold=169.50000000000003 0.39271100841572332 4.1050000000000013 950.75000000000011 1.559100650567919 2286.6414911481456 4.8850000000000007 9.5000000000000018 12.555000000000001 48.500000000000007 -0.12940952255126037 -0.92923668111203805 2.5000000000000004 -0.5 948.25000000000011 5.7750000000000012 -0.85225707553516283 0.25881904510252057 0.36447543099728863 947.75000000000011 959.35000000000002 6.8850000000000007 0.99138911339924218 -0.074117382312902977 968.55000000000007 0.45059027777777788 -0.98803845231459242 952.55000000000007 263.50000000000006 47.500000000000007
decision_type=2 2 2 2 2 2 8 2 10 2 2 2 2 2 2 10 2 2 2 2 2 10 2 2 2 10 2 2 2 2
left_child=2 -2 4 17 -1 6 10 -8 9 -5 19 -6 13 -13 15 -14 -7 18 -4 -3 21 26 -23 -24 25 -9 -11 28 -12 -16
right_child=1 5 3 8 11 16 7 24 -10 20 27 12 14 -15 29 -17 -18 -19 -20 -21 -22 22 23 -25 -26 -27 -28 -29 -30 -31
leaf_value=0.00011137104491558013 0.00022939838527623633 0.0010532650197878247 -0.003197718110064177 -0.0013991762138067206 -0.0003846515961205904 -0.0055864998272700485 -0.0036655806481977831 0.0014130761989605161 -0.00018250806693631566 -0.0054806586388647226 -0.00020790244633684483 0.0011620592705740198 0.00028832565141307157 -0.00067640391963741929 -0.00019858724312555128 -0.0064416656590691223 0.00014385148940438075 0.0016899023082101959 0.0029677969047635492 -4.9544206756492785e-05 0.0043794519950099663 0.0030330890035753233 -0.014073987117250971 0.0044046106623210389 -0.0054351305266564223 -0.002461312107844281 0.0056246943765568555 -0.0002529642829997372 0.00074039865712631882 0.0016935542129553323
leaf_weight=783 352 1057 735 143 1270 94 7275 788 37 36 1610 688 1977 1505 310 382 994 524 134 2048 1090 1059 33 64 115 629 413 1872 506 4764
leaf_count=783 352 1057 735 143 1270 94 7275 788 37 36 1610 688 1977 1505 310 382 994 524 134 2048 1090 1059 33 64 115 629 413 1872 506 4764
internal_value=-0.000112657 -0.0043045 0.00444535 0.0110918 0.00201644 -0.0048599 -0.00559245 -0.00794709 0.0169357 0.0175264 -0.00266883 0.000985683 0.0018824 -0.00387141 0.00357998 -0.000495973 0.00584559 -0.000969131 -0.00542002 0.00084058 0.0186902 0.0153832 0.018737 -0.000927835 -3.91645e-05 0.0013338 0.00674833 -0.0054012 -0.0026087 0.00547497
internal_weight=33287 17340 15947 4268 11679 16988 15900 8807 2875 2838 7093 10896 9626 2193 7433 2359 1088 1393 869 3105 2695 1605 1156 97 1532 1417 449 3988 2116 5074
internal_count=33287 17340 15947 4268 11679 16988 15900 8807 2875 2838 7093 10896 9626 2193 7433 2359 1088 1393 869 3105 2695 1605 1156 97 1532 1417 449 3988 2116 5074
is_linear=0
shrinkage=0.03


Tree=6
num_leaves=31
num_cat=0
split_feature=8 12 1 8 5 13 10 1 10 12 8 2 1 12 13 5 6 12 6 2 12 6 5 2 6 6 13 8 8 9
split_gain=405.405 327.182 362.407 134.287 117.332 102.234 86.8843 76.9506 69.7005 63.8958 61.7854 58.0503 52.5698 46.106 42.9227 40.8036 51.1883 38.2398 37.3932 91.9889 38.6713 36.8537 35.3681 33.9766 45.9119 33.7524 48.567 31.3201 30.3154 29.2647
threshold=1.559100650567919 0.18281312110578132 4.1050000000000013 75.25671721319344 948.85000000000002 2.5000000000000004 -0.60355339059327384 8.2050000000000018 1.0000000180025095e-35 0.04621408538533487 380.29551321970598 0.71500000000000008 2.0150000000000001 -0.94137724084408114 5.5000000000000009 960.05000000000007 1.2297618608554992 -0.67801649466304881 1.2138910654525989 8.4950000000000028 0.50370931781787065 1.1303418289009932 951.05000000000007 3.4950000000000006 1.2349309997906319 1.1524122320730961 9.5000000000000018 37.912811388115315 2.2304456346911823 -0.37940952255126059
decision_type=2 2 2 2 2 2 2 2 2 2 2 10 2 2 2 2 2 2 2 10 2 2 2 10 2 2 2 2 2 2
left_child=11 3 5 9 10 6 23 8 25 13 -5 -1 22 27 17 18 -17 -12 -4 -20 -21 -10 -7 24 -3 -6 -27 -2 -8 -30
right_child=1 2 15 4 7 12 28 -9 21 -11 14 -13 -14 -15 -16 16 -18 -19 19 20 -22 -23 -24 -25 -26 26 -28 -29 29 -31
leaf_value=0.0001095325304115628 0.00094367589012592278 0.0004197235633966698 0.0017311838687054497 -0.0019470036748897195 -0.002690474439603038 0.002129056390646466 6.3077908179550883e-05 0.00013703594431246739 0.002922364158856031 -0.00024352000444102112 0.00032948609679261053 0.00016631757747794711 0.0015247634345249446 -4.4296685944703427e-05 -0.0066555916486951989 0.0026829591211490166 0.0010075684544119676 -0.0028769914413202752 -0.0044566383520559388 -0.0052296131790415751 0.0024218616326852726 -0.00088731022167644889 -0.00013164958690696662 0.0020813446964084359 -0.00041610920999563157 -0.0021491131127612108 0.0029441992639581481 -0.00018647445105458049 -0.00034411182913860779 -0.00089953559071104781
leaf_weight=734 1003 210 1703 3010 2169 270 47 841 558 486 135 851 3761 4420 1879 844 939 414 321 38 359 2133 2096 583 136 505 123 410 1069 1240
leaf_count=734 1003 210 1703 3010 2169 270 47 841 558 486 135 851 3761 4420 1879 844 939 414 321 38 359 2133 2096 583 136 505 123 410 1069 1240
internal_value=-6.21864e-05 -0.000802473 0.00271005 -0.00344686 -0.00534121 -0.000560986 -0.00483105 -0.00256439 -0.00385933 8.0709e-05 -0.008573 0.0147445 0.00172842 0.000951483 -0.0121334 0.0100333 0.0134773 -0.0047541 0.0074969 0.00175487 0.0114106 -0.000412486 -0.00177515 0.00293864 -0.00450867 -0.00717555 -0.00105096 0.00566879 -0.00789474 -0.00838025
internal_weight=33287 31702 13616 18086 11767 9412 3285 6329 5488 6319 5438 1585 6127 5833 2428 4204 1783 549 2421 718 397 2691 2366 929 346 2797 628 1413 2356 2309
internal_count=33287 31702 13616 18086 11767 9412 3285 6329 5488 6319 5438 1585 6127 5833 2428 4204 1783 549 2421 718 397 2691 2366 929 346 2797 628 1413 2356 2309
is_linear=0
shrinkage=0.03


Tree=7
num_leaves=31
num_cat=0
split_feature=3 8 8 12 8 8 13 2 9 13 2 10 12 8 6 10 8 12 4 12 13 13 2 8 12 10 4 10 10 13
split_gain=654.67 245.816 186.415 189.292 151.559 131.475 92.4154 112.779 74.575 62.1123 61.3878 59.2034 55.9182 54.5499 53.9612 96.1359 55.5567 55.6891 53.6943 48.1676 43.4281 43.4109 42.366 41.732 39.9399 39.8763 37.4659 37.1522 36.2139 35.8229
threshold=166.50000000000003 1.7873021571879717 517.97168979556477 -0.082691941062253513 2286.6414911481456 0.39271100841572332 8.5000000000000018 5.7350000000000012 -1.0000000180025095e-35 1.5000000000000002 0.53500000000000014 0.60355339059327384 -0.93543596745397617 878.17803935253357 1.1580252060112823 0.1294095225512602 130.01331967647317 0.67007489853957602 14.350000000000003 -0.85225707553516283 8.5000000000000018 6.5000000000000009 12.185 20.480619143245423 0.56191161272202661 0.1294095225512602 32.550000000000004 0.1294095225512602 -0.9159756150367534 2.5000000000000004
decision_type=2 2 2 2 2 2 2 8 2 2 10 2 2 2 2 2 2 2 2 2 2 2 10 2 2 2 2 2 2 2
left_child=2 10 5 8 6 -1 7 11 -4 27 -2 12 -3 -5 15 23 28 20 -17 -6 -18 -9 -15 -11 -22 -19 -23 -7 -16 -30
right_child=1 4 3 13 19 9 -8 21 -10 14 -12 -13 -14 22 16 18 17 25 -20 -21 24 26 -24 -25 -26 -27 -28 -29 29 -31
leaf_value=6.026265466619704e-05 0.00032023045270754258 0.00072497777241084527 -0.005755436193516505 0.0056232057727374591 -0.0052192370829910904 8.9814074592909165e-05 -0.00016378467660977316 -0.0038029954968374613 0.00091312929145398057 0.0001647453939229046 0.00014273045504516223 -0.00056528233579758241 -0.00024523413629386063 0.0019664148585332155 0.0029629440884537872 -0.0013861783815936036 0.0098257519978181586 0.0049091077936013949 0.0011180815749585382 0.00012850373656652294 0.00078849716579683317 -0.0074174882984683966 -0.0001037499621017408 -0.0011222049292266133 0.0096753146800597576 -0.00080479196161791498 -0.0020272459669110929 -0.00097578850126535366 -0.00033317212335948134 0.00029212029080683205
leaf_weight=298 230 946 235 1347 94 706 4428 3542 560 683 665 1678 3313 928 313 138 830 704 2496 994 445 1266 39 1892 151 637 347 641 425 2316
leaf_count=298 230 946 235 1347 94 706 4428 3542 560 683 665 1678 3313 928 313 138 830 704 2496 994 445 1266 39 1892 151 637 347 641 425 2316
internal_value=-0.000157719 -0.004153 0.00427268 0.0108556 -0.00497832 0.00265799 -0.00573711 -0.00719978 -0.00177358 0.00218389 0.011162 -0.004381 -0.00250059 0.0151945 0.00292656 0.000708389 0.00491153 0.0079906 0.00473804 0.00584559 0.0121178 -0.0104462 0.0206308 -0.00341359 0.0059396 0.00360179 -0.0145257 -0.00389755 0.00212181 0.00101788
internal_weight=33287 17503 15784 3109 16608 12675 15520 11092 795 12377 895 5937 4259 2314 11030 5209 5821 2767 2634 1088 1426 5155 967 2575 596 1341 1613 1347 3054 2741
internal_count=33287 17503 15784 3109 16608 12675 15520 11092 795 12377 895 5937 4259 2314 11030 5209 5821 2767 2634 1088 1426 5155 967 2575 596 1341 1613 1347 3054 2741
is_linear=0
shrinkage=0.03


Tree=8
num_leaves=31
num_cat=0
split_feature=3 1 5 7 1 7 13 7 5 5 3 7 13 7 13 7 12 6 7 12 1 3 10 12 10 12 12 1 4 12
split_gain=647 307.951 301.655 160.367 152.331 122.508 94.025 102.774 90.9631 74.4145 64.3193 58.6626 57.0568 50.972 49.2058 48.4887 47.7788 46.5816 111.28 72.1988 63.8823 45.2442 44.342 56.7517 42.6467 42.5584 40.8174 39.2831 35.1569 34.0449
threshold=168.50000000000003 4.1050000000000013 950.75000000000011 1.6223224999999999 9.1250000000000018 0.3655795 8.5000000000000018 77.037200500000012 953.45000000000016 959.35000000000002 47.500000000000007 1809.1593455 1.5000000000000002 326.37172049999998 6.5000000000000009 0.088154500000000011 0.98174098242282837 1.1571425004113505 192.60029250000002 -0.39827153806311183 2.0150000000000001 242.50000000000003 0.25881904510252057 0.36447543099728863 0.60355339059327384 -0.85225707553516283 -0.99628250747696534 2.6450000000000005 32.350000000000001 0.6174544326165855
decision_type=2 2 2 2 2 2 2 2 2 2 2 2 2 2 2 2 2 2 2 2 2 2 2 2 2 2 2 2 2 2
left_child=1 5 22 15 6 -1 7 8 21 10 -4 13 -7 -12 26 -2 -15 18 19 -14 -19 -5 23 -3 27 -6 -9 -16 -29 -22
right_child=3 2 9 4 25 12 -8 14 -10 -11 11 -13 17 16 24 -17 -18 20 -20 -21 29 -23 -24 -25 -26 -27 -28 28 -30 -31
leaf_value=5.4954775151008345e-05 0.0003281235419947898 -0.0030097103086387622 -0.0046815022904446958 -0.00019034183742997713 -0.0061600339436665933 -0.00036232834959632143 -0.00014740498748870356 0.0019126979093054006 -0.00035869331416385009 0.0039619543578144085 0.0035870592892872882 -0.00015424064307350668 0.00063154515316552341 0.002922085203912207 0.00021180504758758776 9.9540876573797624e-05 -0.00073083258397246094 -1.4618763979266923e-05 -0.0049966905907020045 -0.00023072591760109104 0.0039572425943875007 0.00066809093247914054 0.0016967371457207901 0.0027678350358034832 -0.0057650279249729201 0.00012856975415338726 -0.0027472485015940335 -0.0047909790602872404 -0.0017594284366271716 0.001354861326049208
leaf_weight=343 152 735 84 1378 60 1360 4496 134 1262 1132 452 39 2513 1067 260 734 101 2247 676 1006 1549 1228 524 134 484 810 4780 1153 483 1911
leaf_count=343 152 735 84 1378 60 1360 4496 134 1262 1132 452 39 2513 1067 260 734 101 2247 676 1006 1549 1228 524 134 484 810 4780 1153 483 1911
internal_value=-0.000179349 0.00420147 0.0110918 -0.0041725 -0.00483906 0.00166738 -0.00551795 -0.00699337 -0.00304033 0.0166435 0.0127539 0.0140506 0.00112946 0.0149259 -0.00908966 0.00826185 0.0182363 0.00192082 -0.000479142 0.0016624 0.00368495 0.000161167 -0.000366116 -0.00452244 -0.0126303 0.00737931 -0.00737485 -0.0106013 -0.0123227 0.00624277
internal_weight=33287 15873 4268 17414 16528 11605 15658 11162 3868 2875 1743 1659 11262 1620 7294 886 1168 9902 4195 3519 5707 2606 1393 869 2380 870 4914 1896 1636 3460
internal_count=33287 15873 4268 17414 16528 11605 15658 11162 3868 2875 1743 1659 11262 1620 7294 886 1168 9902 4195 3519 5707 2606 1393 869 2380 870 4914 1896 1636 3460
is_linear=0
shrinkage=0.03


Tree=9
num_leaves=31
num_cat=0
split_feature=12 1 8 8 6 9 2 13 2 10 12 10 1 6 4 12 9 2 1 2 6 1 12 12 15 12 2 12 14 9
split_gain=262.746 303.806 235.982 87.1841 77.9398 72.4376 78.2257 68.7472 93.2425 88.8454 68.1922 66.7366 64.6923 56.5574 46.2571 67.0984 45.0216 36.8868 45.4299 34.1017 38.8773 32.5073 30.2351 31.1349 26.8191 26.346 25.1254 24.8414 23.9351 22.3468
threshold=0.18281312110578132 4.1050000000000013 26.72495831651073 0.39271100841572332 1.1552220366902344 0.60355339059327384 5.7350000000000012 2.5000000000000004 1.3150000000000002 -0.60355339059327384 0.04621408538533487 0.25881904510252057 6.6150000000000011 1.1181672928705622 -1.0000000180025095e-35 0.90438663683299525 0.60355339059327384 0.62500000000000011 2.0150000000000001 3.3250000000000006 1.2349309997906319 5.3250000000000011 -0.57077231802681661 -0.50557503990954278 1.0000000180025095e-35 0.78192542922038288 9.1050000000000022 -0.099822328936730861 0.30916666666666676 -0.37940952255126059
decision_type=2 2 2 2 2 2 10 2 10 2 2 2 2 2 2 2 2 10 2 10 2 2 2 2 10 2 10 2 8 2
left_child=2 7 3 -1 5 6 -4 8 -2 19 22 -7 26 -8 15 -3 25 -9 -19 20 -10 -18 -5 -24 -11 -16 27 -6 -17 -26
right_child=1 14 4 10 12 11 13 17 9 24 -12 -13 -14 -15 16 28 21 18 -20 -21 -22 -23 23 -25 29 -27 -28 -29 -30 -31
leaf_value=0.00037530614136989127 3.5025973291880919e-05 -0.00091486644985354013 -0.00077577789088508029 0.00061264547887881441 -0.0013732559963238926 -0.0012610057950766286 -0.0049969792954845963 3.6306130506944804e-05 0.00036743097778035231 0.0025564857004656207 -0.00010362673061303187 0.00091469751688769444 0.00018021266329177929 -0.0020952169804525586 0.00028151751056600479 0.00088025392701648951 0.004650703367481814 -1.8591939850339975e-05 0.0013861101718924576 0.0019395970501090928 -0.00043196193334821232 0.0024287609444815401 -0.00016076121632937557 0.00011088368115509808 -0.00037517243328900532 0.0016615308103855122 -0.0058118823231314842 0.00077487844533626906 0.0017078859070371846 -0.00095969202448551046
leaf_weight=351 400 526 3584 2386 703 2270 2536 157 172 30 367 1453 530 2281 847 476 502 2657 3761 608 115 945 218 1147 1033 383 216 900 525 1208
leaf_count=351 400 526 3584 2386 703 2270 2536 157 172 30 367 1453 530 2281 847 476 502 2657 3761 608 115 945 218 1147 1033 383 216 900 525 1208
internal_value=-0.000195572 0.0028672 -0.00251505 0.00351085 -0.00437573 -0.00534477 -0.00688847 5.62075e-05 -0.00329781 -0.00502211 0.00228752 -0.0018614 0.000625798 -0.00938551 0.00964795 0.00548134 0.0120247 0.00187529 0.00152384 0.00298324 -0.00554007 0.0156116 0.00349507 -6.59341e-05 -0.00817701 0.00780488 -0.00206157 -0.000767311 0.01004 -0.00855422
internal_weight=33287 14345 18942 4469 14473 12124 8401 10141 3566 3166 4118 3723 2349 4817 4204 1527 2677 6575 6418 895 287 1447 3751 1365 2271 1230 1819 1603 1001 2241
internal_count=33287 14345 18942 4469 14473 12124 8401 10141 3566 3166 4118 3723 2349 4817 4204 1527 2677 6575 6418 895 287 1447 3751 1365 2271 1230 1819 1603 1001 2241
is_linear=0
shrinkage=0.03


Tree=10
num_leaves=31
num_cat=0
split_feature=3 1 6 8 8 8 13 2 10 11 13 12 10 2 10 12 4 12 2 4 1 2 1 11 8 1 6 11 3 11
split_gain=609.039 300.271 267.792 134.604 161.083 98.0771 92.8612 77.7717 77.1477 64.6982 77.0262 56.3621 53.0685 79.5636 52.4654 49.7989 47.2955 79.8528 74.6871 47.1257 44.0656 43.592 45.78 42.7591 41.8227 36.7213 34.8803 34.1783 34.0666 31.2543
threshold=166.50000000000003 4.1050000000000013 1.1538736432548362 8.5322875837485341 1931.3528190355134 0.39271100841572332 8.5000000000000018 6.3150000000000004 0.25881904510252057 -0.92923668111203805 2.5000000000000004 -0.85225707553516283 -0.70710678118654757 1.5050000000000001 0.60355339059327384 -0.93543596745397617 9.6500000000000004 0.44312301391210612 6.1650000000000009 22.050000000000004 2.9250000000000003 12.025 5.0750000000000011 -0.01397611846945947 0.028265481580769969 6.5250000000000012 1.0830379298999213 0.26866988313759588 70.500000000000014 0.97696484778429815
decision_type=2 2 2 2 2 2 2 8 2 2 2 2 2 10 2 2 2 2 10 2 2 10 2 2 2 2 2 2 2 2
left_child=1 5 8 19 6 -1 7 14 25 -7 12 -6 -11 -14 15 -5 17 28 29 24 -19 22 -4 -9 -2 -3 -27 -10 -12 -18
right_child=3 2 21 4 11 9 -8 23 27 10 16 -13 13 -15 -16 -17 18 20 -20 -21 -22 -23 -24 -25 -26 26 -28 -29 -30 -31
leaf_value=5.3716948925630827e-05 0.0003172098541779637 -0.0020536063096039496 0.0040707639536533974 0.00047260241147441078 -0.0061566674964639049 -0.00024107140890175852 -0.00044605151811796535 -0.0063080821856949494 0.0019086735391132621 0.0013206178131866583 -0.00014021655509348363 0.00013287449016119492 7.3076658220345297e-05 -0.00065763052599216213 -0.00095612356225021451 -0.00058747702855800458 0.00058152152753645678 0.00020507117677580239 -0.0039850824068461245 0.00086024444456646028 0.004665352568481238 -0.000134373075007842 0.0022917242801374868 -0.0042381691681657929 -6.2710457547129285e-06 -0.0026554458642773907 0.0018959921107351871 0.0060285767016963979 0.0050129399114103275 -0.00022391299433118929
leaf_weight=298 58 829 1014 947 132 1325 3904 1265 442 544 97 1284 110 1588 1624 3231 3085 1932 596 704 844 45 1212 2935 1419 126 326 274 671 426
leaf_count=298 58 829 1014 947 132 1325 3904 1265 442 544 97 1284 110 1588 1624 3231 3085 1932 596 704 844 45 1212 2935 1419 126 326 274 671 426
internal_value=-0.000217202 0.00405601 0.0108529 -0.00407073 -0.00506331 0.00153699 -0.00604487 -0.00757648 0.00283926 0.00108576 0.00191954 0.00457627 -0.00297056 -0.00558304 -0.00532575 -0.00354715 0.0033525 0.00589165 0.00116143 0.00290234 0.00352305 0.0178996 0.0184906 -0.0106857 -0.00014218 -0.00156909 0.00530973 0.0107263 0.0144531 0.00282825
internal_weight=33287 15784 4268 17503 15322 11516 13906 10002 1997 11218 9893 1416 2242 1698 5802 4178 7651 3544 4107 2181 2776 2271 2226 4200 1477 1281 452 716 768 3511
internal_count=33287 15784 4268 17503 15322 11516 13906 10002 1997 11218 9893 1416 2242 1698 5802 4178 7651 3544 4107 2181 2776 2271 2226 4200 1477 1281 452 716 768 3511
is_linear=0
shrinkage=0.03


Tree=11
num_leaves=31
num_cat=0
split_feature=12 2 8 5 8 10 12 9 11 10 11 11 8 13 11 5 8 8 4 4 4 5 11 5 11 11 11 15 8 5
split_gain=245.343 222.886 211.122 76.2094 78.8218 64.7295 60.5558 60.53 59.5516 57.49 56.3082 72.6007 51.1477 55.6162 43.3773 41.6829 40.528 40.084 37.8378 38.2166 36.9367 33.7941 33.4104 30.4055 29.6338 34.4752 29.0968 26.8271 26.8174 26.7454
threshold=0.11478523713130605 7.0450000000000008 26.72495831651073 948.75000000000011 308.88065950504836 1.0000000180025095e-35 0.04621408538533487 0.78656609248549325 0.9193901325473397 1.0000000180025095e-35 0.52033990680116082 0.7090011537757156 3.6677508942857835 1.5000000000000002 -0.93545489084327571 953.55000000000007 1838.8840672367276 1.559100650567919 16.550000000000004 -1.0000000180025095e-35 -1.0000000180025095e-35 953.95000000000016 0.9893236546938301 950.75000000000011 -0.8781231054254196 -0.82415615971448097 -0.70291267844185523 0.66180555555555576 900.49825190623039 957.05000000000007
decision_type=2 10 2 2 2 2 2 2 2 2 2 2 2 2 2 2 2 2 2 2 2 2 2 2 2 2 2 8 2 2
left_child=2 5 6 4 -4 18 17 21 12 16 -6 -12 -7 -14 -11 23 24 -1 19 26 -9 28 -10 -16 -5 -26 -2 -19 -3 -22
right_child=1 7 3 9 10 8 -8 20 22 14 11 -13 13 -15 15 -17 -18 27 -20 -21 29 -23 -24 -25 25 -27 -28 -29 -30 -31
leaf_value=0.0005503045537147141 0.012228167506692506 -0.0016719745740031468 -0.00083702960648005052 -0.00059731271386737148 -0.005883551738800492 1.6352693831924218e-05 -0.00010253418845604853 0.00071113795765210413 0.0028412038176147971 -0.0011948023851845208 0.0017928499619219065 -0.0025054484531322075 -0.001130462537236612 -0.00026416145644102127 0.00014078550037202657 -0.0010491564350274415 0.00011782004733497836 0.00029273862630260224 -0.00040412546053183611 0.00096190841748014348 0.0016794804528218632 0.0011325200658336362 -0.00051970606630701065 0.0018280902471123717 -0.0066137478911403799 -0.001730019409004413 -1.963826249534704e-05 -0.00022157775856590926 0.0003705560641146993 0.0034170139496458724
leaf_weight=780 32 522 4009 1030 2244 610 161 246 521 831 114 431 889 3232 725 1102 419 3082 295 3167 392 2613 56 897 82 2064 1794 217 323 407
leaf_count=780 32 522 4009 1030 2244 610 161 246 521 831 114 431 889 3232 725 1102 419 3082 295 3167 392 2613 56 897 82 2064 1794 217 323 407
internal_value=-0.000190164 0.0026366 -0.00253684 -0.0043189 -0.00659312 0.000260476 0.00332547 0.00822785 -0.00207988 -0.00215664 -0.0104661 -0.00181651 -0.0031896 -0.00438971 0.000548523 0.00237885 -0.00483171 0.00403775 0.00260968 0.00322652 0.014555 0.00631579 0.00701906 0.00543773 -0.00598866 -0.00799627 -0.000230011 0.00259169 0.00110059 0.0176846
internal_weight=33287 15099 18188 13948 6798 10596 4240 4503 5308 7150 2789 545 4731 4121 3555 2724 3595 4079 5288 4993 1045 3458 577 1622 3176 2146 1826 3299 845 799
internal_count=33287 15099 18188 13948 6798 10596 4240 4503 5308 7150 2789 545 4731 4121 3555 2724 3595 4079 5288 4993 1045 3458 577 1622 3176 2146 1826 3299 845 799
is_linear=0
shrinkage=0.03


Tree=12
num_leaves=31
num_cat=0
split_feature=12 1 8 11 5 1 12 10 4 8 11 11 11 10 11 11 8 11 11 9 4 12 5 6 12 4 11 11 9 1
split_gain=226.431 275.016 161.48 86.9004 82.383 65.569 63.503 58.9027 61.0062 57.7079 89.2829 64.538 54.9361 50.1993 66.174 55.7994 65.9104 41.6454 40.1416 39.4509 59.6857 44.3541 37.636 34.8569 33.9393 31.7748 38.8833 30.3484 29.8393 29.6841
threshold=0.18281312110578132 4.1050000000000013 26.72495831651073 -0.97113884758256674 950.05000000000007 8.2050000000000018 -0.57077231802681661 0.25881904510252057 19.150000000000002 314.31424753059946 0.52033990680116082 0.7210268013660811 -0.95244167294248061 -0.60355339059327384 0.9193901325473397 -0.03977009085991149 4.3479190844630677 -0.32614396506100213 -0.75015329512557205 1.0000000180025095e-35 -11.149999999999997 0.7487283477006671 960.05000000000007 1.2269372456580936 0.3484035575467645 16.150000000000002 0.90162119223771331 -0.27694604220087021 -1.0000000180025095e-35 1.9950000000000003
decision_type=2 2 2 2 2 2 2 2 2 2 2 2 2 2 2 2 2 2 2 2 2 2 2 2 2 2 2 2 2 2
left_child=2 3 6 -2 9 7 -1 25 -9 -4 -11 -12 -5 -14 15 17 -17 18 -15 21 -21 24 -22 -24 -3 -6 -27 -19 29 -18
right_child=1 19 4 12 5 -7 -8 8 -10 10 11 -13 13 14 -16 16 28 27 -20 20 22 -23 23 -25 -26 26 -28 -29 -30 -31
leaf_value=0.00056532335523547586 0.0095465789723296994 0.00036758083681753313 -0.00084850908307528147 -0.00098977290374872872 -0.00013434454769755362 0.00013726452182251766 -2.085107666198179e-05 -0.00052579068034962618 0.0036299480958321621 -0.0054722261817221974 0.0015115303333846062 -0.001825603198247427 0.00062336176126351318 0.0002005340118392098 0.0030690358970767032 1.6231741141534538e-05 -0.00039244579934758823 0.0057706966968205046 -0.00015555832772598581 -0.008787816860893102 0.001671911548201926 0.001375592164329067 0.004272434238725014 0.0013884565136499621 -0.0020256554979561706 -0.0012957612318087674 -0.0026840159362345609 0.00098821482069120494 -0.00083082172991990515 -0.00045680970882361419
leaf_weight=2576 194 212 4730 223 990 704 1893 1896 481 2530 180 698 2696 1130 579 373 507 106 1550 37 1660 799 595 507 394 1847 417 617 1261 905
leaf_count=2576 194 212 4730 223 990 704 1893 1896 481 2530 180 698 2696 1130 579 373 507 106 1550 37 1660 799 595 507 394 1847 417 617 1261 905
internal_value=-0.000260462 0.00258278 -0.00241368 -9.17069e-05 -0.00395288 -0.00138753 0.00257104 -0.0024667 0.00112326 -0.00594986 -0.00892606 -0.000683371 -0.000479542 -0.000141917 -0.00147695 -0.0023492 -0.00529875 0.00029092 -0.00143284 0.00903425 0.0110932 0.00493238 0.0116003 0.0158984 -0.00118812 -0.00508912 -0.00704947 0.0066805 -0.00694725 -0.00395184
internal_weight=33287 14345 18942 10141 14473 6335 4469 5631 2377 8138 3408 878 9947 9724 7028 6449 3046 3403 2680 4204 2799 1405 2762 1102 606 3254 2264 723 2673 1412
internal_count=33287 14345 18942 10141 14473 6335 4469 5631 2377 8138 3408 878 9947 9724 7028 6449 3046 3403 2680 4204 2799 1405 2762 1102 606 3254 2264 723 2673 1412
is_linear=0
shrinkage=0.03


Tree=13
num_leaves=31
num_cat=0
split_feature=3 8 5 8 8 13 2 11 10 2 13 4 12 12 11 4 2 2 11 5 11 9 11 4 8 12 12 5 12 5
split_gain=568.471 190.091 287.61 98.2306 120.903 84.603 62.9301 61.422 53.9658 53.3534 50.7362 57.2141 50.3692 46.544 44.6414 43.4451 40.9549 38.5792 36.8476 39.0946 46.0491 35.0942 34.4613 34.7022 34.0476 46.2284 57.2189 34.6064 33.8588 33.3143
threshold=166.50000000000003 484.25377327407358 951.05000000000007 1931.3528190355134 8.5322875837485341 8.5000000000000018 6.3150000000000004 -0.93545489084327571 0.60355339059327384 12.025 1.5000000000000002 27.250000000000004 0.9980355542543059 -0.93543596745397617 -0.41398024697495356 21.550000000000004 9.2150000000000016 1.5950000000000004 0.048362692321690152 969.25000000000011 0.25206111083856975 0.37940952255126054 -0.01397611846945947 32.550000000000004 2.2304456346911823 0.2332836900311728 0.18281312110578132 956.95000000000016 -0.85225707553516283 959.55000000000007
decision_type=2 2 2 2 2 2 8 2 2 10 2 2 2 2 2 2 10 8 2 2 2 2 2 2 2 2 2 2 2 2
left_child=1 7 12 4 15 6 8 24 13 16 17 -12 21 -6 -13 -2 29 -9 -19 20 -20 -3 23 -8 -1 26 27 -26 -5 -4
right_child=3 2 9 28 5 -7 22 10 -10 -11 11 14 -14 -15 -16 -17 -18 18 19 -21 -22 -23 -24 -25 25 -27 -28 -29 -30 -31
leaf_value=4.1477815718666106e-05 -6.3308356439802571e-06 -0.0051234531367995162 0.0041677765556021032 -0.0056312941339543071 0.00050749430174035432 -0.00044036099098212052 -0.0075834244732873729 5.2492105709417407e-05 -0.00094183942193821883 -0.00015305129553285407 0.00099363112927548488 -0.00075724371327139225 0.0020793555565832064 -0.00056287088230246019 0.00027078458804929599 0.00079863616617738742 0.0015117354800006518 0.0044355431133334712 -0.0015129168093158797 0.010968618633556261 -9.4298827179122545e-05 0.00020768332377826866 -0.0040290109146799719 -0.0017623601069802349 -0.00054782229311852555 -0.0016200797130599882 0.0062292602277302716 0.0023943087800891161 0.00010932302873198733 0.0065359927890458651
leaf_weight=140 1452 498 1051 132 947 3904 987 144 1624 59 8173 468 47 3231 978 729 744 95 539 44 522 386 2935 278 744 236 122 178 1284 616
leaf_count=140 1452 498 1051 132 947 3904 987 144 1624 59 8173 468 47 3231 978 729 744 95 539 44 522 386 2935 278 744 236 122 178 1284 616
internal_value=-0.000292907 0.00383553 0.0101176 -0.00401588 -0.00468266 -0.00571264 -0.00717457 0.00211015 -0.00514995 0.0154737 0.00287056 0.00363343 -0.00409237 -0.0033461 -0.00186722 0.00188446 0.0161634 -0.00258929 -0.00435 -0.0058914 -0.00704053 -0.00570136 -0.00997143 -0.0141107 -0.00376056 -0.00529688 -0.00258621 -0.005141 0.00355932 0.0135513
internal_weight=33287 15784 3401 17503 16087 13906 10002 12383 5802 2470 10963 9619 931 4178 1446 2181 2411 1344 1200 1105 1061 884 4200 1265 1420 1280 1044 922 1416 1667
internal_count=33287 15784 3401 17503 16087 13906 10002 12383 5802 2470 10963 9619 931 4178 1446 2181 2411 1344 1200 1105 1061 884 4200 1265 1420 1280 1044 922 1416 1667
is_linear=0
shrinkage=0.03


Tree=14
num_leaves=31
num_cat=0
split_feature=3 1 5 2 2 3 13 3 2 11 13 2 11 10 5 2 11 6 5 3 15 11 11 5 5 10 11 2 6 11
split_gain=533.15 247.88 234.702 107.782 79.0326 100.537 81.9392 68.8107 65.3444 60.9071 84.3292 59.3289 52.7611 51.8989 37.4419 45.9906 36.8534 42.0277 36.6794 41.3844 35.2179 33.2626 40.3465 32.8315 30.8962 36.9141 30.6583 80.348 39.0135 30.6362
threshold=89.500000000000014 4.1050000000000013 950.75000000000011 1.6850000000000003 12.185 162.50000000000003 8.5000000000000018 48.500000000000007 6.2750000000000012 -0.92923668111203805 2.5000000000000004 12.025 -0.52032787705993211 0.60355339059327384 959.35000000000002 6.5750000000000011 0.3504237462291826 1.0788274060257634 953.75000000000011 270.50000000000006 0.46329861111111115 -0.98803845231459242 0.94138322595482449 952.55000000000007 953.45000000000016 -0.5 0.83849049182116964 4.4350000000000014 1.164687913272598 -0.82415615971448097
decision_type=2 2 2 8 10 2 2 2 8 2 2 10 2 2 2 10 2 2 2 2 10 2 2 2 2 2 2 10 2 2
left_child=1 26 12 23 5 9 8 -4 13 -5 -11 14 -3 18 15 21 17 -10 29 -20 -8 -9 -23 -2 25 -18 -1 -28 -29 -7
right_child=3 2 7 4 -6 6 20 11 16 10 -12 -13 -14 -15 -16 -17 24 -19 19 -21 -22 22 -24 -25 -26 -27 27 28 -30 -31
leaf_value=4.4400023549898971e-05 0.00041408930251609353 -0.0029492536074126338 -0.0017342030736566666 -0.00070559328761321939 8.5331608480109696e-05 -0.00092673266064611387 6.5023828886944586e-05 -0.0051368050270082536 -0.0015951403254559735 -0.00050789935793188912 0.00077456186995941386 -0.00014845975666686844 0.00084462210859635473 -0.00071962106898843913 0.0037841971360652029 0.0026882995884293598 -0.0044669936618915692 -0.0072970061406293554 -0.00050451257418609714 -0.0005882337674113857 -0.00070424108644751623 0.0069534204376761506 -0.0022916617456969707 -2.4713585281692241e-06 -0.0047307898189678545 0.00037082166811365838 -6.115464887203815e-05 0.00012884205713882787 0.0081930142162530799 -9.0282265218617766e-05
leaf_weight=5143 1337 341 143 427 1258 137 2639 34 455 860 3054 61 989 1735 1062 1196 571 1412 948 364 1497 232 96 1430 1232 666 536 117 356 2959
leaf_count=5143 1337 341 143 427 1258 137 2639 34 455 860 3054 61 989 1735 1062 1196 571 1412 948 364 1497 232 96 1430 1232 666 536 117 356 2959
internal_value=-0.000354192 0.00531535 0.0109774 -0.00289674 -0.00365687 -0.00414011 -0.00533082 0.0158711 -0.00674206 -0.000131306 0.00104241 0.0169526 0.000586466 -0.00475175 0.0176336 0.0146727 -0.00956181 -0.0127424 -0.00302178 -0.00722561 -0.00175532 0.00530387 0.00823171 0.00265631 -0.00715674 -0.0038076 0.0014922 0.00627354 0.0152854 -0.00124031
internal_weight=33287 10306 4154 22981 20214 18956 14615 2824 10479 4341 3914 2681 1330 6143 2620 1558 4336 1867 4408 1312 4136 362 328 2767 2469 1237 6152 1009 473 3096
internal_count=33287 10306 4154 22981 20214 18956 14615 2824 10479 4341 3914 2681 1330 6143 2620 1558 4336 1867 4408 1312 4136 362 328 2767 2469 1237 6152 1009 473 3096
is_linear=0
shrinkage=0.03


Tree=15
num_leaves=31
num_cat=0
split_feature=12 1 8 5 2 11 11 10 13 8 12 1 10 5 6 1 6 8 14 1 8 6 11 12 12 15 5 11 11 12
split_gain=194.153 269.302 145.102 65.8835 60.6526 62.687 63.8491 54.3089 58.1928 68.5532 52.1922 51.2686 65.3137 45.4106 45.3357 40.9716 37.3032 30.3644 29.3639 29.0525 26.7324 61.6647 38.628 29.2314 26.1301 25.9584 25.8663 24.8516 48.6753 23.2983
threshold=0.11478523713130605 3.8150000000000004 26.72495831651073 948.85000000000002 5.7750000000000012 0.52033990680116082 0.7090011537757156 -0.5 2.5000000000000004 5.8430833775303945 0.04621408538533487 8.1050000000000022 0.1294095225512602 960.05000000000007 1.1380051648342151 2.0150000000000001 1.2297618608554992 0.028265481580769969 0.25416666666666671 1.1250000000000002 878.17803935253357 1.2138910654525989 0.75580964594513067 0.91511078773075516 0.65720762023595369 0.62663194444444459 950.75000000000011 0.90162119223771331 0.99907018497641664 -0.99273797715557011
decision_type=2 2 2 2 10 2 2 2 2 2 2 2 2 2 2 2 2 2 10 2 2 2 2 2 2 8 2 2 2 2
left_child=2 7 10 4 -4 29 -7 18 9 -9 19 12 27 20 26 17 -15 -10 -2 -1 21 -3 -23 -22 -17 -21 -14 -5 -29 -6
right_child=1 13 3 11 5 6 -8 8 15 -11 -12 -13 14 16 -16 24 -18 -19 -20 25 23 22 -24 -25 -26 -27 -28 28 -30 -31
leaf_value=0.00067052493636637694 -2.4950244165922242e-05 0.0033104124022549602 -0.00064441584377600053 -0.0011592128817547291 -0.0022673327659011012 0.0017440387591141158 -0.0017948626285065703 1.9233662104434519e-05 4.5323951518610472e-05 -0.00069800399749093045 -0.00010758275109550051 0.00012594783303397967 0.00015671136432566978 0.0023825527183655945 -0.00079577308747842907 0.0018553633723181022 0.00078927425820997951 -5.6036084167248858e-05 0.00096993325346448592 0.00022427344068657649 0.00016169447307643993 -0.00017135967793384515 -0.0063797976816300592 0.0016521845610785067 -0.00031102375148302962 -0.00019450022962201534 0.0036256127391426215 -0.0027537493309885042 0.00187859759339394 -0.0051863211953270373
leaf_weight=1078 1548 1265 3304 2466 515 140 530 356 31 1888 161 796 400 965 2053 1348 1092 2078 1667 2742 780 428 153 393 1107 259 489 705 151 2399
leaf_count=1078 1548 1265 3304 2466 515 140 530 356 31 1888 161 796 400 965 2053 1348 1092 2078 1667 2742 780 428 153 393 1107 259 489 705 151 2399
internal_value=-0.00036681 0.00214782 -0.00245437 -0.00393175 -0.00601916 -0.0087221 -0.000447761 -0.000703382 -0.00222092 -0.00617647 0.00240566 -0.00189518 -0.00280651 0.00777778 0.000448674 -0.000276074 0.0112154 -0.00334282 0.00251011 0.00306693 0.00543557 0.00318527 -0.00490534 0.00897698 0.00235845 0.00154948 0.00610799 -0.00568934 -0.0100935 -0.0106246
internal_weight=33287 15099 18188 13948 6888 3584 670 10023 6808 2244 4240 7060 6264 5076 2942 4564 2057 2109 3215 4079 3019 1846 581 1173 2455 3001 889 3322 856 2914
internal_count=33287 15099 18188 13948 6888 3584 670 10023 6808 2244 4240 7060 6264 5076 2942 4564 2057 2109 3215 4079 3019 1846 581 1173 2455 3001 889 3322 856 2914
is_linear=0
shrinkage=0.03


Tree=16
num_leaves=31
num_cat=0
split_feature=3 1 5 8 8 2 13 2 3 10 3 12 11 1 5 5 8 12 11 11 11 5 11 12 6 8 11 7 10 11
split_gain=508.317 234.772 217.967 95.875 73.3099 95.923 97.5782 68.4854 73.8102 53.4116 58.2525 56.6716 49.6276 41.4661 37.5145 35.5818 45.7489 42.2619 44.9923 35.1447 37.1916 35.0478 33.7991 31.6791 29.9047 57.3025 54.8787 65.0344 40.3414 42.7133
threshold=89.500000000000014 4.1050000000000013 950.75000000000011 5.3967193043054982 1931.3528190355134 5.7350000000000012 9.5000000000000018 11.705000000000002 48.500000000000007 1.0000000180025095e-35 162.50000000000003 1.0000000180025095e-35 -0.52032787705993211 2.0050000000000003 950.35000000000002 959.35000000000002 343.85440224439816 0.99138911339924218 -0.074117382312902977 -0.98803845231459242 0.90162119223771331 968.95000000000016 0.97696484778429815 0.9980355542543059 1.164687913272598 374.40454764317275 0.83849049182116964 86.644597500000003 -0.60355339059327384 -0.108376950152639
decision_type=2 2 2 2 2 8 2 10 2 2 2 2 2 2 2 2 2 2 2 2 2 2 2 2 2 2 2 2 2 2
left_child=1 24 12 -2 5 9 -7 8 -4 22 11 14 -3 -13 -11 16 19 -18 -19 -10 -21 -8 -5 -14 25 -1 28 -28 -26 -30
right_child=3 2 7 4 -6 6 21 -9 15 10 -12 13 23 -15 -16 -17 17 18 -20 20 -22 -23 -24 -25 26 -27 27 -29 29 -31
leaf_value=5.5754628681742755e-05 2.676290479761787e-05 -0.0028274437339237428 -0.0017814893535146152 0.00010813078933363479 7.7549436224583012e-05 -0.0035197932672207297 0.00066566651629076999 -0.00012430955853597335 -0.0045863010463286884 0.00023493882026873417 -0.0004875313229639198 -0.00064786527422846249 0.00059932807219770148 0.00089472019941397567 0.0023234558175958668 0.0037921265068350161 0.0026515342671384152 -0.01446428346130544 0.0036063399389001274 0.0072090719875853287 -0.0010971679763545057 -0.0070817053995123561 -0.00052163298754332257 0.0020731800446445177 0.001799932179256363 -0.005377558055059059 -3.9013933570803082e-05 0.0079092324139696073 0.0010706985142458878 -0.00072491726701885098
leaf_weight=2154 2722 341 143 4847 1421 6120 1386 80 35 751 3751 843 940 463 290 1048 1066 33 64 201 154 84 303 49 922 370 234 357 1147 968
leaf_count=2154 2722 341 143 4847 1421 6120 1386 80 35 751 3751 843 940 463 290 1048 1066 33 64 201 154 84 303 49 922 370 234 357 1147 968
internal_value=-0.000401057 0.00513487 0.0106452 -0.00288369 -0.00359396 -0.00408961 -0.00669565 0.0153612 0.0161589 -0.00233108 -0.0042309 -0.000524073 0.000631579 -0.00468606 0.00469741 0.0173126 0.0144301 0.0174119 -0.00154639 0.00553846 0.0083662 0.000244898 -8.15534e-05 0.00403438 0.00141417 -0.0010935 0.00315877 0.0115228 0.00153112 -0.000751773
internal_weight=33287 10306 4154 22981 20259 18838 7590 2824 2744 11248 6098 2347 1330 1306 1041 2601 1553 1163 97 390 355 1470 5150 989 6152 2524 3628 591 3037 2115
internal_count=33287 10306 4154 22981 20259 18838 7590 2824 2744 11248 6098 2347 1330 1306 1041 2601 1553 1163 97 390 355 1470 5150 989 6152 2524 3628 591 3037 2115
is_linear=0
shrinkage=0.03


Tree=17
num_leaves=31
num_cat=0
split_feature=12 1 8 5 10 1 5 12 8 10 13 8 8 11 11 4 6 1 4 11 1 12 4 12 9 12 15 8 10 5
split_gain=169.176 250.739 154.412 61.7574 49.8746 51.65 47.9092 45.9003 45.4229 44.6631 49.5237 67.1368 44.4655 49.5252 66.2615 39.1371 38.9305 38.7481 38.5206 36.8961 30.1681 28.0576 63.0022 55.0054 33.1856 32.3071 32.9378 31.3744 27.5859 27.249
threshold=-0.031174269516803289 3.8150000000000004 37.912811388115315 948.85000000000002 1.0000000180025095e-35 8.1050000000000022 960.05000000000007 -0.94137724084408114 1618.0726691348398 -0.70710678118654757 2.5000000000000004 5.8430833775303945 308.88065950504836 0.52033990680116082 0.7090011537757156 19.350000000000005 1.2053168152787914 2.0150000000000001 14.550000000000002 0.90162119223771331 3.4550000000000005 0.90438663683299525 0.65000000000000002 0.97832380634958016 0.60355339059327384 0.9980355542543059 0.70018849206349232 900.49825190623039 0.37940952255126048 952.55000000000007
decision_type=2 2 2 2 2 2 2 2 2 2 2 2 2 2 2 2 2 2 2 2 2 2 2 2 2 2 10 2 2 2
left_child=2 9 7 12 5 19 21 28 16 18 11 -11 -4 20 -15 -6 -8 -12 -2 -5 -14 22 27 -23 -24 26 -25 -3 -1 -27
right_child=1 6 3 4 15 -7 8 -9 -10 10 17 -13 13 14 -16 -17 -18 -19 -20 -21 -22 23 24 25 -26 29 -28 -29 -30 -31
leaf_value=0.001616776946535064 0.00082570880980646654 -0.0047318077644148415 -0.0010035094623694052 -0.0013729265581256878 -0.00043514148203437764 0.00012118638633121679 0.0047611521316808965 3.3517342834282337e-05 9.5407894529463133e-06 1.9626668710567512e-05 -4.5956491960456102e-05 -0.00060341502169231726 -0.0086369054737429219 0.0017213113651361371 -0.0023544845981808352 0.0012990475971299002 0.0018394590168888645 0.00066348368486663311 -0.00029496723168213456 -0.0027345072171079373 -0.0043569914111716091 0.0021445304252492737 0.00011641237002178907 -0.0059317619470751516 0.0014948536307472107 0.0026115540806726598 0.001251782330462764 0.00032855570680987816 0.00019637611139793968 -0.0012167253390858639
leaf_weight=635 2346 293 3586 1918 1954 446 450 3441 380 408 2665 2092 404 121 393 883 1327 3032 305 543 1839 495 1304 186 1050 74 33 52 555 77
leaf_count=635 2346 293 3586 1918 1954 446 450 3441 380 408 2665 2092 404 121 393 883 1327 3032 305 543 1839 495 1304 186 1050 74 33 52 555 77
internal_value=-0.000397452 0.00175086 -0.00252662 -0.00431124 -0.0020578 -0.0048194 0.00683272 0.00213129 0.0103616 -0.000929204 -0.00202391 -0.005544 -0.00635188 -0.00921654 -0.000817121 0.000771942 0.0123748 -0.0004792 0.00245568 -0.00652174 -0.0111413 0.00469697 0.00319007 0.00939884 0.00494477 0.000648649 -0.00671233 -0.00878261 0.00721008 0.0113245
internal_weight=33287 16569 16718 12087 5744 2907 5721 4631 2157 10848 8197 2500 6343 2757 514 2837 1777 5697 2651 2461 2243 3564 2699 865 2354 370 219 345 1190 151
internal_count=33287 16569 16718 12087 5744 2907 5721 4631 2157 10848 8197 2500 6343 2757 514 2837 1777 5697 2651 2461 2243 3564 2699 865 2354 370 219 345 1190 151
is_linear=0
shrinkage=0.03


Tree=18
num_leaves=31
num_cat=0
split_feature=3 1 5 8 13 5 2 3 8 3 4 12 10 10 8 12 2 5 8 12 12 12 12 12 8 12 4 5 4 9
split_gain=473.967 219.403 200.604 86.0973 87.024 83.9714 81.6635 70.9297 58.0531 68.696 61.2649 40.2788 42.1317 38.083 50.6244 38.9595 37.6112 33.3981 46.3351 39.9411 30.3181 30.2356 28.8423 39.4422 31.1366 28.6851 51.9667 27.7564 26.7666 52.036
threshold=89.500000000000014 4.1050000000000013 950.6500000000002 26.72495831651073 8.5000000000000018 952.55000000000007 11.445000000000002 48.500000000000007 2286.6414911481456 126.50000000000001 -2.3499999999999992 0.9980355542543059 0.25881904510252057 0.60355339059327384 224.18888144545355 -0.86974577485258975 1.175 959.35000000000002 343.85440224439816 0.99138911339924218 0.99681593486783593 -0.97111920233974802 0.99988440732898443 0.99681593486783593 994.53374591892759 -0.42958798411962301 16.950000000000003 953.45000000000016 10.250000000000002 0.60355339059327384
decision_type=2 2 2 2 2 2 10 2 2 2 2 2 2 2 2 2 10 2 2 2 2 2 2 2 2 2 2 2 2 2
left_child=1 28 11 5 8 -2 7 -4 9 10 -5 12 -3 14 21 -15 -7 18 25 -20 -21 -11 23 24 -6 -9 -27 -17 29 -1
right_child=3 2 6 4 22 16 -8 17 -10 13 -12 -13 -14 15 -16 27 -18 -19 19 20 -22 -23 -24 -25 -26 26 -28 -29 -30 -31
leaf_value=0.0021103848750742798 0.0003471758882541095 -0.0020969819679980289 -0.0017728902818315933 -0.0012676404430354811 -0.00062692494185242402 1.0185536015526754e-05 -0.00010684754908876492 0.0090501030913435875 5.8715008040183444e-05 0.00087249107242875937 0.00081180251032824259 0.0018985833178900829 0.001754758781967742 -0.0026967591986997281 -0.003477536307866277 -0.0010197120695529492 -0.00010761697095471799 0.0039665977161623079 0.0025942424110973025 -0.010485673591605248 0.0035341268766501672 -0.00073919064907095088 -0.0039604294520038021 0.0053351037318033773 0.00012765587057446187 0.0068933500250022142 -0.0034461428772480291 -0.0019387239550224433 -6.7716592662598197e-05 -0.00011755712277424922
leaf_weight=2330 3082 769 143 474 3932 791 109 78 764 486 1225 48 488 608 3963 802 2223 1024 1080 45 53 2582 82 107 1009 173 144 851 2760 1062
leaf_count=2330 3082 769 143 474 3932 791 109 78 764 486 1225 48 488 608 3963 802 2223 1024 1080 45 53 2582 82 107 1009 173 144 851 2760 1062
internal_value=-0.00040286 0.00494275 0.0102696 -0.00280014 -0.00390346 0.000255906 0.0147315 0.0157445 -0.00532624 -0.00588209 -0.000335491 0.000528736 -0.000501193 -0.00689625 -0.00580714 -0.0102831 -0.00330458 0.0168772 0.0141322 0.0171138 -0.00122449 -0.00291395 -0.000643275 -0.000356577 -0.000746812 0.00524051 0.00123028 -0.00789474 0.0013459 0.0031309
internal_weight=33287 10306 4154 22981 16885 6096 2849 2740 11755 10991 1699 1305 1257 9292 7031 2261 3014 2597 1573 1178 98 3068 5130 5048 4941 395 317 1653 6152 3392
internal_count=33287 10306 4154 22981 16885 6096 2849 2740 11755 10991 1699 1305 1257 9292 7031 2261 3014 2597 1573 1178 98 3068 5130 5048 4941 395 317 1653 6152 3392
is_linear=0
shrinkage=0.03


Tree=19
num_leaves=31
num_cat=0
split_feature=3 1 5 2 8 13 5 3 8 2 11 11 11 6 11 3 6 3 6 11 2 5 8 11 11 3 5 11 1 5
split_gain=453.745 222.303 192.156 85.7069 83.3826 85.812 78.6068 66.3359 61.4352 60.6935 50.9297 44.1117 36.8274 40.5238 36.4216 78.7456 42.8317 35.5068 71.0811 33.0365 32.3381 31.9483 49.0539 33.2068 36.3226 31.0322 31.9624 46.167 30.4048 28.0396
threshold=92.500000000000014 4.1050000000000013 950.6500000000002 11.315000000000003 26.72495831651073 8.5000000000000018 952.55000000000007 48.500000000000007 2032.9662482540341 6.2750000000000012 -0.52032787705993211 0.52033990680116082 0.3504237462291826 1.0788274060257634 0.84773968378660736 66.500000000000014 1.1538736432548362 120.50000000000001 1.2290660013640982 0.82414472752956958 1.175 959.25000000000011 343.85440224439816 -0.98803845231459242 0.90162119223771331 238.50000000000003 953.75000000000011 -0.01397611846945947 5.0750000000000011 967.6500000000002
decision_type=2 2 2 10 2 2 2 2 2 8 2 2 2 2 2 2 2 2 2 2 10 2 2 2 2 2 2 2 2 2
left_child=1 14 10 7 6 8 -2 -4 9 17 -3 -10 13 -11 29 -16 -17 18 -6 -12 -8 22 23 -9 -25 -19 27 -27 -24 -1
right_child=4 2 3 -5 5 -7 20 21 11 12 19 -13 -14 -15 15 16 -18 25 -20 -21 -22 -23 28 24 -26 26 -28 -29 -30 -31
leaf_value=-7.1021492861366836e-06 0.00033150979430339689 -0.0028662714794937399 -0.0017197035733766454 -0.00010364212261610189 0.001377205812984574 -0.00011335842395105859 9.2488064301953759e-06 -0.0043041399318776152 -0.0042866474643487515 -0.0011893762391664811 0.0018981943470903183 9.5158533935276918e-05 -0.002903806035028933 -0.0067229307074555709 -0.00020651194590389358 -0.00012497242742699733 0.0059825676716601436 -0.0012553321158734988 -0.0011621677241570696 -0.003162846265021434 -0.00010415351469281284 0.0039045799662668569 0.0019021682182104973 0.0067545253058162126 -0.00096720006972869871 -0.00095591014889571588 -0.001111063146896222 0.00095025996907355064 0.0025870717456839636 0.0049877591977615099
leaf_weight=5499 3050 328 143 129 717 4941 772 35 201 461 751 702 2597 1453 383 154 530 2597 365 250 2194 1040 394 206 156 785 769 795 767 123
leaf_count=5499 3050 328 143 129 717 4941 772 35 201 461 751 702 2597 1453 383 154 530 2597 365 250 2194 1040 394 206 156 785 769 795 767 123
internal_value=-0.00043891 0.00458486 0.00999524 0.0143624 -0.00288093 -0.00399011 0.000139628 0.015487 -0.00541689 -0.00606035 0.000564334 0.00209302 -0.00869209 -0.0118495 0.00118852 0.00626992 0.0123684 -0.00409091 0.000831793 0.00392607 -0.00333783 0.016582 0.0138639 0.00476071 0.00745856 -0.00516781 -0.00266922 -0.000227848 0.0169767 0.00022412
internal_weight=33287 10888 4199 2870 22399 16383 6016 2741 11442 10539 1329 903 4511 1914 6689 1067 684 6028 1082 1001 2966 2598 1558 397 362 4946 2349 1580 1161 5622
internal_count=33287 10888 4199 2870 22399 16383 6016 2741 11442 10539 1329 903 4511 1914 6689 1067 684 6028 1082 1001 2966 2598 1558 397 362 4946 2349 1580 1161 5622
is_linear=0
shrinkage=0.03


Tree=20
num_leaves=31
num_cat=0
split_feature=3 1 6 8 8 10 2 2 12 4 10 11 1 3 1 12 6 12 11 1 14 12 3 3 6 11 11 3 6 4
split_gain=431.774 217.48 181.609 79.2876 75.8586 70.4617 65.0815 63.2634 56.067 55.6555 50.7769 48.7764 44.9799 36.1309 34.7065 47.9196 34.1317 32.8397 32.3642 29.7317 28.368 28.1277 28.0648 27.8426 25.3917 25.2168 24.6808 50.6226 35.0552 23.923
threshold=92.500000000000014 4.1050000000000013 1.1620331647509803 28.06499719806224 1688.5366889951245 0.25881904510252057 11.315000000000003 6.2750000000000012 0.11478523713130605 19.350000000000005 1.0000000180025095e-35 -0.97113884758256674 6.5250000000000012 138.50000000000003 2.0150000000000001 -0.34234976856068178 1.1303418289009932 -0.85225707553516283 -0.86976336936302323 5.0750000000000011 0.89916666666666678 0.6174544326165855 226.50000000000003 62.500000000000007 1.1905385862708591 0.99907018497641664 0.84773968378660736 66.500000000000014 1.1538736432548362 0.45000000000000007
decision_type=2 2 2 2 2 2 10 8 2 2 2 2 2 2 2 2 2 2 2 2 10 2 2 2 2 2 2 2 2 2
left_child=1 18 5 9 7 12 19 10 -9 -2 -5 -10 -3 14 15 -12 -14 -6 -1 -4 26 24 -15 -7 -16 -19 -20 -28 -29 -13
right_child=3 2 6 4 17 23 -8 8 11 -11 13 29 16 22 21 -17 -18 25 20 -21 -22 -23 -24 -25 -26 -27 27 28 -30 -31
leaf_value=-0.00034506655183617538 -1.8931075159627605e-05 -0.0017117136055806216 0.0034042356248471391 -9.7574621442745609e-05 -0.0046630793044555906 0.0005000503242085112 -8.0034550330949553e-05 -0.0039098841589279192 0.0031000538160366551 0.00037120590321401518 0.0010553515143189207 -0.0031299451353029475 0.00026768409009483651 -0.001395250756081625 0.00081182825624999649 -0.0013362317748335515 0.0018992413361958449 6.6971155288645203e-05 1.7170403124942783e-05 0.001760333108437545 0.0018859563892242904 -0.00074817344752564695 -0.00082315680337077129 0.0053119467269893694 0.0080652380339478469 0.00036978975028270536 -0.00018781948261703215 -0.00028727466923815829 0.0061800012677065853 -0.00039275433069227775
leaf_weight=1057 3790 860 943 4198 167 252 101 4177 132 2324 284 787 325 1427 210 597 149 1487 3909 1049 866 264 1527 520 94 65 311 127 419 869
leaf_count=1057 3790 860 943 4198 167 252 101 4177 132 2324 284 787 325 1427 210 597 149 1487 3909 1049 866 264 1527 520 94 65 311 127 419 869
internal_value=-0.000442515 0.00445812 0.00980948 -0.00282468 -0.00391833 0.00358974 0.0160678 -0.00462172 -0.00699581 8.83219e-05 -0.00297524 -0.00255034 -0.000584708 -0.00522598 -0.00134576 -0.00507378 0.00683544 0.00204188 0.00109882 0.017259 0.00200284 0.00443662 -0.00712932 0.0108031 0.0106579 0.00340206 0.00109526 0.00570595 0.0112088 -0.00394928
internal_weight=33287 10888 4199 22399 16285 2106 2093 14566 5965 6114 8601 1788 1334 4403 1449 881 474 1719 6689 1992 5632 568 2954 772 304 1552 4766 857 546 1656
internal_count=33287 10888 4199 22399 16285 2106 2093 14566 5965 6114 8601 1788 1334 4403 1449 881 474 1719 6689 1992 5632 568 2954 772 304 1552 4766 857 546 1656
is_linear=0
shrinkage=0.03


Tree=21
num_leaves=31
num_cat=0
split_feature=3 1 5 2 2 3 2 2 13 11 5 12 5 11 2 1 4 13 12 14 11 12 14 13 3 6 11 11 3 11
split_gain=411.569 217.777 183.255 92.8542 74.9421 61.2925 56.4584 95.1079 70.3502 45.4655 42.0537 38.3884 37.7957 46.0856 40.7793 36.6169 43.6739 32.4842 31.8457 30.2378 29.1164 28.209 25.9543 30.6631 24.7314 24.484 24.3212 24.223 24.2185 31.9468
threshold=92.500000000000014 4.1050000000000013 949.6500000000002 11.215000000000002 1.2050000000000003 48.500000000000007 11.315000000000003 6.2750000000000012 9.5000000000000018 -0.52032787705993211 968.55000000000007 -0.85225707553516283 953.55000000000007 -0.75015329512557205 3.2750000000000004 5.5450000000000008 14.950000000000001 10.500000000000002 -0.58481178939031186 0.65250000000000019 -0.86976336936302323 0.9980355542543059 0.4958333333333334 2.5000000000000004 223.50000000000003 1.2282961748374737 0.99907018497641664 0.99865421017599998 113.50000000000001 -0.92274349529687905
decision_type=2 2 2 10 8 2 10 8 2 2 2 2 2 2 10 2 2 2 2 10 2 2 10 2 2 2 2 2 2 2
left_child=1 20 9 5 -2 -4 7 12 -9 -3 -10 -8 14 17 -6 16 -7 24 -18 -19 -1 -11 27 -24 -14 -25 -13 -22 29 -16
right_child=4 2 3 -5 6 15 11 8 10 21 -12 26 13 -15 28 -17 18 19 -20 -21 22 -23 23 25 -26 -27 -28 -29 -30 -31
leaf_value=-0.00033471455528109016 4.9231924695064731e-05 -0.0036577092559384296 -0.0016727366139004743 -0.00010038320698548576 0.00018108015759810362 0.0032817140864229303 -0.0045993766913398834 -0.0037372017874552641 0.0010113372106047101 0.00040994853046264358 -0.0085642446654646855 6.9149303490547578e-05 -0.00015873437156141459 -0.00030359155081662308 -0.0019368901114700534 0.0024855641654842769 0.0078249190493779978 0.0040228075110210768 -0.0011608651377953128 -0.00021963671166381267 3.3023860296471274e-05 0.0015288153366345273 -0.00024912391165130232 0.0011682165041130095 0.00081436412004205468 0.0063737011788193793 0.00035567298165320872 0.0066080915300099482 -0.00079618044807367133 0.0011530689940829069
leaf_weight=1057 1559 267 146 173 3164 1142 186 4830 1027 847 86 1491 610 4418 54 1292 73 184 218 98 3851 41 338 1144 451 232 64 67 3677 500
leaf_count=1057 1559 267 146 173 3164 1142 186 4830 1027 847 86 1491 610 4418 54 1292 73 184 218 98 3851 41 338 1144 451 232 64 67 3677 500
internal_value=-0.000458738 0.00432586 0.00968088 0.0135414 -0.0027845 0.0148276 -0.00325912 -0.00373056 -0.00688036 -0.000493506 -8.08625e-05 0.00191269 -0.00230769 -0.00412949 -0.000888438 0.0158422 0.0125401 0.000737156 0.00216495 0.00978723 0.00096427 0.00277027 0.00182173 0.00490082 -0.00166824 0.00688953 0.00345338 0.000474732 -0.00281494 0.00303249
internal_weight=33287 10888 4199 3044 22399 2871 20840 19099 5943 1155 1113 1741 13156 5761 7395 2725 1433 1343 291 282 6689 888 5632 1714 1061 1376 1555 3918 4231 554
internal_count=33287 10888 4199 3044 22399 2871 20840 19099 5943 1155 1113 1741 13156 5761 7395 2725 1433 1343 291 282 6689 888 5632 1714 1061 1376 1555 3918 4231 554
is_linear=0
shrinkage=0.03


Tree=22
num_leaves=31
num_cat=0
split_feature=3 5 2 2 8 13 3 6 8 3 2 5 3 11 9 11 9 10 11 3 8 11 11 6 5 10 5 6 11 8
split_gain=400.629 127.807 202.547 75.4694 73.2586 55.2234 63.4239 78.0664 58.9745 43.9837 43.8148 48.3991 59.7359 49.417 43.3449 42.1164 53.1058 50.923 39.7668 39.1032 37.9589 46.1864 31.9967 40.214 29.3882 32.0341 31.6781 67.8857 28.6645 27.9389
threshold=89.500000000000014 949.55000000000007 6.4750000000000005 11.215000000000002 5.3967193043054982 8.5000000000000018 162.50000000000003 1.2313937635018106 2032.9662482540341 47.500000000000007 6.3150000000000004 953.45000000000016 243.50000000000003 -0.01397611846945947 -1.0000000180025095e-35 0.73283908552571664 -0.70710678118654735 0.60355339059327384 0.52033990680116082 48.500000000000007 119.6718739777607 -0.53493989022977317 0.3504237462291826 1.075399815127793 953.45000000000016 -0.70710678118654757 960.55000000000007 1.2176706749782309 0.25206111083856975 994.53374591892759
decision_type=2 2 10 10 2 2 2 2 2 2 8 2 2 2 2 2 2 2 2 2 2 2 2 2 2 2 2 2 2 2
left_child=1 20 9 15 -2 6 7 -6 10 -3 11 12 -8 -14 -13 16 -4 19 -10 -18 -1 -22 23 -12 25 -24 -26 -28 -15 -7
right_child=4 2 3 -5 5 29 8 -9 18 -11 22 14 13 28 -16 -17 17 -19 -20 -21 21 -23 24 -25 26 -27 27 -29 -30 -31
leaf_value=0.00035819577999677177 2.7224845923592451e-05 -0.0001703840275998646 0.00039064471232947871 -9.7371710775921152e-05 0.00056967995706159731 -0.00027609361767981364 -0.00057320661557016238 -0.00052483526951599792 -0.0040833026747538834 0.00071388297035356767 -0.00069357181594843038 -0.00037426735362071963 -0.00046755206648223767 0.0033429182896578557 -0.00066017922382517833 0.0052328036144060038 -0.00048481120178323268 0.0012591233374554805 8.6887540918978429e-05 0.0026638809416683253 -0.0046184288879708487 -0.00050629068364373283 -0.0042018101494272278 -0.0061892008734459863 -0.0053458011972706138 0.00055647463046571549 0.0041021879678421642 -0.0019740047273166419 0.00062260815621743078 0.00012314333341238395
leaf_weight=1077 2722 667 476 171 2037 5193 2280 629 201 3309 364 872 956 234 1148 790 111 694 701 1396 408 1207 450 1485 968 766 66 165 719 1025
leaf_count=1077 2722 667 476 171 2037 5193 2280 629 201 3309 364 872 956 234 1148 790 111 694 701 1396 408 1207 450 1485 968 766 66 165 719 1025
internal_value=-0.000455133 0.00445954 0.00644602 0.0115613 -0.00265915 -0.00328002 -0.00432234 -0.000157539 -0.00529846 0.00176559 -0.0059324 -0.00432437 -0.00248508 0.00143007 -0.00813861 0.0125209 0.0107247 0.0126897 0.00206208 0.0157863 -0.00115899 -0.00406811 -0.00827392 -0.0112439 -0.006 -0.00271382 -0.00933278 0.000649351 0.00626443 -0.000926343
internal_weight=33287 10306 7614 3638 22981 20259 14041 2666 11375 3976 10473 6209 4189 1909 2020 3467 2677 2201 902 1507 2692 1615 4264 1849 2415 1216 1199 231 953 6218
internal_count=33287 10306 7614 3638 22981 20259 14041 2666 11375 3976 10473 6209 4189 1909 2020 3467 2677 2201 902 1507 2692 1615 4264 1849 2415 1216 1199 231 953 6218
is_linear=0
shrinkage=0.03


Tree=23
num_leaves=31
num_cat=0
split_feature=3 1 5 2 2 4 5 3 1 10 12 13 5 1 6 10 1 15 4 12 9 4 3 1 13 12 12 2 10 6
split_gain=383.072 212.478 171.03 85.6656 65.4856 78.077 59.1912 59.0471 50.152 47.5866 43.2231 38.4288 44.0475 35.3829 43.2189 32.166 29.0849 28.8616 29.566 31.619 27.1452 38.657 29.1339 27.0261 26.1813 25.6757 25.234 25.3942 24.3082 23.8195
threshold=92.500000000000014 4.1050000000000013 949.55000000000007 11.095000000000001 4.2550000000000008 16.950000000000003 953.75000000000011 48.500000000000007 7.0850000000000009 0.25881904510252057 0.36447543099728863 9.5000000000000018 952.1500000000002 5.5450000000000008 1.1613190850480943 0.1294095225512602 1.1250000000000002 0.46642361111111119 7.0500000000000007 0.97263757644091875 0.12940952255126045 -7.9499999999999993 194.50000000000003 9.4050000000000029 1.5000000000000002 -0.46800559042974538 0.14888728888808328 5.7350000000000012 0.37940952255126048 1.2290660013640982
decision_type=2 2 2 10 8 2 2 2 2 2 2 2 2 2 2 2 2 10 2 2 2 2 2 2 2 2 2 10 2 2
left_child=1 -1 9 7 6 8 15 -4 11 10 -3 12 -6 14 28 -2 -17 18 19 -13 21 -14 29 26 -10 -8 27 -7 -9 -23
right_child=4 2 3 -5 5 23 25 13 24 -11 -12 17 20 -15 -16 16 -18 -19 -20 -21 -22 22 -24 -25 -26 -27 -28 -29 -30 -31
leaf_value=0.00011759447442040778 0.00053078223461488247 -0.0031343089964089932 -0.0016080101794299629 -9.2199174894848213e-05 0.0007350301724374156 -0.0012213933521824246 -0.00050723114149188876 -0.00050733259208550876 -0.0069565977330810075 0.0016041396032436864 0.0021340427827886942 -0.0013361993777246306 0.002316913920867501 0.0024673967461880217 0.0030668988195572517 0.00041483059467326743 -9.575168409738788e-05 -0.0019349663005016797 0.0023699338515061406 0.0028202943748265492 -0.0033667888055773387 0.0022487165360706813 -0.0029179508011015704 8.7524698842927508e-05 8.7145630117231864e-05 -3.9136175618220086e-05 0.0022649805648610843 -0.0032801623205226311 0.0063320609191592344 -0.0032412380232297645
leaf_weight=6689 2391 591 146 199 631 1683 210 250 49 467 78 632 106 1278 1093 683 2530 792 449 130 656 209 1329 263 1152 4208 63 4100 97 133
leaf_count=6689 2391 591 146 199 631 1683 210 250 49 467 78 632 106 1278 1093 683 2530 792 449 130 656 209 1329 263 1152 4208 63 4100 97 133
internal_value=-0.00043891 0.00417708 0.00946654 0.0131538 -0.00268271 -0.00414236 -0.000880064 0.0144763 -0.00179004 -0.000475352 -0.00560538 -0.00309651 -0.00520888 0.0154746 0.01225 0.00116702 -0.000793651 0.000134798 0.00304707 -0.000551181 -0.00704069 -0.00511536 -0.0062298 -0.0065559 0.0037219 -0.00347669 -0.00697913 -0.00718485 0.00302594 0.00157895
internal_weight=33287 10888 4199 3063 22399 12377 10022 2864 6268 1136 669 5067 3064 2718 1440 5604 3213 2003 1211 762 2433 1777 1671 6109 1201 4418 5846 5783 347 342
internal_count=33287 10888 4199 3063 22399 12377 10022 2864 6268 1136 669 5067 3064 2718 1440 5604 3213 2003 1211 762 2433 1777 1671 6109 1201 4418 5846 5783 347 342
is_linear=0
shrinkage=0.03


Tree=24
num_leaves=31
num_cat=0
split_feature=3 1 5 2 8 3 8 8 12 10 12 10 3 12 1 11 12 1 5 5 12 5 12 11 5 5 14 11 8 10
split_gain=375.215 212.133 164.174 79.7338 65.0833 58.4773 52.5153 67.8884 59.7504 52.5836 48.7224 45.5567 41.3843 46.8016 43.225 39.8224 39.0527 36.9044 38.5295 33.7378 31.4049 29.668 36.8448 28.0211 27.0583 26.4151 26.2888 25.5005 25.0588 23.9248
threshold=92.500000000000014 4.1050000000000013 949.55000000000007 10.975000000000003 5.3967193043054982 48.500000000000007 1688.5366889951245 216.38177721464419 0.14888728888808328 -0.5 0.38043945030393422 0.25881904510252057 162.50000000000003 -0.34234976856068178 2.0050000000000003 0.83849049182116964 0.36447543099728863 5.5450000000000008 959.35000000000002 954.55000000000007 -0.85225707553516283 952.75000000000011 0.98005052076767474 -0.86976336936302323 950.05000000000007 950.1500000000002 0.4958333333333334 0.97696484778429815 146.55687784439922 0.60355339059327384
decision_type=2 2 2 10 2 2 2 2 2 2 2 2 2 2 2 2 2 2 2 2 2 2 2 2 2 2 10 2 2 2
left_child=1 23 11 5 -2 -4 7 9 -9 27 19 16 13 24 28 21 -3 18 -7 25 -8 22 -12 -1 -11 -10 -25 -6 -15 -14
right_child=4 2 3 -5 6 17 20 8 10 12 15 -13 29 14 -16 -17 -18 -19 -20 -21 -22 -23 -24 26 -26 -27 -28 -29 -30 -31
leaf_value=-0.00032964789205181915 2.2721584411111021e-05 -0.0030402797265167234 -0.001559769874047064 -8.4060397757203075e-05 0.00034304816181037243 0.0016764909983933692 -0.0041011247287626677 -0.0032446317674994251 0.0023692785569745501 0.00041994367275809027 0.0042151693966861609 0.0015560154151463758 -0.00029874281997364558 -0.0003485778205077449 0.0014091870370827244 -0.0061934961954289098 0.0020700214993050335 0.0025286681034083903 0.0049684625840916673 0.003409960842309595 7.1820949692011284e-05 -0.0019065221451935366 -0.0027000359254026546 5.2757298222155355e-05 0.0027021328830349935 -0.0074834035961492181 0.0011501045034622646 -0.00052352050127254493 -0.0055763367770264253 -0.00054183312893038289
leaf_weight=1057 2683 591 146 220 3002 884 167 4860 63 737 157 467 2961 1153 506 171 78 1259 554 340 1552 1347 59 3918 172 96 1714 196 49 2128
leaf_count=1057 2683 591 146 220 3002 884 167 4860 63 737 157 467 2961 1153 506 171 78 1259 554 340 1552 1347 59 3918 172 96 1714 196 49 2128
internal_value=-0.000429898 0.0041385 0.00942367 0.0130362 -0.00265056 0.0143827 -0.00324711 -0.00372562 -0.00601015 -0.00223955 -0.00194805 -0.000316901 -0.00358162 -0.000515858 -0.00344262 -0.00432526 -0.00533632 0.0153838 0.0121001 0.00631263 0.00176265 -0.0028215 0.0075 0.00082075 0.0049835 -0.00509434 0.00166193 0.000994371 -0.0065391 -0.00515818
internal_weight=33287 10888 4199 3063 22399 2843 19716 17997 7093 10904 2233 1136 7706 2617 1708 1734 669 2697 1438 499 1719 1563 216 6689 909 159 5632 3198 1202 5089
internal_count=33287 10888 4199 3063 22399 2843 19716 17997 7093 10904 2233 1136 7706 2617 1708 1734 669 2697 1438 499 1719 1563 216 6689 909 159 5632 3198 1202 5089
is_linear=0
shrinkage=0.03


Tree=25
num_leaves=31
num_cat=0
split_feature=3 1 6 2 10 13 2 3 6 1 5 12 1 5 5 2 9 13 10 1 3 12 12 4 4 10 2 10 1 5
split_gain=357.089 202.558 161.158 61.0361 58.0571 56.0769 54.3337 48.2894 70.06 47.2226 46.3976 46.6695 44.2876 43.6412 38.816 57.636 42.5671 40.0397 55.6366 36.7504 34.4174 32.6884 32.299 37.1226 31.0279 25.891 29.8649 25.293 24.1825 23.567
threshold=92.500000000000014 4.1050000000000013 1.1538736432548362 1.6850000000000003 0.25881904510252057 8.5000000000000018 11.095000000000001 153.50000000000003 1.2282961748374737 8.8550000000000022 949.35000000000002 -0.54940789553007929 6.3150000000000004 952.6500000000002 953.45000000000016 4.2550000000000008 -1.0000000180025095e-35 6.5000000000000009 0.60355339059327384 5.5450000000000008 242.50000000000003 -0.85225707553516283 -0.99628250747696534 20.750000000000004 -7.9499999999999993 0.25881904510252057 9.4150000000000009 -0.12940952255126037 6.5750000000000011 959.35000000000002
decision_type=2 2 2 8 2 2 10 2 2 2 2 2 2 2 2 8 2 2 2 2 2 2 2 2 2 2 10 2 2 2
left_child=1 -1 4 -2 10 7 19 8 -5 14 -3 -12 -13 -14 15 20 24 22 -19 29 27 -11 -17 -24 -16 -7 -27 -9 -8 -4
right_child=3 2 6 5 -6 25 28 9 -10 21 11 12 13 -15 16 17 -18 18 -20 -21 -22 -23 23 -25 -26 26 -28 -29 -30 -31
leaf_value=0.00011064027872745844 2.0804249018151544e-05 -0.0028751625010435791 0.0016193557446430597 0.00065963741702406353 0.0031363548754054027 8.861152841410587e-05 0.00019232829475187188 0.00044193754671844997 -0.00051323730287028098 -0.0050654622727384488 0.0033377312630247691 -0.0018304779215236799 -0.00029014667896635636 0.0021801479760515533 0.0019370007002507625 0.0030932416241022985 -0.00092402279237723862 -0.0019948505482411923 -0.0046832241027079027 0.0019554699541750064 0.00061035593808674276 7.6250214049155716e-05 -5.8526245756749805e-05 -0.0024706600064031028 -0.0009191471322532274 -0.00047149584443605797 0.00014107259631139252 -0.0004088174880232902 -9.9804109591353525e-05 0.0046769633479434719
leaf_weight=6689 2726 580 733 1654 712 3573 51 399 558 90 106 306 116 122 111 132 1701 1887 482 806 1028 657 1129 1304 1574 2061 358 975 94 573
leaf_count=6689 2726 580 733 1654 712 3573 51 399 558 90 106 306 116 122 111 132 1701 1887 482 806 1028 657 1129 1304 1574 2061 358 975 94 573
internal_value=-0.000411873 0.00404482 0.00920934 -0.00257824 0.00287333 -0.00316119 0.0146611 -0.00422118 -0.000162749 -0.00500392 -0.00107317 0.00443077 0.000882353 0.0105882 -0.00551203 -0.00428571 -0.00816893 -0.00614106 -0.00895314 0.0158807 -0.000474604 0.00228916 -0.00354386 -0.00432799 -0.00478932 -0.000740988 -0.00313766 -0.00358079 -0.00310345 0.0127718
internal_weight=33287 10888 4199 22399 1942 19673 2257 13681 2212 11469 1230 650 544 238 10722 7336 3386 4934 2369 2112 2402 747 2565 2433 1685 5992 2419 1374 145 1306
internal_count=33287 10888 4199 22399 1942 19673 2257 13681 2212 11469 1230 650 544 238 10722 7336 3386 4934 2369 2112 2402 747 2565 2433 1685 5992 2419 1374 145 1306
is_linear=0
shrinkage=0.03


Tree=26
num_leaves=31
num_cat=0
split_feature=3 1 5 2 8 13 5 3 1 10 1 4 2 6 10 3 12 12 12 12 1 3 12 3 3 6 10 5 6 4
split_gain=341.04 192.704 154.256 87.1918 64.3303 74.8893 62.6151 52.8187 46.2889 41.1638 38.4876 38.139 37.7742 35.9962 33.6964 41.2441 40.9183 29.852 28.0356 27.3282 26.1236 23.8207 23.4477 24.6902 39.7906 26.5779 23.4199 29.9158 23.3 33.9086
threshold=92.500000000000014 4.1050000000000013 949.55000000000007 10.975000000000003 26.72495831651073 8.5000000000000018 952.55000000000007 48.500000000000007 8.8550000000000022 0.25881904510252057 5.5450000000000008 14.950000000000001 6.3150000000000004 1.2022338387003242 0.60355339059327384 126.50000000000001 0.7710868207630478 -0.42958798411962301 -0.85225707553516283 -0.99052477729077237 2.0150000000000001 238.50000000000003 -0.42958798411962301 172.50000000000003 106.50000000000001 1.2305189565589532 -0.70710678118654757 941.1500000000002 1.1181672928705622 26.350000000000005
decision_type=2 2 2 10 2 2 2 2 2 2 2 2 8 2 2 2 2 2 2 2 2 2 2 2 2 2 2 2 2 2
left_child=1 -1 9 7 6 8 26 -4 12 13 11 -9 14 -3 19 16 -16 -13 -10 -6 -7 -17 -22 24 25 -24 -2 -28 29 -14
right_child=4 2 3 -5 5 20 -8 10 18 -11 -12 17 28 -15 15 21 -18 -19 -20 -21 22 -23 23 -25 -26 -27 27 -29 -30 -31
leaf_value=0.00010732107036563468 0.00099447153885116098 -0.0027160232303167784 -0.0014580624401799417 -8.2168109945863073e-05 0.0010592170605142998 -0.00077751178028099394 -2.1753310508699187e-05 0.0028028249713323195 -0.0049134984045562952 0.0014506708540667343 0.0023997121495487393 0.0068398218366574953 -0.0067263604531409187 0.0019398401871721948 0.00074872488150328419 -0.0015386103230430937 -0.0012805431648057631 -0.0014360080676435888 7.3962707627681069e-05 -0.00058844904195728281 0.0015959143145193061 -0.0006930038049560315 -0.0009385513934218187 -0.00011735254291620651 0.0053161724630995388 0.010638625448274557 -0.00026656662005114095 0.00026224115104411187 -0.0024416133980535021 -0.0022262354432862289
leaf_weight=6689 516 624 146 220 395 1080 2966 1144 90 467 1259 103 728 45 472 950 152 191 657 3728 214 386 281 3145 174 47 217 2317 2604 1280
leaf_count=6689 516 624 146 220 395 1080 2966 1144 90 467 1259 103 728 45 472 950 152 191 657 3728 214 386 281 3145 174 47 217 2317 2604 1280
internal_value=-0.000426293 0.0039291 0.00896642 0.0124682 -0.00254342 -0.00351767 0.000109707 0.0138762 -0.00485055 -0.000475352 0.0148276 0.0114743 -0.00535484 -0.00524664 -0.0038024 -0.00704082 -0.000673077 0.00183673 0.00236948 -0.00226292 -0.000431087 -0.010015 0.000722611 0.000156293 0.00633466 0.000182927 0.00312787 0.00194159 -0.00740243 -0.00983068
internal_weight=33287 10888 4199 3063 22399 16383 6016 2843 11442 1136 2697 1438 10695 669 6083 1960 624 294 747 4123 4941 1336 3861 3647 502 328 3050 2534 4612 2008
internal_count=33287 10888 4199 3063 22399 16383 6016 2843 11442 1136 2697 1438 10695 669 6083 1960 624 294 747 4123 4941 1336 3861 3647 502 328 3050 2534 4612 2008
is_linear=0
shrinkage=0.03


Tree=27
num_leaves=31
num_cat=0
split_feature=3 8 6 9 8 13 3 6 8 11 10 11 11 10 8 7 8 11 12 12 11 6 14 8 15 12 14 4 11 6
split_gain=324.549 96.1125 94.7242 129.34 61.4676 54.2568 48.4559 65.0066 50.1367 42.6302 48.4095 42.9459 42.1974 42.041 46.2613 39.5956 37.7752 37.5499 34.6158 30.1182 29.4993 25.1708 24.9652 24.758 28.1749 39.6292 27.2886 24.1641 23.537 23.221
threshold=92.500000000000014 297.64393143417118 1.1538736432548362 -1.0000000180025095e-35 9.1122943245260988 8.5000000000000018 162.50000000000003 1.2282961748374737 2032.9662482540341 0.73283908552571664 -0.37940952255126015 -0.12546116083924153 -0.82415615971448097 0.60355339059327384 331.59105189611415 613.04252450000013 1434.848505678347 0.52033990680116082 -0.86974577485258975 -0.93543596745397617 -0.32614396506100213 1.1761176079496476 0.25083333333333341 994.53374591892759 0.46642361111111119 0.44312301391210612 0.98583333333333345 21.850000000000005 0.25206111083856975 1.2277183786753192
decision_type=2 2 2 2 2 2 2 2 2 2 2 2 2 2 2 2 2 2 2 2 2 2 10 2 10 2 8 2 2 2
left_child=1 -1 3 -3 27 6 7 -6 12 10 22 20 -8 14 19 -13 -11 -10 -15 -14 -12 -20 -4 24 26 -26 -7 -2 -9 -22
right_child=4 2 9 -5 5 23 8 28 17 16 11 15 13 18 -16 -17 -18 -19 21 -21 29 -23 -24 -25 25 -27 -28 -29 -30 -31
leaf_value=0.00016638962888653922 -2.7771176583969238e-06 -0.0052227286774372004 0.0013701980036955072 0.0011293191198221567 0.00061493164199874527 -4.1180702823160485e-05 -0.002140603212370128 -0.0014624870480642173 -0.0036039767050544467 0.005433455805768427 0.0008335628323627288 -0.0023309047460820607 0.00051564260378053454 -0.0016733920171048125 -0.0030660949773045698 0.0003864082989145469 -0.00017615560367104918 7.6426991987272398e-05 -0.00053078366942043169 -0.00045405361372933086 0.00016333118997233833 -0.0011337557913141936 0.0026704441974890153 0.00011396843441387956 -0.0011509756525412776 -0.00019731026470791164 0.0046021636237261335 0.00058956788707394191 -0.00037495196139544459 0.0032899662283028242
leaf_weight=5823 2548 386 372 1232 1636 2996 349 151 201 734 803 495 1049 685 2950 216 35 701 1051 3275 74 713 528 1021 691 973 48 980 381 190
leaf_count=5823 2548 386 372 1232 1636 2996 349 151 201 734 803 495 1049 685 2950 216 35 701 1051 3275 74 713 528 1021 691 973 48 980 381 190
internal_value=-0.000429898 0.00381888 0.00684107 0.000852905 -0.0024952 -0.00317471 -0.0042368 -0.000138376 -0.00504647 0.00965187 0.00786408 0.00499438 -0.0056533 -0.00528541 -0.00414078 -0.0007173 0.0158778 0.00172949 -0.00868518 -0.00216466 0.00880037 -0.00646259 0.0135333 -0.000738349 -0.00165675 -0.00479567 5.91327e-05 0.00113946 -0.00924812 0.0175
internal_weight=33287 10888 5065 1618 22399 18871 13142 2168 10974 3447 2678 1778 10072 9723 7274 711 769 902 2449 4324 1067 1764 900 5729 4708 1664 3044 3528 532 264
internal_count=33287 10888 5065 1618 22399 18871 13142 2168 10974 3447 2678 1778 10072 9723 7274 711 769 902 2449 4324 1067 1764 900 5729 4708 1664 3044 3528 532 264
is_linear=0
shrinkage=0.03


Tree=28
num_leaves=31
num_cat=0
split_feature=3 1 5 2 8 13 5 3 8 10 11 4 1 4 11 3 4 10 11 5 8 11 9 13 5 2 1 5 11 1
split_gain=305.52 173.97 137.598 91.3115 59.2949 68.2258 56.2446 49.0817 43.2927 39.0091 38.5894 34.9559 33.8516 34.5929 29.3144 28.828 49.8823 39.1123 37.5915 31.5327 30.6939 27.2778 26.0456 34.7562 33.2585 68.254 26.606 41.3416 25.6641 24.3511
threshold=92.500000000000014 4.1050000000000013 949.55000000000007 10.975000000000003 26.72495831651073 8.5000000000000018 952.55000000000007 48.500000000000007 2286.6414911481456 0.25881904510252057 -0.82415615971448097 1.2500000000000002 5.5450000000000008 14.950000000000001 0.52033990680116082 120.50000000000001 -2.3499999999999992 0.60355339059327384 0.36648264796514479 953.45000000000016 331.59105189611415 -0.86976336936302323 0.78656609248549325 4.5000000000000009 949.55000000000007 5.3950000000000005 2.8050000000000002 959.1500000000002 -0.61913973745509387 2.0150000000000001
decision_type=2 2 2 10 2 2 2 2 2 2 2 2 2 2 2 2 2 2 2 2 2 2 2 2 2 10 2 2 2 2
left_child=1 21 9 7 6 8 -2 -4 10 11 -6 -3 13 -9 -10 16 -12 20 28 -20 -17 -1 24 -24 25 -23 27 -26 -19 -7
right_child=4 2 3 -5 5 29 -8 12 14 -11 15 -13 -14 -15 -16 17 -18 18 19 -21 -22 22 23 -25 26 -27 -28 -29 -30 -31
leaf_value=-0.00033263292999705481 0.00028062384228050345 0.0018287193853336505 -0.0014482001405692081 -0.00010246079740397569 -0.0029141595804125838 -0.00075060906235959802 -1.9294741500338956e-05 0.0026488419027985992 -0.0030901816997102823 0.00134025226190061 -0.0011140401428559345 -0.0025500004407013727 0.002282757929497298 0.00022007308972666267 7.0634178859991788e-05 -0.00051645959007260421 0.00071442996269366885 -0.00047490024612012227 -6.0984878654617331e-05 -0.0015945343056448405 -0.0028247441006627226 0.00076309786456832775 -0.00047553139509874036 0.00037311948926247281 0.0011064256858325649 -0.0043450536548500802 0.0036765022059018601 -0.00030261642408526416 -0.0024316113723214716 7.7241153193905249e-05
leaf_weight=1057 3050 42 146 220 311 1080 2966 1144 165 467 367 627 1259 294 597 3787 901 146 584 759 3069 714 558 729 787 444 1643 757 756 3861
leaf_count=1057 3050 42 146 220 311 1080 2966 1144 165 467 367 627 1259 294 597 3787 901 146 584 759 3069 714 558 729 787 444 1643 757 756 3861
internal_value=-0.000413675 0.00370867 0.00849488 0.0118022 -0.00241752 -0.00335287 0.000129654 0.0132431 -0.00462507 -0.000422535 -0.00511798 -0.00506726 0.0141602 0.0110153 0.00228346 -0.00480567 -0.000567823 -0.00539611 -0.00883296 -0.00565153 -0.00427071 0.000704141 0.00153409 -0.00221445 0.00264442 -0.00170984 0.00422655 0.00139896 -0.0135698 -0.0004068
internal_weight=33287 10888 4199 3063 22399 16383 6016 2843 11442 1136 10680 669 2697 1438 762 10369 1268 9101 2245 1343 6856 6689 5632 1287 4345 1158 3187 1544 902 4941
internal_count=33287 10888 4199 3063 22399 16383 6016 2843 11442 1136 10680 669 2697 1438 762 10369 1268 9101 2245 1343 6856 6689 5632 1287 4345 1158 3187 1544 902 4941
is_linear=0
shrinkage=0.03


Tree=29
num_leaves=31
num_cat=0
split_feature=3 1 5 7 8 13 5 3 11 7 10 8 3 10 12 11 4 12 1 8 4 12 12 4 4 6 11 15 11 11
split_gain=295.272 164.37 129.905 88.4524 56.0272 67.739 54.9976 44.6186 43.1835 55.4794 41.7576 46.2198 37.0722 36.9123 37.3169 35.1221 39.331 42.9953 33.0119 31.0409 30.0011 28.8866 28.5242 27.3008 26.6355 27.0784 24.759 24.2863 39.7258 33.4137
threshold=92.500000000000014 4.1050000000000013 949.55000000000007 1321.9464325000004 28.06499719806224 8.5000000000000018 952.55000000000007 49.500000000000007 0.52033990680116082 1448.6515295000004 0.60355339059327384 331.59105189611415 120.50000000000001 0.25881904510252057 0.36447543099728863 0.83849049182116964 1.0500000000000003 0.14888728888808328 5.5450000000000008 59.554934839221978 14.950000000000001 -0.90892157495189674 -0.42958798411962301 7.0500000000000007 -6.6499999999999995 1.0766494253167387 -0.86976336936302323 0.46642361111111119 -0.94139628442229062 -0.2270106897347694
decision_type=2 2 2 2 2 2 2 2 2 2 2 2 2 2 2 2 2 2 2 2 2 2 2 2 2 2 2 10 2 2
left_child=1 26 13 7 6 8 -2 -4 10 12 11 21 -10 14 -3 -14 -17 23 20 -12 -9 -6 -22 -18 -13 -26 -1 29 -29 -7
right_child=4 2 3 -5 5 27 -8 18 9 -11 19 24 15 -15 -16 16 17 -19 -20 -21 22 -23 -24 -25 25 -27 -28 28 -30 -31
leaf_value=-0.00032265394209714319 0.00026513413303192964 -0.0027325136341009469 -0.00026674094952200915 -9.9386973481856419e-05 0.00033929230335044913 4.5980135009361448e-05 -1.9314335846772889e-05 0.0025363953461194988 0.00051058572158012793 7.7826106437348244e-05 -0.00042513762570149286 0.0047020130920607311 -0.00045236198191813553 0.0013000446940435917 0.0018293286215365604 -0.0027695357338571713 -0.003533798036735843 0.00075042303950456613 0.0022531006343292368 -0.0026417358070499478 0.0065941454152713052 -0.00082010988482354946 -0.0013051581373086352 -0.0015032149329121446 -0.00042787337164518099 -0.0047496565463262322 0.00029380059958984721 -0.0020251331595119368 -9.863542423080239e-05 0.0027480111632010723
leaf_weight=1057 3093 591 171 220 1159 2919 3021 1134 709 885 335 41 1439 467 78 279 104 448 1247 1172 103 1464 188 1558 351 1431 5632 456 1323 212
leaf_count=1057 3093 591 171 220 1159 2919 3021 1134 709 885 335 41 1439 467 78 279 104 448 1247 1172 103 1464 188 1558 351 1431 5632 456 1323 212
internal_value=-0.00041007 0.00364254 0.00829483 0.0115083 -0.00238002 -0.00329936 6.86948e-05 0.0129265 -0.00457055 -0.00263371 -0.00633462 -0.00487179 -0.00397399 -0.000369718 -0.00488789 -0.00514107 -0.00737129 -0.00597156 0.0138772 -0.0106503 0.0107579 -0.00232177 0.00216495 -0.00819495 -0.00854087 -0.00909091 0.000722081 -0.000354379 -0.00315346 0.00123603
internal_weight=33287 10888 4199 3063 22399 16285 6114 2843 11375 5422 5953 4446 4537 1136 669 3828 2389 2110 2672 1507 1425 2623 291 1662 1823 1782 6689 4910 1779 3131
internal_count=33287 10888 4199 3063 22399 16285 6114 2843 11375 5422 5953 4446 4537 1136 669 3828 2389 2110 2672 1507 1425 2623 291 1662 1823 1782 6689 4910 1779 3131
is_linear=0
shrinkage=0.03


Tree=30
num_leaves=31
num_cat=0
split_feature=3 1 12 2 2 10 3 11 13 2 10 2 12 3 11 13 12 12 11 2 12 11 3 4 4 9 13 4 8 1
split_gain=275.212 148.366 95.7318 64.1109 54.9893 54.9569 39.1731 54.6704 53.6412 51.5176 43.5447 49.8341 41.1603 37.6458 33.7353 33.3026 32.9181 31.9978 30.3334 28.2766 27.1998 24.5423 23.6834 23.3867 22.9587 22.223 29.9838 29.0062 57.0853 42.4889
threshold=89.500000000000014 4.1650000000000009 -0.031174269516803289 11.095000000000001 1.175 1.0000000180025095e-35 162.50000000000003 -0.92923668111203805 2.5000000000000004 11.095000000000001 0.60355339059327384 6.3150000000000004 -0.85225707553516283 49.500000000000007 0.26866988313759588 9.5000000000000018 -0.86974577485258975 -0.99273797715557011 -0.91597725483594616 3.8150000000000004 0.029024409397335523 -0.32614396506100213 66.500000000000014 26.250000000000004 0.45000000000000007 0.78656609248549325 4.5000000000000009 12.050000000000002 374.40454764317275 2.8050000000000002
decision_type=2 2 2 10 8 2 2 2 2 10 2 8 2 2 2 2 2 2 2 10 2 2 2 2 2 2 2 2 2 2
left_child=1 25 5 13 -2 -3 7 20 -9 10 11 17 -11 -4 22 -13 19 -8 -19 -12 -6 -5 -7 -10 -23 27 -27 29 -29 -1
right_child=4 2 3 21 6 14 9 8 23 12 16 15 -14 -15 -16 -17 -18 18 -20 -21 -22 24 -24 -25 -26 26 -28 28 -30 -31
leaf_value=-3.582514036709731e-05 4.8700717007599931e-05 -0.0013408567437194899 -6.2740213181751846e-05 -0.00022560683870102272 -0.00012197382651238123 -0.00034093847059783809 0.0011773133612946749 -0.00028490403210175414 0.00076986290487651645 -0.0044176474733679874 -0.00032549465597546265 -0.0028276950021712921 6.7731158548460364e-05 0.0018095949057437685 0.0041571946783597576 0.00011096130638976832 -0.00039159941867966848 0.0006608094756570637 -0.00018837121034247104 -0.0034046423789415555 -0.00072836381816605747 0.00016301986341876341 0.0037377067711481726 -0.0005115618286362023 -0.00049323845842094293 -0.0004808923716961699 6.7810562483693144e-05 0.00016671700103797936 -0.0050289064018286794 0.0040154985404563439
leaf_weight=1256 1461 652 163 42 237 375 415 925 3090 203 304 3508 1671 2175 372 721 3086 915 5455 459 254 54 157 277 43 564 959 1536 365 1593
leaf_count=1256 1461 652 163 42 237 375 415 925 3090 203 304 3508 1671 2175 372 721 3086 915 5455 459 254 54 157 277 43 564 959 1536 365 1593
internal_value=-0.00041728 0.00365612 0.0081453 0.0118086 -0.00224403 0.00231362 -0.00262639 -0.000232072 0.000852749 -0.00331063 -0.00390163 -0.00294171 0.00137673 0.0129855 0.00710177 -0.00549775 -0.00664848 -0.00134856 -0.00187441 -0.012228 -0.00971487 -0.00798561 0.00225564 0.00261063 0.000309278 0.000769967 -0.00238345 0.00178105 -0.0010889 0.00369603
internal_weight=33287 10306 4033 2477 22981 1556 21520 4783 4292 16737 14863 11014 1874 2338 904 4229 3849 6785 6370 763 491 139 532 3367 97 6273 1523 4750 1901 2849
internal_count=33287 10306 4033 2477 22981 1556 21520 4783 4292 16737 14863 11014 1874 2338 904 4229 3849 6785 6370 763 491 139 532 3367 97 6273 1523 4750 1901 2849
is_linear=0
shrinkage=0.03


Tree=31
num_leaves=31
num_cat=0
split_feature=3 1 5 2 1 2 6 11 2 2 13 11 11 5 12 12 13 3 11 11 11 3 11 5 6 12 11 11 11 12
split_gain=255.955 144.266 115.905 92.6558 55.0818 50.7852 46.6277 45.6806 41.4981 49.2564 49.7789 35.8246 32.7653 32.3865 29.7743 29.441 28.3051 32.318 63.4956 30.6278 30.3799 33.5771 32.1537 34.4632 27.5796 27.2616 25.9986 36.2475 25.5678 23.9864
threshold=92.500000000000014 4.1050000000000013 949.55000000000007 10.215000000000002 5.5450000000000008 1.7750000000000001 1.1628588729872595 -0.32614396506100213 11.315000000000003 6.2750000000000012 9.5000000000000018 -0.52032787705993211 0.82414472752956958 968.55000000000007 -0.94703994556331683 -0.85225707553516283 1.5000000000000002 153.50000000000003 -0.92923668111203805 -0.91597725483594616 -0.89406062840022227 226.50000000000003 0.82899317702918729 949.45000000000016 1.1145297447972466 0.14888728888808328 0.01505151768384008 0.099822040462190967 0.95752911693909493 -0.58481178939031186
decision_type=2 2 2 10 2 8 2 2 10 8 2 2 2 2 2 2 2 2 2 2 2 2 2 2 2 2 2 2 2 2
left_child=1 -1 11 4 6 -2 29 -5 9 16 -11 -3 14 -12 -13 -10 -7 18 25 24 -21 -22 26 28 -19 -18 -23 -28 -24 -4
right_child=5 2 3 7 -6 8 -8 -9 15 10 13 12 -14 -15 -16 -17 17 19 -20 20 21 22 23 -25 -26 -27 27 -29 -30 -31
leaf_value=6.8041820146957775e-05 1.7304926933745037e-05 -0.0031535994341500787 0.0071095429123003966 -0.0001944358045288455 0.0031279083850749541 -0.00039098004335778148 0.0026836234361031189 0.00011886196277177517 -0.0036016236262343352 -0.0029320036217423576 0.00099409756890070952 -0.00084626869262115201 -0.0035448689982670277 -0.0082800852974331176 0.0020576747103548225 6.3226976429342147e-05 -0.00047398511296029987 0.0031705812409713176 0.00055904194124026957 -0.0010973280135691654 -0.00051525455248210654 -0.00027299697957220651 0.010158269448622966 -0.00059659714984375495 5.6138903978747777e-05 -0.00087052416257383798 0.0051836792488138203 0.00034069480852426149 -0.00023637042298263027 -0.0010903322843089005
leaf_weight=6689 2982 261 75 155 1144 906 1098 264 186 4830 1027 288 203 86 384 1555 199 95 2579 141 2954 1689 40 780 1022 149 104 1000 75 327
leaf_count=6689 2982 261 75 155 1144 906 1098 264 186 4830 1027 288 203 86 384 1555 199 95 2579 141 2954 1689 40 780 1022 149 104 1000 75 327
internal_value=-0.000422688 0.00335048 0.00770898 0.0107444 0.0128215 -0.0022568 0.00904 -0.00236277 -0.0028166 -0.00325187 -0.00547703 -0.000475352 0.00243429 0.000242588 0.005625 0.00160253 -0.00212478 -0.00169853 0.000994192 -0.0026962 -0.00345422 -0.0031617 -0.00125271 -0.00620112 0.00190689 -0.0110345 0.000332975 0.00391304 0.00913043 0.000298507
internal_weight=33287 10888 4199 3063 2644 22399 1500 419 19417 17676 5943 1136 875 1113 672 1741 11733 10827 2927 7900 6783 6642 3688 895 1117 348 2793 1104 115 402
internal_count=33287 10888 4199 3063 2644 22399 1500 419 19417 17676 5943 1136 875 1113 672 1741 11733 10827 2927 7900 6783 6642 3688 895 1117 348 2793 1104 115 402
is_linear=0
shrinkage=0.03


Tree=32
num_leaves=31
num_cat=0
split_feature=3 1 5 2 1 8 6 13 11 11 10 11 5 8 3 1 6 10 3 4 11 15 11 10 1 15 11 11 4 5
split_gain=237.592 131.351 110.738 84.9812 55.6882 49.134 44.3547 43.0058 41.3301 39.5499 36.3263 34.6702 33.795 55.4813 48.7072 49.5658 41.6605 47.53 45.7296 29.8395 28.008 27.3541 26.7543 26.6747 26.4319 33.0814 38.1507 26.4558 24.7904 31.6202
threshold=92.500000000000014 4.1050000000000013 949.55000000000007 10.215000000000002 5.5450000000000008 9.1122943245260988 1.1613190850480943 8.5000000000000018 -0.32614396506100213 -0.82415615971448097 0.37940952255126048 -0.52032787705993211 953.45000000000016 37.912811388115315 267.50000000000006 7.0850000000000009 1.1221355703787788 0.60355339059327384 117.50000000000001 17.350000000000005 0.82414472752956958 0.74118055555555562 0.75580964594513067 -0.12940952255126037 2.0150000000000001 0.46642361111111119 -0.89406062840022227 -0.2270106897347694 0.45000000000000007 960.55000000000007
decision_type=2 2 2 10 2 2 2 2 2 2 2 2 2 2 2 2 2 2 2 2 2 8 2 2 2 10 2 2 2 2
left_child=1 -1 11 4 6 -2 10 9 -5 -7 -4 -3 13 -11 15 -14 17 21 -19 -16 -13 -15 -17 -8 -9 27 -27 -26 -10 -30
right_child=5 2 3 8 -6 7 23 24 28 12 -12 20 14 16 19 22 -18 18 -20 -21 -22 -23 -24 -25 25 26 -28 -29 29 -31
leaf_value=6.6000565542549049e-05 1.4412044655099466e-05 -0.0030589914511255762 -0.001282050961529588 -0.00018860273039298013 0.0030340711335227056 -0.0013883143478390591 0.0047980113146208038 -0.00036894825998177799 0.0001749979900144731 0.00031630912503592673 0.0058744563981624033 0.0012678306169825902 -0.00064024788829134948 -0.0010722843316468456 -0.00035603029981710633 -0.0038426218751451613 -8.3556106803100995e-06 0.0020389996727257086 -0.0023626633541513529 -0.0018487833569244324 -0.003438522928319017 0.0047216513725515108 0.00014033017030668394 0.00096765076123810274 0.00015541508688570038 -0.0019922497271804844 0.00011559647126375704 0.0028212855273510823 5.5639667442567917e-05 -0.00049139107257766543
leaf_weight=6689 3528 261 295 155 1144 397 531 1746 142 1527 97 672 3427 3714 353 74 2121 95 720 247 203 40 427 577 2385 568 854 176 89 33
leaf_count=6689 3528 261 295 155 1144 397 531 1746 142 1527 97 672 3427 3714 353 74 2121 95 720 247 203 40 427 577 2385 568 854 176 89 33
internal_value=-0.000428095 0.0032072 0.00736604 0.010333 0.0123222 -0.00219519 0.00852 -0.00280271 -0.00221957 -0.00374829 -0.000153061 -0.000633803 -0.00345783 -0.00231106 -0.00553887 -0.00432281 -0.00348879 -0.00510177 -0.0116687 -0.0135 0.00222857 -0.00367608 0.00449102 0.0115884 -0.000633618 0.000715541 -0.00295359 0.00275283 0.005 -0.00491803
internal_weight=33287 10888 4199 3063 2644 22399 1500 18871 419 13142 392 1136 12745 8217 4528 3928 6690 4569 815 600 875 3754 501 1108 5729 3983 1422 2561 264 122
internal_count=33287 10888 4199 3063 2644 22399 1500 18871 419 13142 392 1136 12745 8217 4528 3928 6690 4569 815 600 875 3754 501 1108 5729 3983 1422 2561 264 122
is_linear=0
shrinkage=0.03


Tree=33
num_leaves=31
num_cat=0
split_feature=3 5 8 2 12 11 13 2 8 13 5 9 12 8 9 8 11 11 5 4 5 3 11 12 15 4 3 4 6 12
split_gain=225.504 87.73 119.364 54.292 53.8268 64.5991 51.9306 51.2482 48.038 57.2609 47.298 43.5572 42.8221 48.2996 38.6707 36.8912 44.3672 37.0586 34.9363 33.8711 34.4314 32.5716 29.1501 29.1472 26.5089 25.793 25.6893 45.5598 31.1061 47.3584
threshold=92.500000000000014 949.55000000000007 197.07998652401946 11.315000000000003 0.99024581825578073 -0.37447345805034543 4.5000000000000009 9.6950000000000021 28.06499719806224 8.5000000000000018 952.55000000000007 0.78656609248549325 0.9980355542543059 119.6718739777607 0.12940952255126045 1688.5366889951245 0.52033990680116082 -0.82415615971448097 959.6500000000002 -3.5499999999999994 953.6500000000002 72.500000000000014 0.082691702092476851 -0.60555643346685839 0.2055902777777778 17.350000000000005 120.50000000000001 -2.3499999999999992 1.0788274060257634 -0.98801846520836312
decision_type=2 2 2 10 2 2 2 10 2 2 2 2 2 2 2 2 2 2 2 2 2 2 2 2 10 2 2 2 2 2
left_child=1 12 23 4 5 7 19 11 10 15 -2 -4 13 -1 24 17 -17 -10 -9 20 -7 -6 -23 -3 -15 -25 27 -19 29 -28
right_child=8 2 3 -5 21 6 -8 18 9 -11 -12 -13 -14 14 -16 16 -18 26 -20 -21 -22 22 -24 25 -26 -27 28 -29 -30 -31
leaf_value=0.00034786274893764454 0.00024849300002176327 0.002616056666926395 0.00083176891844029223 -0.00016105142443870632 0.0017397121869444506 -0.0064335669717481827 0.003634529732589222 0.00021346268438458089 -0.0025302681280044773 -3.5271297674797689e-05 -1.7337901893435392e-05 0.0032375613389784789 0.001780308418011748 -0.0010425398497945679 -0.00075902474236131529 -0.0033795806650034426 8.3767867546478462e-05 -0.0010514587952262068 -0.00033516178942691083 0.0035201280631036486 0.00069808803872854731 -0.0036235005483923905 0.0049173746607368831 5.103074689697415e-05 -0.0058441735865949092 -0.00042096559858315871 0.0030597505200093533 0.00073472316625497653 -0.0011748942985244514 -0.00078786881795655421
leaf_weight=1129 3093 171 1173 151 240 39 649 59 299 4910 3021 519 62 217 1009 285 872 366 77 1336 477 212 46 2410 412 500 216 894 7748 695
leaf_count=1129 3093 171 1173 151 240 39 649 59 299 4910 3021 519 62 217 1009 285 872 366 77 1336 477 212 46 2410 412 500 216 894 7748 695
internal_value=-0.000428095 0.00311352 0.00470902 0.00758136 0.00813549 0.00920998 0.0123431 0.00492341 -0.00214965 -0.00300092 0.000117763 0.00634752 -0.0014316 -0.0019841 -0.00527473 -0.00416967 0.000907519 -0.00474457 -0.0127941 0.00978402 0.00325581 -0.00120482 -0.00860465 6.81597e-05 -0.0111129 -0.000639175 -0.00443089 -0.000428571 -0.00501328 0.000230516
internal_weight=33287 10888 8059 4978 4827 4329 2501 1828 22399 16285 6114 1692 2829 2767 1638 11375 1157 10218 136 1852 516 498 258 3081 629 2910 9919 1260 8659 911
internal_count=33287 10888 8059 4978 4827 4329 2501 1828 22399 16285 6114 1692 2829 2767 1638 11375 1157 10218 136 1852 516 498 258 3081 629 2910 9919 1260 8659 911
is_linear=0
shrinkage=0.03


Tree=34
num_leaves=31
num_cat=0
split_feature=3 5 7 8 8 12 13 12 4 11 11 9 10 12 12 3 4 11 7 11 4 12 4 5 12 12 8 7 12 12
split_gain=211.872 68.2671 100.474 76.2682 44.8067 41.5671 39.5766 38.8626 48.9657 34.6796 34.3521 35.646 34.6987 41.8592 34.9798 32.8701 32.577 32.5392 30.8114 30.7119 29.8327 29.4292 45.2911 34.4898 27.7187 53.388 27.4752 50.2322 35.3675 55.764
threshold=86.500000000000014 949.55000000000007 237.75232950000006 1334.7679051604564 9.1122943245260988 0.86869874770991873 10.500000000000002 -0.42958798411962301 16.550000000000004 -0.85227431625818906 0.7090011537757156 -0.70710678118654735 0.37940952255126048 0.69521084835931835 0.90438663683299525 49.500000000000007 25.850000000000005 -0.65234524191686594 71.732335500000019 -0.12546116083924153 -0.84999999999999998 0.97062204580664158 -2.3499999999999992 970.35000000000002 0.96177147954086928 0.94636490295939868 1688.5366889951245 251.83777950000004 0.14888728888808328 0.38043945030393422
decision_type=2 2 2 2 2 2 2 2 2 2 2 2 2 2 2 2 2 2 2 2 2 2 2 2 2 2 2 2 2 2
left_child=1 17 7 10 -2 -5 21 16 -9 -8 11 -4 15 -14 -15 -13 -3 18 -1 -16 -19 24 23 -23 25 26 27 -6 -29 -30
right_child=4 2 3 5 6 -7 9 8 -10 -11 -12 12 13 14 19 -17 -18 20 -20 -21 -22 22 -24 -25 -26 -27 -28 28 29 -31
leaf_value=5.2086732802391483e-05 1.6503938930420641e-05 0.0048444479178554236 2.1899907083384235e-06 -0.00022231276968479749 -0.00027683767540848478 6.4713675212154786e-05 0.003445295200282836 0.00029247149124174106 -0.00056140284608070497 3.8519475136150383e-05 0.0049907805002397916 -0.00046352158073048735 0.0051840856488909216 -0.0027927268588420263 0.0028866687793666279 0.0024478110785201269 -0.00014041448103042643 -0.009290251867591354 -0.003629463985089211 -0.00047726623363990263 0.00025566325987090945 -0.0015077669540565898 -0.0001929901244329779 0.0030943905521357185 0.0031098402081752284 -0.0011673491213220679 3.5878249335459869e-05 -0.0028232370496910917 0.0021186058071548659 -0.0032648922917906755
leaf_weight=207 3582 184 450 179 9419 185 40 2638 530 2731 820 137 316 243 106 1202 128 35 381 153 1970 245 313 35 113 105 1477 4271 471 621
leaf_count=207 3582 184 450 179 9419 185 40 2638 530 2731 820 137 316 243 106 1202 128 35 381 153 1970 245 313 35 113 105 1477 4271 471 621
internal_value=-0.00044612 0.00324209 0.0047325 0.00811132 -0.00199932 -0.00494505 -0.00255683 0.00105172 5.68182e-05 0.000768676 0.0094981 0.00781358 0.00941586 0.00454768 -0.000836653 0.0123898 0.0111538 -0.000937138 -0.00714286 0.00683398 0.000882793 -0.00309666 -0.00966273 -0.0184286 -0.00286035 -0.0029626 -0.0028249 -0.00321472 -0.00553235 -0.000714286
internal_weight=33287 9864 7271 3791 23423 364 19841 3480 3168 2771 3427 2607 2157 818 502 1339 312 2593 588 259 2005 17070 593 280 16477 16364 16259 14782 5363 1092
internal_count=33287 9864 7271 3791 23423 364 19841 3480 3168 2771 3427 2607 2157 818 502 1339 312 2593 588 259 2005 17070 593 280 16477 16364 16259 14782 5363 1092
is_linear=0
shrinkage=0.03


Tree=35
num_leaves=31
num_cat=0
split_feature=13 11 5 1 11 11 11 11 9 4 11 11 4 2 12 11 15 4 11 1 12 8 12 11 1 15 1 1 11 15
split_gain=65.2228 44.0802 42.3396 34.0809 27.6405 37.2311 68.4875 46.0723 29.3302 54.174 43.6272 34.1262 46.0165 33.8632 72.7348 34.5768 31.9103 34.2782 29.0215 28.6213 26.3646 25.3409 24.6552 25.876 29.8447 35.6622 25.4757 23.7704 23.6275 31.2937
threshold=11.500000000000002 -0.0053757284505435614 972.55000000000007 3.8150000000000004 0.99907018497641664 0.97508442350096236 0.93845596220871974 0.93544191479114935 1.0000000180025095e-35 -2.7499999999999996 -0.99985146406598202 -0.11692013674435776 27.450000000000003 5.7350000000000012 -0.80417042486635371 0.85673801594079257 0.26200396825396832 10.050000000000002 0.82414472752956958 0.31000000000000005 0.29958852271690523 21.993838928113409 0.67007489853957602 0.69676570133721638 1.9750000000000003 0.065364583333333351 1.3550000000000002 6.4650000000000007 0.82899317702918729 0.080611111111111119
decision_type=2 2 2 2 2 2 2 2 2 2 2 2 2 8 2 2 10 2 2 2 2 2 2 2 2 10 2 2 2 10
left_child=2 3 4 -2 5 6 7 8 13 -10 -11 12 -12 15 -15 18 17 -16 19 -1 21 -8 26 24 25 -24 -21 -6 -13 -30
right_child=1 -3 -4 -5 27 -7 20 -9 9 10 11 28 -14 14 16 -17 -18 -19 -20 22 -22 -23 23 -25 -26 -27 -28 -29 29 -31
leaf_value=-6.5808145037782786e-05 0.00032329453604949907 -0.0015439815708705265 0.00059966237361627317 0.0005149689909663722 0.00059249907256570921 -0.00028121293477226136 0.003087837262670499 -0.0018455310469307582 -0.00040174587236434023 0.0023317621353364289 3.0453030209572645e-05 0.00034931475995356935 -0.00045400762276250626 -0.0040652591765242274 0.0014610202780223995 0.0019072698435684777 -0.0010323717464354426 -0.00086649099890253429 -0.00049793122143733143 0.00021978792099435672 0.003983716078109243 0.0001069914502032519 -0.00045208063868329944 -0.0019675400872166682 0.00050218446122089495 -5.2143622446103705e-05 -0.00010354414843387857 0.00070805884859959209 0.004926282912839401 -0.00011889229365787186
leaf_weight=125 1705 134 167 1081 339 1952 171 96 905 96 4886 4214 1764 1389 814 371 2417 884 217 1451 288 953 193 54 481 766 4068 107 80 1119
leaf_count=125 1705 134 167 1081 339 1952 171 96 905 96 4886 4214 1764 1389 814 371 2417 884 217 1451 288 953 193 54 481 766 4068 107 80 1119
internal_value=-0.00046054 0.00382192 -0.000872329 0.00463029 -0.000955629 -0.00106675 -0.000785555 -0.00112997 -0.00105423 -4.59277e-05 0.000481125 0.000320816 -0.0011188 -0.00204989 -0.00384811 -0.000768833 -0.00184447 0.00130742 -0.00121958 -0.000891006 0.00565156 0.00357651 -0.000637388 -0.00405622 -0.00329167 -0.00635036 0.000288096 0.0064574 0.00208941 -0.00162636
internal_weight=33287 2920 30367 2786 30200 29754 27802 26390 26294 13064 12159 12063 6650 13230 5504 7726 4115 1698 7355 7138 1412 1124 7013 1494 1440 959 5519 446 5413 1199
internal_count=33287 2920 30367 2786 30200 29754 27802 26390 26294 13064 12159 12063 6650 13230 5504 7726 4115 1698 7355 7138 1412 1124 7013 1494 1440 959 5519 446 5413 1199
is_linear=0
shrinkage=0.03


Tree=36
num_leaves=31
num_cat=0
split_feature=3 5 8 7 8 12 11 13 11 12 9 12 8 15 7 11 6 8 7 13 11 15 9 3 5 6 11 11 5 11
split_gain=195.748 68.4789 102.687 75.9069 47.8061 44.6822 49.4158 58.7437 40.8577 38.6913 35.8263 35.3907 36.4896 35.729 35.0013 34.0037 33.3079 32.4401 46.7405 48.7142 31.1917 37.2805 29.2698 28.7187 26.6648 32.6095 32.1326 25.6846 25.428 25.1174
threshold=89.500000000000014 949.55000000000007 197.07998652401946 1044.1345595000005 2.2304456346911823 0.99024581825578073 -0.32614396506100213 4.5000000000000009 0.73283908552571664 0.86869874770991873 0.78656609248549325 0.9980355542543059 119.6718739777607 0.20350694444444448 613.04252450000013 -0.32614396506100213 1.1552220366902344 1688.5366889951245 188.62587050000005 9.5000000000000018 0.96234642434711437 0.2995486111111112 0.12940952255126045 72.500000000000014 953.75000000000011 1.1387448852164039 -0.75015329512557205 0.082691702092476851 966.35000000000002 -0.41398024697495356
decision_type=2 2 2 2 2 2 2 2 2 2 2 2 2 10 2 2 2 2 2 2 2 10 2 2 2 2 2 2 2 2
left_child=1 11 20 5 -2 6 10 8 14 -5 -4 12 -1 29 28 -11 -10 18 24 -20 21 -3 -15 -7 -6 -26 -27 -25 -8 -14
right_child=4 2 3 9 17 23 7 -9 16 15 -12 -13 13 22 -16 -17 -18 -19 19 -21 -22 -23 -24 27 25 26 -28 -29 -30 -31
leaf_value=0.00032146750735063425 3.3138873659563416e-05 -0.00019452022548357241 0.0005821620765513899 -0.00021655697750054046 -5.0572400384655738e-05 0.0019041970813464238 -0.00049122753095998313 0.0047571379078678857 0.00056614043949299454 -0.00010231656360418436 0.002694684604538766 0.0016934227528635239 -0.0031592502801682559 -0.0054682268602482004 0.0010894886023743125 0.00010544083950241319 0.0058739083723334581 3.9321135656386913e-05 -0.0023861428416649772 0.00023668149812827605 -0.00060287063218195157 0.00087506807921786936 -0.0020290700130712875 -0.0034097318249184413 -0.00061676326577172482 0.00020667696829119122 -0.00018106011328531023 0.0046907553052190701 0.0075967463933995557 0.001589893905965041
leaf_weight=1074 1670 1249 1163 243 6929 231 515 521 197 33 560 59 152 376 131 167 715 1727 5879 1405 286 1323 641 194 259 1150 3962 43 43 390
leaf_count=1074 1670 1249 1163 243 6929 231 515 521 197 33 560 59 152 376 131 167 715 1727 5879 1405 286 1323 641 194 259 1150 3962 43 43 390
internal_value=-0.000437108 0.00299825 0.00445232 0.00715307 -0.00197772 0.00836773 0.00943303 0.0124976 0.00965022 -0.00467269 0.00565873 -0.00111441 -0.00162932 -0.00456062 0.00413643 0.0051 0.0138158 -0.00236075 -0.00270833 -0.00461285 -4.19874e-05 0.00100311 -0.00787611 -0.000384615 -0.00158049 -0.00316701 -0.00264085 -0.00772152 0.000860215 0.00166052
internal_weight=33287 10306 7614 4756 22981 4313 3845 2122 1601 443 1723 2692 2633 1559 689 200 912 21311 19584 7284 2858 2572 1017 468 12300 5371 5112 237 558 542
internal_count=33287 10306 7614 4756 22981 4313 3845 2122 1601 443 1723 2692 2633 1559 689 200 912 21311 19584 7284 2858 2572 1017 468 12300 5371 5112 237 558 542
is_linear=0
shrinkage=0.03


Tree=37
num_leaves=31
num_cat=0
split_feature=3 1 6 2 12 10 8 10 11 12 12 12 1 6 11 12 1 3 12 8 3 12 6 3 3 1 1 11 11 6
split_gain=185.18 105.607 79.4508 93.2294 77.9346 51.0994 43.2793 43.9622 41.2752 40.9796 40.1475 36.2828 36.0814 31.5024 30.5715 30.5337 30.2629 28.373 28.3258 26.7392 31.2751 25.9314 32.3443 25.5676 25.3 31.413 25.5308 24.6937 50.6205 48.3554
threshold=92.500000000000014 4.1050000000000013 1.1516554352558541 9.4750000000000032 0.86869874770991873 0.25881904510252057 28.06499719806224 0.60355339059327384 -0.32614396506100213 -0.57077231802681661 -0.86974577485258975 0.18281312110578132 5.5450000000000008 1.1475119501034237 -0.97113884758256674 1.0000000180025095e-35 8.2050000000000018 117.50000000000001 -0.50557503990954278 768.43048777948081 64.500000000000014 -0.99052477729077237 1.0797915205322228 185.50000000000003 198.50000000000003 2.9550000000000005 10.185 0.82414472752956958 0.44505654568748165 1.1065534867182918
decision_type=2 2 2 10 2 2 2 2 2 2 2 2 2 2 2 2 2 2 2 2 2 2 2 2 2 2 2 2 2 2
left_child=1 -1 5 12 11 27 9 13 -6 -2 17 -5 -4 21 15 -15 -12 -9 -11 20 -7 22 -8 -16 -23 -26 -27 28 29 -3
right_child=6 2 3 4 8 19 7 10 -10 18 16 -13 -14 14 23 -17 -18 -19 -20 -21 -22 24 -24 -25 25 26 -28 -29 -30 -31
leaf_value=5.8081020484304515e-05 0.00036329368519468717 -0.0027854205508679964 0.0032430589438606243 0.00019309076417383698 -0.00011563786158714964 0.0021694559421431897 0.002537727472911418 0.00077786609483849805 0.00021181000671303737 -0.00023078140679132054 -0.00097885500341646464 -0.00029560861392086824 0.0048811502737098255 -0.00092134454905797437 0.00087348123664608517 0.0018888300231200883 9.6150112553661411e-05 -0.0019372627990114518 -8.5443366201949395e-06 -0.0002617936800524902 0.0059011346453890752 -0.0011416494803601759 -0.00033990067703730786 -0.00027494828766287059 0.00053994147986328848 -0.001274302282787052 0.00012882386236681416 -0.0031557741877133194 0.0030486215874054091 0.00046417012235981772
leaf_weight=6689 2129 373 1135 50 39 268 223 76 316 195 3554 234 533 163 1059 297 211 643 3790 148 275 751 464 3695 898 4116 135 298 182 348
leaf_count=6689 2129 373 1135 50 39 268 223 76 316 195 3554 234 533 163 1059 297 211 643 3790 148 275 751 464 3695 898 4116 135 298 182 348
internal_value=-0.000415478 0.0027939 0.00652298 0.0102601 0.000516432 0.00196617 -0.00197553 -0.00278354 0.00988732 0.000176644 -0.00531222 -0.0111972 0.0139928 -0.00182273 -8.05524e-05 0.00730435 -0.00407171 -0.0118081 -0.00161857 0.00846599 0.011547 -0.00320176 0.00231441 -0.00079512 -0.00384407 -0.0030938 -0.00417078 -0.00177352 0.000697674 -0.00287101
internal_weight=33287 10888 4199 2307 639 1892 22399 16285 355 6114 4484 284 1668 11801 5214 460 3765 719 3985 691 543 6587 687 4754 5900 5149 4251 1201 903 721
internal_count=33287 10888 4199 2307 639 1892 22399 16285 355 6114 4484 284 1668 11801 5214 460 3765 719 3985 691 543 6587 687 4754 5900 5149 4251 1201 903 721
is_linear=0
shrinkage=0.03


Tree=38
num_leaves=31
num_cat=0
split_feature=12 2 8 12 10 13 12 12 5 6 12 12 6 9 6 2 11 11 5 9 2 5 2 5 12 12 6 14 12 11
split_gain=55.6216 61.9516 56.9028 38.0552 37.885 62.3152 39.9027 38.8219 35.8698 34.7875 31.8181 27.7938 39.6054 33.9843 27.8749 27.7879 41.7621 64.1844 26.8906 25.3653 32.1747 30.1809 26.1053 24.4707 23.1799 28.7942 24.8476 22.6439 22.3545 22.2682
threshold=0.11478523713130605 4.5950000000000006 28.06499719806224 -0.57077231802681661 0.1294095225512602 1.5000000000000002 0.99988440732898443 0.57605713708605399 948.75000000000011 1.2476721590482265 0.2332836900311728 -0.41399101439218416 1.1538736432548362 0.25881904510252091 1.121521156409037 4.7350000000000012 0.52033990680116082 0.7090011537757156 968.55000000000007 0.37940952255126054 10.305000000000001 952.05000000000007 6.5750000000000011 948.1500000000002 -0.50557503990954278 0.04621408538533487 1.1905385862708591 0.98083333333333333 0.47369649395226454 0.89017062131308955
decision_type=2 10 2 2 2 2 2 2 2 2 2 2 2 2 2 10 2 2 2 2 10 2 10 2 2 2 2 8 2 2
left_child=2 9 3 -1 6 18 7 19 15 23 -7 13 -13 14 -10 -4 -17 -18 -6 29 21 -21 -23 -2 -5 26 -26 -12 -22 -3
right_child=1 4 8 24 5 10 -8 -9 11 -11 27 12 -14 -15 -16 16 17 -19 -20 20 28 22 -24 -25 25 -27 -28 -29 -30 -31
leaf_value=0.00039030643496946468 0.0037143890757747964 -0.0010942016814080111 -0.00018209068852691285 -0.00021785745820609832 -0.0030428323700441881 0.002178666657854223 -0.0067568044194142602 0.0011349176504743454 -0.0014405581926828798 -0.00010810092684467944 8.0682079566136067e-05 -0.0011305933348828381 4.58505236997423e-05 0.00064838640433604819 0.00012922793502236323 -0.0023750628148501004 0.002922278926122067 -0.0012344996590729592 0.00014516301476252477 -0.0020734800003617605 -0.00017222291410023846 0.0012372603700885366 0.003108055892835567 -1.5580257707013857e-05 9.2268936035214092e-06 -0.00011371745579792278 0.0018522598296690422 0.00058140252759909274 0.00014417296955028937 0.00026011625051115155
leaf_weight=2619 200 630 2100 234 623 283 40 3102 462 943 2907 2083 1751 1481 1342 3891 160 608 95 105 100 173 289 5071 1256 164 37 104 35 399
leaf_count=2619 200 630 2100 234 623 283 40 3102 462 943 2907 2083 1751 1481 1342 3891 160 608 95 105 100 173 289 5071 1256 164 37 104 35 399
internal_value=-0.000390242 0.000955692 -0.00150759 0.00150348 0.00256275 0.000403789 0.00434024 0.00458721 -0.00244272 -0.00134213 0.00214936 -0.000956595 -0.00269171 0.00106849 -0.00169623 -0.00400799 -0.00529942 0.00109375 -0.00760446 0.000987868 0.00538462 0.00851852 0.0118182 -0.000392715 -0.00200473 -0.000597117 0.000904872 0.00124543 -0.00777778 -0.00201166
internal_weight=33287 15099 18188 4310 8885 4012 4873 4833 13878 6214 3294 7119 3834 3285 1804 6759 4659 768 718 1731 702 567 462 5271 1691 1457 1293 3011 135 1029
internal_count=33287 15099 18188 4310 8885 4012 4873 4833 13878 6214 3294 7119 3834 3285 1804 6759 4659 768 718 1731 702 567 462 5271 1691 1457 1293 3011 135 1029
is_linear=0
shrinkage=0.03


Tree=39
num_leaves=31
num_cat=0
split_feature=3 1 2 5 1 2 5 12 5 3 2 8 13 10 3 2 15 10 4 12 3 6 12 15 3 12 2 5 4 8
split_gain=171.322 97.8017 71.8745 119.024 51.1251 51.0119 42.0138 34.9113 43.5346 33.5946 31.5921 42.7719 41.4611 37.3941 33.8405 30.6371 28.9745 28.0797 37.7806 27.8082 27.6544 25.1705 33.6454 23.6431 23.1859 22.7468 21.7758 21.7737 24.0638 21.1092
threshold=92.500000000000014 4.1050000000000013 9.9650000000000016 951.55000000000007 5.5450000000000008 1.2550000000000001 959.25000000000011 0.86869874770991873 959.6500000000002 48.500000000000007 11.095000000000001 216.38177721464419 9.5000000000000018 1.0000000180025095e-35 169.50000000000003 10.865 0.043576388888888894 0.25881904510252057 8.5500000000000025 -0.91595872546125101 243.50000000000003 1.0788274060257634 -0.98801846520836312 0.46329861111111115 66.500000000000014 -0.82413948779581736 9.4750000000000032 950.75000000000011 9.8500000000000032 994.53374591892759
decision_type=2 2 10 2 2 8 2 2 2 2 10 2 2 2 2 10 8 2 2 2 2 2 2 10 2 2 10 2 2 2
left_child=1 -1 3 17 6 -2 9 8 -4 -5 11 13 21 -7 16 -9 -15 18 -3 -12 -16 22 -13 -14 -6 -23 -8 28 -27 -25
right_child=5 2 7 4 24 10 26 15 -10 -11 19 12 23 14 20 -17 -18 -19 -20 -21 -22 25 -24 29 -26 27 -28 -29 -30 -31
leaf_value=5.619408726446725e-05 2.7637801718917877e-05 0.0022327099199344821 -5.1707020763939597e-05 -0.0060680777430578026 0.0016575685393223256 2.7343671641767368e-05 0.0048975876875564121 0.00026343502454911335 -0.00040469380589988347 0.001298005713448301 -0.0060226676736379508 0.0037616365555534653 0.0013655421878317347 -0.00085460084319741105 -0.0003873918782612265 -6.0343379285247579e-05 5.3639108983727918e-05 0.0024118795571201907 -0.0018129930227533501 4.9207577835645704e-05 -8.8050988977425221e-05 -0.0038996045244796499 -0.0010934956003342919 -0.0033840241154954953 0.0042626368899409094 0.0040456903190662502 -0.00035972693186593071 -0.0027722211711252421 -0.0014240448972291013 0.0016646840519775276
leaf_weight=6689 1668 99 277 62 335 5465 509 135 100 699 113 125 832 170 2485 118 2343 481 736 1768 1456 1319 401 407 597 89 51 2490 1153 115
leaf_count=6689 1668 99 277 62 335 5465 509 135 100 699 113 125 832 170 2485 118 2343 481 736 1768 1456 1319 401 407 597 89 51 2490 1153 115
internal_value=-0.00038123 0.00270573 0.00629436 0.0079434 0.0121305 -0.00188178 0.0083346 -0.00304762 -0.00883289 0.00374507 -0.00228788 -0.00265782 -0.00453181 -0.00156808 -0.00311435 0.00557312 -0.000393951 0.000775076 -0.0025509 0.00141946 -0.00484902 -0.00567509 0.000570342 0.000177253 0.0175107 -0.00632548 0.0145714 -0.00512862 -0.00188406 -0.00482759
internal_weight=33287 10888 4199 3569 2253 22399 1321 630 377 761 20731 18850 6931 11919 6454 253 2513 1316 835 1881 3941 5577 526 1354 932 5051 560 3732 1242 522
internal_count=33287 10888 4199 3569 2253 22399 1321 630 377 761 20731 18850 6931 11919 6454 253 2513 1316 835 1881 3941 5577 526 1354 932 5051 560 3732 1242 522
is_linear=0
shrinkage=0.03


Tree=40
num_leaves=31
num_cat=0
split_feature=6 1 1 9 11 11 2 12 11 11 2 1 10 12 13 11 11 11 2 11 12 12 10 1 11 11 6 11 11 8
split_gain=48.9611 98.8947 58.4147 39.9989 29.1264 44.2165 33.1293 30.7539 32.7976 36.2096 26.137 29.8032 24.7349 41.4364 31.2698 27.9207 26.3479 29.4415 27.0997 24.5616 24.3146 23.9832 23.12 23.3698 22.8437 23.5173 22.3957 27.1142 23.7947 22.5276
threshold=1.1580252060112823 2.8750000000000004 1.3550000000000002 0.37940952255126054 0.91596454896554913 -0.01397611846945947 7.1950000000000012 0.1318557721318592 -0.97113884758256674 -0.93545489084327571 5.7350000000000012 5.6350000000000007 -0.12940952255126037 0.48877522411129348 1.5000000000000002 -0.97509794945709805 0.89404822654372251 0.9550229469509578 12.755000000000001 0.99907018497641664 1.0000000180025095e-35 0.99981043035926087 -0.70710678118654757 0.97500000000000009 -0.40614700388750385 0.99700008544936913 1.121521156409037 -0.99467753128998015 0.15101559051660998 350.15367630299653
decision_type=2 2 2 2 2 2 10 2 2 2 10 2 2 2 2 2 2 2 10 2 2 2 2 2 2 2 2 2 2 2
left_child=2 22 24 10 5 7 -6 -5 -9 -10 -4 26 13 15 -14 20 -17 18 -18 -19 -3 -15 23 -2 -1 -26 28 -28 -12 -30
right_child=1 12 3 4 6 -7 -8 8 9 -11 11 -13 14 21 -16 16 17 19 -20 -21 -22 -23 -24 -25 25 -27 27 -29 29 -31
leaf_value=-3.1560975332393546e-06 -0.00010831520480834138 -0.0015337920202901088 -0.00019516082686460299 -0.00035033014789448273 -0.00086671023252597626 0.00056273951742263559 0.00010277476109945468 0.0053713745651048882 -0.0017577184824105366 0.00077628201592350491 -0.0029868032178151814 -0.00041821185455843068 -0.0010665397255250535 0.0012264163611312652 0.00018112585436493809 -0.00088236215435419688 0.0040785905635874033 -0.0017949694466664037 -0.00079873551193603714 0.0019324060638979492 0.0041711047099248543 -0.0065549205969810858 -5.0337609115650662e-05 0.00070369472510631835 0.00071036642732078762 -0.00017110048774336413 -0.0069885243612475825 -0.0012039089846591078 -0.0016909048948612155 -0.0076797694812939764
leaf_weight=872 282 44 4472 2867 526 2137 291 136 64 204 1097 1551 667 2539 3752 347 263 277 43 83 93 32 6334 1454 979 32 142 1266 169 272
leaf_count=872 282 44 4472 2867 526 2137 291 136 64 204 1097 1551 667 2539 3752 347 263 277 43 83 93 32 6334 1454 979 32 142 1266 169 272
internal_value=-0.00037402 0.000806909 -0.00149499 -0.00211268 -0.00026506 0.000532544 -0.00554468 -0.00166004 0.00608911 0 -0.00339503 -0.00501001 0.00314005 0.00494222 0.00162254 0.000208696 -0.00151037 0.00198198 0.00882353 -0.00383333 0.0129197 0.00705951 -0.00154647 0.00152074 0.00348911 0.00655786 -0.00678208 -0.0040483 -0.00928479 -0.0151701
internal_weight=33287 16210 17077 15194 6225 5408 817 3271 404 268 8969 4497 8140 3721 4419 1150 1013 666 306 360 137 2571 8070 1736 1883 1011 2946 1408 1538 441
internal_count=33287 16210 17077 15194 6225 5408 817 3271 404 268 8969 4497 8140 3721 4419 1150 1013 666 306 360 137 2571 8070 1736 1883 1011 2946 1408 1538 441
is_linear=0
shrinkage=0.03


Tree=41
num_leaves=31
num_cat=0
split_feature=6 1 1 9 8 11 11 2 6 10 2 1 10 9 11 11 15 9 11 6 11 11 11 11 11 6 11 6 15 11
split_gain=50.2127 91.5306 55.9477 28.3458 39.6468 27.2122 44.4934 30.3742 26.8655 24.8356 24.3646 36.6778 35.344 33.2791 29.4164 22.9533 21.7776 31.2393 28.6579 27.6451 24.2881 22.2462 20.7964 38.7051 28.7257 34.6049 26.913 25.0897 20.3092 26.2174
threshold=1.1580252060112823 2.8750000000000004 1.1250000000000002 0.37940952255126054 62.836269186558916 0.91596454896554913 -0.01397611846945947 7.1950000000000012 1.1268330220195166 0.60355339059327384 9.6950000000000021 5.5450000000000008 -0.60355339059327384 0.37940952255126054 0.95752911693909493 -0.814291907305839 0.30197916666666674 0.37940952255126054 -0.14250824554987665 1.2743942181883157 -0.39036798905311365 -0.69057362043749781 0.9193901325473397 -0.12546116083924153 -0.32614396506100213 1.2277183786753192 0.9550229469509578 1.2423698682364921 0.47633333333333339 -0.05695216311707673
decision_type=2 2 2 2 2 2 2 10 2 2 8 2 2 2 2 2 8 2 2 2 2 2 2 2 2 2 2 2 10 2
left_child=2 16 -1 4 -4 6 -5 -7 9 -6 11 12 14 -13 15 -3 -2 -18 20 -20 21 -19 23 24 27 -26 -24 -14 29 -25
right_child=1 10 3 5 8 7 -8 -9 -10 -11 -12 13 22 -15 -16 -17 17 18 19 -21 -22 -23 26 28 25 -27 -28 -29 -30 -31
leaf_value=0.00036856294788775875 -7.9273223004808967e-05 -0.0012181285596000028 -8.1980432927110554e-06 -0.00020484893450881608 -0.0012667090136129684 -0.00070836580000026045 0.0005430191760800769 9.9691518266471031e-05 -0.00053897530509833507 -0.0024363418796318741 1.0439058980604708e-06 -0.0011341070579955069 0.0013859806266608775 0.0031357009850170731 -0.0023156145652462271 0.0034478854117520222 9.8531889821084677e-05 0.00072371704731389003 -0.00018861407858400571 0.00046222017690067732 0.0033237769817959974 -0.00024494304832507226 0.0054371085152098743 -0.0046414006201405096 -0.0026486427279666441 0.0051472646880935131 0.00068573545941902055 -0.0048905692666823455 -0.0021009797058322028 0.0001661554047631842
leaf_weight=1122 3552 157 2956 3373 3175 545 2174 291 2615 826 1881 154 1211 674 87 1286 3297 197 651 37 127 209 209 88 96 203 416 80 448 1150
leaf_count=1122 3552 157 2956 3373 3175 545 2174 291 2615 826 1881 154 1211 674 87 1286 3297 197 651 37 127 209 209 88 96 203 416 80 448 1150
internal_value=-0.00036681 0.000829118 -0.00150202 -0.00195738 -0.00298997 -0.000408899 0.000351541 -0.00545455 -0.00428053 -0.00582604 0.00307371 0.00397348 0.00307678 0.00985507 0.00694118 0.00796258 -0.00143494 -5.31208e-05 -0.00415233 -0.00819767 0.00106942 -0.00251232 0.00156114 0.000604396 0.00396226 0.0123411 0.006576 0.00202169 -0.00256228 -0.000581583
internal_weight=33287 16210 17077 15955 9572 6383 5547 836 6616 4001 8140 6259 5431 828 1530 1443 8070 4518 1221 688 533 406 3901 3276 1590 299 625 1291 1686 1238
internal_count=33287 16210 17077 15955 9572 6383 5547 836 6616 4001 8140 6259 5431 828 1530 1443 8070 4518 1221 688 533 406 3901 3276 1590 299 625 1291 1686 1238
is_linear=0
shrinkage=0.03


Tree=42
num_leaves=31
num_cat=0
split_feature=3 1 5 2 5 1 8 10 12 12 13 11 13 3 11 10 2 1 4 2 11 13 11 12 4 11 2 5 2 4
split_gain=154.357 107.722 85.3804 131.188 75.5549 63.1243 45.1 46.7035 40.1816 39.4751 38.384 38.302 45.5813 35.9729 32.0959 30.3669 36.7233 30.8071 28.7049 27.8525 27.3673 25.639 38.4114 30.318 36.8485 28.9463 25.1154 25.0731 24.9355 24.226
threshold=162.50000000000003 3.8450000000000002 949.35000000000002 9.5450000000000017 959.25000000000011 5.5450000000000008 8.5322875837485341 0.37940952255126048 -0.87810534180523914 0.94066717844141279 10.500000000000002 -0.92923668111203805 2.5000000000000004 48.500000000000007 -0.52032787705993211 -0.5 1.7350000000000001 1.905 28.450000000000003 10.145000000000001 -0.99763297024448894 8.5000000000000018 -0.82415615971448097 -0.99273797715557011 30.650000000000002 -0.0053757284505435614 4.5450000000000008 950.45000000000016 7.5550000000000006 10.250000000000002
decision_type=2 2 2 10 2 2 2 2 2 2 2 2 2 2 2 2 10 2 2 10 2 2 2 2 2 2 10 2 10 2
left_child=1 11 14 4 5 13 -2 21 27 10 -5 20 15 -4 -3 17 -17 -13 28 -10 29 22 -8 24 -24 -23 -20 -9 -14 -1
right_child=6 2 3 9 -6 -7 7 8 19 -11 -12 12 18 -15 -16 16 -18 -19 26 -21 -22 25 23 -25 -26 -27 -28 -29 -30 -31
leaf_value=0.0069205448505968202 1.5726639397709785e-05 -0.0028114864835011638 -0.0037480334128539936 -3.9645106501394567e-05 0.0047721150711634601 0.0027758994676811868 -0.0017808022135049008 -0.0012810917009287415 -0.00054104088087444436 0.0001329110273698584 -0.00032821409743967765 -0.00022252604667603876 0.00063460090402977685 0.0013926577203752101 0.00037132490816300419 4.9120107383581564e-05 -0.00067005138949044604 0.0018869856392979732 -0.00013736540010707271 4.2031755888715178e-05 -0.00027209323108086966 0.00011859818675851938 -0.00029335815205637657 -0.00043913100252072955 0.0030105543003786542 -0.0045020905678248117 -0.0057534858465744963 0.0023677218381031803 -0.002302029887967713 -4.3320316404477514e-05
leaf_weight=63 2320 278 90 361 988 709 270 816 3419 191 156 259 6274 1058 1002 149 1323 417 589 688 1079 2859 348 6622 248 54 78 63 339 177
leaf_count=63 2320 278 90 361 988 709 270 816 3419 191 156 259 6274 1058 1002 149 1323 417 589 688 1079 2859 348 6622 248 54 78 63 339 177
internal_value=-0.000379427 0.00179846 0.00551831 0.00791162 0.0107873 0.00722132 -0.0022957 -0.0028836 -0.00527076 -0.00364407 -0.00794971 0.000125616 0.000795503 0.00287456 -0.001125 -0.00304469 -0.00546196 0.00221893 0.00192857 -0.00402484 -0.00466262 -0.00173926 -0.00266827 -0.0022527 0.00422819 0.000648816 -0.004003 -0.0110922 0.00252684 0.0045
internal_weight=33287 15580 4833 3553 2845 1857 17707 15387 4986 708 517 10747 9428 1148 1280 2148 1472 676 7280 4107 1319 10401 7488 7218 596 2913 667 879 6613 240
internal_count=33287 15580 4833 3553 2845 1857 17707 15387 4986 708 517 10747 9428 1148 1280 2148 1472 676 7280 4107 1319 10401 7488 7218 596 2913 667 879 6613 240
is_linear=0
shrinkage=0.03


Tree=43
num_leaves=31
num_cat=0
split_feature=3 11 4 11 8 10 2 2 6 11 11 6 8 11 9 10 11 9 6 2 10 11 4 11 11 2 6 3 9 11
split_gain=147.978 46.6803 49.4539 44.3911 41.6017 44.4509 39.8862 51.3699 38.8983 43.1843 42.2926 37.3232 40.536 36.7167 39.5622 36.3764 36.173 32.4369 67.6525 39.8173 33.9216 31.4102 31.214 30.4608 30.9655 30.3704 29.1509 27.6974 26.9923 26.6652
threshold=162.50000000000003 -0.93545489084327571 27.250000000000004 -0.41398024697495356 8.5322875837485341 0.37940952255126048 10.865 6.6650000000000009 1.2146742974823603 0.97314989601849466 -0.75015329512557205 1.1170245335299753 149.58186310187338 0.99865421017599998 0.12940952255126045 -0.12940952255126037 -0.97113884758256674 0.60355339059327384 1.165596096439302 9.4150000000000009 -0.37940952255126015 -0.29343379936893921 -0.14999999999999999 -0.48314718476766422 -0.52766804058324157 9.6950000000000021 1.1571425004113505 242.50000000000003 -0.60355339059327362 0.9916835347852474
decision_type=2 2 2 2 2 2 10 10 2 2 2 2 2 2 2 2 2 2 2 10 2 2 2 2 2 10 2 2 2 2
left_child=1 16 6 15 -2 -6 7 8 9 -3 -10 12 27 14 29 -4 26 18 -9 22 -20 -8 -19 24 -12 -13 28 -7 -1 -11
right_child=4 2 3 -5 5 11 21 17 10 13 23 25 -14 -15 -16 -17 -18 19 20 -21 -22 -23 -24 -25 -26 -27 -28 -29 -30 -31
leaf_value=-0.00072412067996505244 1.525484021577849e-05 0.0010746041042387613 -0.0015261796320191036 0.00012949927246778706 -0.00026299691646117679 -0.00061693689569091901 -0.00024073909506595206 -0.0014195570796691861 0.0072364422434451807 -0.00022580901967555897 -0.00056644061213757661 -0.00051699758051728588 -0.0049502121879397573 0.00321725013297227 -0.00077980501423508854 6.4869377611007084e-05 -0.00052402027091285057 0.0010051419876646987 0.0030959255177234282 -8.9531717713332146e-06 0.00045752531508005175 -3.876844061669781e-05 0.0035979354984789587 -1.5784658371699775e-05 -0.0026925612459906116 4.266512103311227e-05 0.00061412088769301264 0.00097344135982667987 -5.6789069473571503e-05 0.0052458578554281715
leaf_weight=166 2320 4382 332 1170 10401 338 60 592 124 211 215 3192 513 148 330 201 533 205 632 260 1148 172 827 2696 69 760 400 183 607 100
leaf_count=166 2320 4382 332 1170 10401 338 60 592 124 211 215 3192 513 148 330 201 533 205 632 260 1148 172 827 2696 69 760 400 183 607 100
internal_value=-0.000368612 0.0017638 0.00233963 -0.00244862 -0.00224487 -0.00280951 0.00300961 0.00324902 0.00193958 0.00353317 -0.000715206 -0.00513839 -0.0102128 -0.00292776 -0.00603744 -0.00962477 -0.00291911 0.00620633 0.0041231 0.010031 0.00704494 -0.00931034 0.0126744 -0.00142953 -0.0107746 -0.00381073 2.55754e-05 -0.00431862 -0.00337646 0.00163987
internal_weight=33287 15580 13874 1703 17707 15387 12171 11939 8275 5171 3104 4986 1034 789 641 533 1706 3664 2372 1292 1780 232 1032 2980 284 3952 1173 521 773 311
internal_count=33287 15580 13874 1703 17707 15387 12171 11939 8275 5171 3104 4986 1034 789 641 533 1706 3664 2372 1292 1780 232 1032 2980 284 3952 1173 521 773 311
is_linear=0
shrinkage=0.03


Tree=44
num_leaves=31
num_cat=0
split_feature=3 1 7 5 5 1 11 7 11 11 7 7 10 13 11 11 12 3 5 3 12 11 12 1 7 5 5 12 9 5
split_gain=142.307 81.0706 75.6093 118.445 53.8031 46.062 45.6186 42.0324 38.7648 32.1377 32.0732 41.4721 34.4502 32.9879 30.728 35.535 31.9596 30.3822 30.2962 29.0289 28.6088 28.5279 27.1985 31.9488 31.2278 30.1032 26.019 24.9274 23.5786 48.9286
threshold=92.500000000000014 4.1050000000000013 834.5672545000001 949.85000000000002 959.25000000000011 5.5450000000000008 -0.32614396506100213 1.9767505000000003 0.7090011537757156 -0.90163369914317015 1365.7845145000001 251.83777950000004 -0.37940952255126015 9.5000000000000018 -0.52032787705993211 0.82414472752956958 -0.96234030595689413 48.500000000000007 960.55000000000007 162.50000000000003 -0.91595872546125101 0.97696484778429815 -0.34234976856068178 2.0050000000000003 116.5722205 950.05000000000007 968.55000000000007 -0.97507822412530132 0.60355339059327384 953.95000000000016
decision_type=2 2 2 2 2 2 2 2 2 2 2 2 2 2 2 2 2 2 2 2 2 2 2 2 2 2 2 2 2 2
left_child=1 28 3 14 5 17 9 -2 -8 -4 11 12 21 -13 -3 16 27 -5 -10 22 -12 -9 25 24 -24 -14 -15 -16 29 -1
right_child=7 2 6 4 -6 -7 8 10 18 -11 20 13 19 26 15 -17 -18 -19 -20 -21 -22 -23 23 -25 -26 -27 -28 -29 -30 -31
leaf_value=-0.00029414663867787335 2.7131055190661684e-05 -0.0030400995593280536 4.816394559619975e-05 -0.0043407648754699019 0.0045988190276980458 0.0029087734584830557 0.00014398120958351634 0.00021535327789971501 -2.0223767035866811e-05 -0.00034561334330862473 -0.0055694119147370481 -0.0024825051255354083 0.00018942610149639549 0.00095230578588361467 0.00079551202845840995 -0.004860516242180383 0.0041328101594982859 0.00156531758361925 -0.00048509371082338103 -0.00024954886084282247 6.7606913552836653e-05 -0.00035104951675115384 -0.00016056054910825544 0.0011259822358250474 -0.0049929061182090286 0.0023587551188164694 -0.007891861247627004 -0.0062624887762579816 -0.00014960921932863103 0.0014131330550294923
leaf_weight=1967 1668 218 131 72 785 649 359 4012 195 211 113 4655 849 987 177 156 390 763 44 5808 1769 262 1294 637 68 195 82 49 2204 2518
leaf_count=1967 1668 218 131 72 785 649 359 4012 195 211 113 4655 849 987 177 156 390 763 44 5808 1769 262 1294 637 68 195 82 49 2204 2518
internal_value=-0.000372217 0.00244122 0.0057085 0.00787051 0.0116483 0.00828841 -0.00178723 -0.00173981 0.0032107 -0.0105263 -0.00210844 -0.0024813 -0.001552 -0.00461216 -0.000787879 0.00202073 0.00525974 0.00362874 -0.00615063 -0.00262004 0.00162593 0.000659803 -0.000246467 -0.00229615 -0.00488987 0.00367816 0.000140318 -0.00371681 0.000390193 0.0016388
internal_weight=33287 10888 4199 3259 2269 1484 940 22399 598 342 20731 18849 13125 5724 990 772 616 835 239 8851 1882 4274 3043 1999 1362 1044 1069 226 6689 4485
internal_count=33287 10888 4199 3259 2269 1484 940 22399 598 342 20731 18849 13125 5724 990 772 616 835 239 8851 1882 4274 3043 1999 1362 1044 1069 226 6689 4485
is_linear=0
shrinkage=0.03


Tree=45
num_leaves=31
num_cat=0
split_feature=3 1 7 5 5 1 8 11 11 7 3 11 10 8 11 3 11 11 12 15 12 11 12 11 5 8 5 5 12 12
split_gain=131.09 75.9831 65.7873 134.115 50.7582 54.0604 43.4263 40.6203 32.8398 32.3711 31.8314 63.5947 43.4194 35.46 30.8304 30.7046 30.2797 30.0083 31.6887 31.358 29.5752 27.6062 26.1964 33.4637 30.4229 27.9031 26.6623 25.2124 24.9046 24.3478
threshold=89.500000000000014 3.8450000000000002 850.62475750000033 959.25000000000011 949.55000000000007 5.5450000000000008 9.1122943245260988 -0.32614396506100213 0.7090011537757156 1365.7845145000001 156.50000000000003 -0.92923668111203805 0.37940952255126048 331.59105189611415 -0.90163369914317015 48.500000000000007 -0.52032787705993211 -0.91597725483594616 -0.93543596745397617 0.50243055555555571 0.2332836900311728 0.06553689391773225 0.67007489853957602 -0.0053757284505435614 950.05000000000007 141.30972401418384 954.55000000000007 953.85000000000002 -0.94703994556331683 -0.99983123799342477
decision_type=2 2 2 2 2 2 2 2 2 2 2 2 2 2 2 2 2 2 2 10 2 2 2 2 2 2 2 2 2 2
left_child=1 -1 3 4 16 15 21 14 -9 10 11 -8 13 17 -4 -6 -3 19 -19 -12 -10 27 24 26 25 -13 -24 -2 -11 -15
right_child=6 2 7 -5 5 -7 9 8 20 28 12 22 -14 29 -16 -17 -18 18 -20 -21 -22 -23 23 -25 -26 -27 -28 -29 -30 -31
leaf_value=6.3843465621090743e-06 0.00011792560578479427 -0.0027092358436627537 4.6719027228313752e-05 0.0045203225101508576 -0.0037624820528142358 0.0027005727921147215 -0.00078321149186750768 0.00013504915572368388 5.0672712190764098e-05 -0.0059839824312978279 0.0017537942046630896 0.00028059388347190315 -0.00061343471715206402 0.0052638496623036747 -0.00033102883473241278 0.00136015384270729 0.0005184436778831983 0.00068994039958141852 -0.0003465966098519025 -0.00078467172857505448 -0.00037451045736517166 6.2528157764070872e-05 0.0038888685146038402 -0.00051450736394248117 0.0016617460837860525 -0.0035125432727617176 -0.00026009392288304156 -2.434540047460269e-05 6.1347819699635731e-05 -0.0020468126014547409
leaf_weight=5610 1288 234 127 955 88 678 379 347 137 97 578 773 4471 44 204 1010 831 956 3790 170 85 1438 169 653 1262 204 535 852 1794 3528
leaf_count=5610 1288 234 127 955 88 678 379 347 137 97 578 773 4471 44 204 1010 831 956 3790 170 85 1438 169 653 1262 204 535 852 1794 3528
internal_value=-0.000401057 0.00241025 0.00522572 0.00695469 0.00368532 0.00679054 -0.00166181 -0.00206667 0.00279438 -0.00222182 -0.00262449 -0.000264151 -0.00331757 -0.00212442 -0.010423 0.0026776 -0.00149296 -0.000611576 -0.00149178 0.00497326 -0.00621622 0.00137507 0.000967742 -0.0023213 0.00296114 -0.00101331 0.00221591 -0.000785047 0.00150714 -0.00445129
internal_weight=33287 10306 4696 3796 2841 1776 22981 900 569 19403 17512 3975 13537 9066 331 1098 1065 5494 4746 748 222 3578 3596 1357 2239 977 704 2140 1891 3572
internal_count=33287 10306 4696 3796 2841 1776 22981 900 569 19403 17512 3975 13537 9066 331 1098 1065 5494 4746 748 222 3578 3596 1357 2239 977 704 2140 1891 3572
is_linear=0
shrinkage=0.03


Tree=46
num_leaves=31
num_cat=0
split_feature=3 1 7 5 10 12 12 5 8 1 7 11 3 11 13 10 11 5 5 7 13 12 4 9 4 11 7 5 9 13
split_gain=126.923 71.1813 64.5243 131.363 49.2725 62.6119 45.8921 46.1329 39.5016 33.0777 31.557 31.3155 30.877 60.0363 43.1368 42.4599 34.0874 28.8193 27.8747 31.6579 26.8634 25.4321 25.0062 24.1844 23.879 23.1831 23.1334 31.546 28.7891 37.7673
threshold=89.500000000000014 3.8450000000000002 813.4733705000001 958.1500000000002 0.25881904510252057 0.33222858587828868 0.86869874770991873 959.6500000000002 9.1122943245260988 5.205000000000001 1365.7845145000001 -0.32614396506100213 156.50000000000003 -0.92923668111203805 2.5000000000000004 0.60355339059327384 0.41398981800788198 947.35000000000002 945.35000000000002 118.7331295 9.5000000000000018 -0.85225707553516283 -1.2499999999999998 0.37940952255126054 28.750000000000004 0.99865421017599998 431.22504550000002 952.75000000000011 0.60355339059327384 4.5000000000000009
decision_type=2 2 2 2 2 2 2 2 2 2 2 2 2 2 2 2 2 2 2 2 2 2 2 2 2 2 2 2 2 2
left_child=1 25 3 4 5 -3 7 -4 20 -6 12 -8 13 -10 -15 16 -14 23 19 -17 -2 -12 -5 -18 -16 26 28 -28 -1 -30
right_child=8 2 6 22 9 -7 11 -9 10 -11 21 -13 15 14 24 18 17 -19 -20 -21 -22 -23 -24 -25 -26 -27 27 -29 29 -31
leaf_value=0.00047996230558841781 5.8694859927864645e-05 -0.0011233896054014408 -5.0366794219360714e-05 0.0027788361328232383 0.0015421198034510114 0.0017643013484950141 -0.00012563480435437598 -0.00043177944762986446 -0.0007597151471114825 0.0043776104859869552 -0.0034430324891137564 0.00012759348538334171 -0.00021423429890510219 -0.00037768203081695007 0.0007907367003193045 -0.0004081759705204427 0.00041631263844801788 -0.00077930731967706056 -0.00054973640493724682 -0.0047807649924593732 -1.9557862595865023e-05 6.7007702033854285e-05 0.005150761019154391 0.0076758649161250015 -0.0018507642923216033 0.0071527176153056878 -0.0060383206406205911 0.0015208659139329616 -0.00043582191399951813 3.8961111635906501e-05
leaf_weight=3211 2652 1045 437 378 579 567 39 152 379 440 204 345 6708 816 2705 260 197 3117 2951 265 926 1687 714 39 75 73 243 176 657 1250
leaf_count=3211 2652 1045 437 378 579 567 39 152 379 440 204 345 6708 816 2705 260 197 3117 2951 265 926 1687 714 39 75 73 243 176 657 1250
internal_value=-0.0004317 0.00233456 0.00505963 0.00685737 0.00322691 -3.72208e-05 -0.00181912 -0.0070798 -0.00167225 0.00839058 -0.00220636 0.00625 -0.00260393 -0.000279245 0.000917686 -0.00328655 -0.00229898 -0.00476886 -0.00614499 -0.0125143 0.00122415 0.00147541 0.0156044 0.00533898 0.00269784 5.34759e-05 -0.000167961 -0.00694511 0.00038687 -0.00253277
internal_weight=33287 10306 4696 3723 2631 1612 973 589 22981 1019 19403 384 17512 3975 3596 13537 10061 3353 3476 525 3578 1891 1092 236 2780 5610 5537 419 5118 1907
internal_count=33287 10306 4696 3723 2631 1612 973 589 22981 1019 19403 384 17512 3975 3596 13537 10061 3353 3476 525 3578 1891 1092 236 2780 5610 5537 419 5118 1907
is_linear=0
shrinkage=0.03


Tree=47
num_leaves=31
num_cat=0
split_feature=3 1 5 2 1 5 12 12 8 3 2 2 12 11 5 11 5 12 1 11 3 5 2 5 15 12 12 5 12 12
split_gain=124.757 70.3971 71.0968 93.6515 75.5778 58.9754 45.7063 37.5153 36.5743 35.7061 35.425 34.9861 32.5088 30.726 29.115 29.085 28.514 24.8352 42.0523 39.0565 41.6074 35.4154 28.8406 28.3986 26.8009 24.7481 24.4324 23.6494 21.6213 22.3705
threshold=89.500000000000014 3.2250000000000005 949.35000000000002 9.3350000000000026 5.5450000000000008 959.55000000000007 0.86869874770991873 0.2332836900311728 26.72495831651073 58.500000000000007 7.5550000000000006 11.095000000000001 0.69521084835931835 -0.52032787705993211 952.55000000000007 -0.29343379936893921 954.25000000000011 0.11478523713130605 2.0150000000000001 -0.97113884758256674 138.50000000000003 947.6500000000002 5.9450000000000012 958.85000000000002 0.40010416666666671 -0.94703994556331683 -0.039769286347669845 957.75000000000011 -0.42958798411962301 -0.19337245081799007
decision_type=2 2 2 10 2 2 2 2 2 2 10 10 2 2 2 2 2 2 2 2 2 2 10 2 10 2 2 2 2 2
left_child=1 10 13 4 5 9 7 16 14 -4 -1 17 -7 -3 -2 -8 -5 22 -19 23 -21 -22 24 -20 -10 -13 -26 28 -6 -30
right_child=8 2 3 6 27 12 15 -9 11 -11 -12 25 -14 -15 -16 -17 -18 18 19 20 21 -23 -24 -25 26 -27 -28 -29 29 -31
leaf_value=-2.5107254591043345e-05 0.00021429326306810097 -0.0021681600270699367 -0.001865148305306044 -0.00015439286461024223 0.0040143148325505803 0.00681292359312254 -7.2720405638168341e-05 -0.00034389057298377324 -0.00016966103662831533 0.0017062449550761998 -0.0096607723958049858 -0.00570117198368548 0.0026737063545285546 0.00030803254181567037 -1.4453926548759502e-05 0.00012716504153303037 0.00030827407656921216 -0.00072579058417457311 0.0035440347873162076 0.0014472331772581409 0.0065167652677742211 -0.00086989804653779415 -0.0022837646692602724 -0.0046665693848272367 -0.00057001097200253198 6.0473495947890254e-05 -0.0015936657684504343 0.0047901611307464287 -0.0032239365119153944 0.0021222263218479112
leaf_weight=4063 3082 343 344 131 164 352 87 261 3360 1475 84 97 739 1182 3014 256 52 1374 198 1186 61 2882 4492 31 1271 1793 140 339 63 371
leaf_count=4063 3082 343 344 131 164 352 87 261 3360 1475 84 97 739 1182 3014 256 52 1374 198 1186 61 2882 4492 31 1271 1793 140 339 63 371
internal_value=-0.000437108 0.00230545 0.00433999 0.00618904 0.00811801 0.00573196 -0.00324015 -0.00959459 -0.00166703 0.00242441 -0.00071618 -0.00238614 0.0112466 -0.00127869 0.000324803 0.00498542 0.000819672 -0.00287096 -0.00131891 0.00012391 -0.000544926 -0.00245668 -0.00383137 0.0121834 -0.00220708 0.00146032 -0.00567682 0.0155283 0.0119398 0.00843318
internal_weight=33287 10306 6159 4634 3847 2910 787 444 22981 1819 4147 16885 1091 1525 6096 343 183 14995 5732 4358 4129 2943 9263 229 4771 1890 1411 937 598 434
internal_count=33287 10306 6159 4634 3847 2910 787 444 22981 1819 4147 16885 1091 1525 6096 343 183 14995 5732 4358 4129 2943 9263 229 4771 1890 1411 937 598 434
is_linear=0
shrinkage=0.03


Tree=48
num_leaves=31
num_cat=0
split_feature=3 1 2 5 10 6 8 10 1 4 5 5 5 8 4 13 4 13 1 3 3 3 2 9 13 4 8 8 6 15
split_gain=117.379 66.9533 60.7461 125.962 47.1588 44.8713 34.9119 41.8768 33.3094 33.1895 50.8978 29.4432 28.76 36.6889 26.482 25.936 25.3007 23.8545 21.4993 25.5636 21.9299 21.0757 20.6061 26.2434 33.0791 20.9209 20.5764 30.472 22.5891 20.2048
threshold=89.500000000000014 3.8450000000000002 9.3350000000000026 958.1500000000002 0.25881904510252057 1.165596096439302 26.72495831651073 0.60355339059327384 5.205000000000001 0.45000000000000007 959.6500000000002 958.85000000000002 946.85000000000002 132.26261849449864 21.550000000000004 8.5000000000000018 -1.2499999999999998 1.5000000000000002 6.7150000000000007 126.50000000000001 221.50000000000003 64.500000000000014 7.8850000000000007 0.60355339059327384 4.5000000000000009 27.250000000000004 1688.5366889951245 331.59105189611415 1.0676754019247003 0.1524471618357488
decision_type=2 2 10 2 2 2 2 2 2 2 2 2 2 2 2 2 2 2 2 2 2 2 10 2 2 2 2 2 2 8
left_child=1 22 3 4 5 -3 14 15 -6 11 -11 -4 13 -9 -2 26 -5 -14 19 -19 -21 -10 23 25 -25 29 27 -8 -29 -1
right_child=6 2 9 16 8 -7 7 12 21 10 -12 -13 17 -15 -16 -17 -18 18 -20 20 -22 -23 -24 24 -26 -27 -28 28 -30 -31
leaf_value=-0.00033043770729810891 -9.5312198595526005e-06 -0.00082554140294020318 0.00034876521539961493 0.002612235306475261 0.0014908232751376668 0.0020904883299934082 -0.00026601869860996792 -0.00046278412906322993 0.0021409777966685901 -1.6306117012067e-05 -0.00043153386775904843 -3.2636142889753971e-06 -0.0012232100850948801 -0.0042231602917057109 0.00040129235141458187 0.00011060246657582266 0.0048379625575984261 9.7816826635720947e-05 7.9319597668592017e-05 -0.001067909411326826 -0.00095336951265561059 0.0046904016636911041 -0.0038509687376319327 -0.00040295875241408105 3.8545495924560604e-05 -0.00033369591588659325 4.7134244566393084e-05 0.0018736810586943075 -0.0025800401618591619 0.0012290780824193422
leaf_weight=722 4234 1203 105 378 579 409 4533 420 181 498 158 212 403 494 1862 3636 714 908 378 664 1462 259 264 690 1254 306 913 141 2933 2374
leaf_count=722 4234 1203 105 378 579 409 4533 420 181 498 158 212 403 494 1862 3636 714 908 378 664 1462 259 264 690 1254 306 913 141 2933 2374
internal_value=-0.000447923 0.0022123 0.0048552 0.00659952 0.00304447 -0.000148883 -0.00164092 -0.0023435 0.00809617 -0.00181912 -0.00567073 0.00615142 -0.00473885 -0.0095186 0.000305118 -0.00141165 0.0151648 -0.00359371 -0.00277843 -0.00361898 -0.00541863 0.0143182 0 0.00040404 -0.00237654 0.00199295 -0.0023169 -0.00282766 -0.00513338 0.00273256
internal_weight=33287 10306 4696 3723 2631 1612 22981 16885 1019 973 656 317 4729 914 6096 12156 1092 3815 3412 3034 2126 440 5610 5346 1944 3402 8520 7607 3074 3096
internal_count=33287 10306 4696 3723 2631 1612 22981 16885 1019 973 656 317 4729 914 6096 12156 1092 3815 3412 3034 2126 440 5610 5346 1944 3402 8520 7607 3074 3096
is_linear=0
shrinkage=0.03


Tree=49
num_leaves=31
num_cat=0
split_feature=3 3 5 12 2 8 11 12 11 11 9 5 11 8 5 5 2 2 13 6 12 5 6 12 13 11 12 11 11 11
split_gain=108.278 44.5389 58.3339 72.2586 46.4228 64.6975 50.2339 46.2369 45.3074 57.9772 41.8598 39.78 36.1656 32.7885 30.4447 29.6826 28.2183 27.2642 32.2157 25.4199 24.5356 24.4842 24.1017 26.5728 23.1648 22.5051 25.1843 26.4436 22.7843 21.7001
threshold=89.500000000000014 61.500000000000007 949.55000000000007 -0.46039597980994923 9.3350000000000026 320.29527777447714 0.73283908552571664 0.95436825032516992 -0.12546116083924153 -0.30983472475487867 0.78656609248549325 966.1500000000002 -0.67803021058859214 9.1122943245260988 953.95000000000016 952.55000000000007 11.095000000000001 6.3150000000000004 9.5000000000000018 1.2146742974823603 -0.94703994556331683 968.55000000000007 1.0807065599000494 -0.98801846520836312 9.5000000000000018 0.31799963745711152 -0.78324956448884031 -0.96235977360714686 0.41398981800788198 0.87397152483179585
decision_type=2 2 2 2 10 2 2 2 2 2 2 2 2 2 2 2 10 8 2 2 2 2 2 2 2 2 2 2 2 2
left_child=1 29 12 -4 5 -5 8 -6 9 10 15 -10 -3 24 -8 -7 17 -15 22 -14 -18 -20 23 -19 -2 26 -24 -28 -27 -1
right_child=13 2 3 4 7 6 14 -9 11 -11 -12 -13 19 16 -16 -17 20 18 21 -21 -22 -23 25 -25 -26 28 27 -29 -30 -31
leaf_value=-5.2554961270161529e-06 5.0404379540226796e-05 -0.0020809481083155237 0.0050054944090345242 0.00033334679242399837 -0.00011621105773759119 -0.0033500441011742868 0.00096625905546347791 0.00012600255925689752 -0.0010148206579906136 0.0056738404133678082 0.0040408517386425254 0.0049911404366110778 0.00033699478378947524 -0.00021046469773781693 0.0051230504991744827 0.0019079605595780991 -0.0054814766788582551 0.0024832278063343003 0.00096399319578991272 -0.0085933329329977402 6.0529710721253052e-05 -0.0075859958040530783 -0.0057521933535592601 -0.00080103393338137982 -1.8508067254063212e-05 0.0020409615564471193 -0.0073257028408250839 -0.0010586813896094514 -0.0021483603160719305 -0.00046616856631878835
leaf_weight=2591 2652 357 400 2211 517 121 149 163 628 182 215 54 1332 11610 479 554 97 119 1052 31 1793 82 771 395 926 228 229 860 2167 322
leaf_count=2591 2652 357 400 2211 517 121 149 163 628 182 215 54 1332 11610 479 554 97 119 1052 31 1793 82 771 395 926 228 229 860 2167 322
internal_value=-0.00045333 0.00210169 0.00333965 0.00480698 0.00387445 0.00495754 0.00838791 -0.00344118 0.00578107 0.00962687 0.00647191 -0.00026393 -0.0015 -0.00159915 0.0156688 0.0028 -0.00208576 -0.0024616 -0.00412163 0.000726339 0.00139683 0.00042328 -0.00520235 0.000933852 0.00103969 -0.0059436 -0.00841935 -0.00548209 -0.00402088 -0.00104016
internal_weight=33287 10306 7393 5673 5273 4593 2382 680 1754 1072 890 682 1720 22981 628 675 19403 17513 5903 1363 1890 1134 4769 514 3578 4255 1860 1089 2395 2913
internal_count=33287 10306 7393 5673 5273 4593 2382 680 1754 1072 890 682 1720 22981 628 675 19403 17513 5903 1363 1890 1134 4769 514 3578 4255 1860 1089 2395 2913
is_linear=0
shrinkage=0.03


Tree=50
num_leaves=31
num_cat=0
split_feature=3 3 5 12 2 8 12 5 12 11 4 11 8 10 12 3 12 12 5 11 6 10 15 11 6 13 13 11 11 12
split_gain=103.537 42.9784 56.1444 71.492 45.6735 68.0906 45.7514 45.2662 54.2396 33.8226 32.6918 31.8965 31.129 38.4381 30.5542 28.0683 27.1421 32.8429 26.4279 25.5694 42.3299 29.2945 25.2184 28.5469 25.0415 24.5307 24.1971 29.2102 28.1035 25.6457
threshold=89.500000000000014 61.500000000000007 949.55000000000007 -0.46039597980994923 9.2150000000000016 422.99898585756551 0.95436825032516992 953.6500000000002 0.99138911339924218 -0.69057362043749781 -3.3499999999999992 1.0000000180025095e-35 26.72495831651073 0.60355339059327384 -0.86974577485258975 117.50000000000001 0.94909129669788206 0.51849435583340198 952.55000000000007 0.74443451080969758 1.1510899653597704 0.1294095225512602 0.19007260101010101 0.048362692321690152 1.2146742974823603 2.5000000000000004 8.5000000000000018 -0.0053757284505435614 -0.091260668982868151 -0.99052477729077237
decision_type=2 2 2 2 10 2 2 2 2 2 2 2 2 2 2 2 2 2 2 2 2 2 8 2 2 2 2 2 2 2
left_child=1 -1 9 -4 5 19 -6 10 16 -3 -7 -10 18 26 15 -15 17 -9 -2 22 21 -21 -5 -24 -11 -16 29 28 -28 -14
right_child=12 2 3 4 6 7 -8 8 11 24 -12 -13 13 14 25 -17 -18 -19 -20 20 -22 -23 23 -25 -26 -27 27 -29 -30 -31
leaf_value=-5.984666147362057e-05 0.00020314893942034081 -0.0020185196650660581 0.0048553295767634888 -0.00097640114593835169 -0.0001160999078938027 -0.0058906252105180596 0.00012349704838329336 0.0041976052294779203 -0.0048462898883667171 0.00027234728563176638 0.0012694999497591182 0.0026798160300804978 0.00070087616708856642 0.00075164885620948162 -0.0010896329226037496 -0.0014939786025695264 0.0055036252009667743 0.00289452874041211 -1.3829849537922314e-05 -0.0023352137660396844 0.0050796824139473775 0.0063343758217629404 0.002124380836474129 -0.00078110849992651466 -0.0083355329450078095 -0.00049694493878649172 0.00010271676612200929 -0.0043183995859604404 0.0040462007131701087 -0.00055365530284953366
leaf_weight=2913 3082 317 400 584 555 33 180 423 118 1372 339 93 691 87 656 647 170 556 3014 115 632 61 1043 371 31 3339 3476 63 97 7829
leaf_count=2913 3082 317 400 584 555 33 180 423 118 1372 339 93 691 87 656 647 170 556 3014 115 632 61 1043 371 31 3339 3476 63 97 7829
internal_value=-0.0004317 0.00206676 0.00328284 0.00472237 0.0037948 0.00491847 -0.00314286 0.00959584 0.0121324 -0.00146512 0.000322581 -0.00184834 -0.00155215 -0.00221558 -0.00451047 -0.0101362 0.0146997 0.0127783 0.000285433 0.00203136 0.00653465 -0.00647727 0.00021021 0.00237624 0.000534569 -0.00347685 -0.0013228 0.000726073 0.00108312 -0.00219718
internal_weight=33287 10306 7393 5673 5273 4538 735 1732 1360 1720 372 211 22981 16885 4729 734 1149 979 6096 2806 808 176 1998 1414 1403 3995 12156 3636 3573 8520
internal_count=33287 10306 7393 5673 5273 4538 735 1732 1360 1720 372 211 22981 16885 4729 734 1149 979 6096 2806 808 176 1998 1414 1403 3995 12156 3636 3573 8520
is_linear=0
shrinkage=0.03


Tree=51
num_leaves=31
num_cat=0
split_feature=3 1 5 8 1 5 3 5 6 11 2 8 3 2 3 11 6 11 11 11 11 6 11 10 5 11 11 11 15 11
split_gain=97.3935 60.7648 58.8858 92.2237 72.6783 44.7575 42.7533 42.137 65.3746 32.5045 28.1798 27.6513 27.1068 24.2445 30.0836 61.531 36.0646 29.8093 42.294 30.8118 26.7224 25.8949 24.0039 28.6428 24.7872 30.4509 28.8425 23.7706 45.5005 33.2106
threshold=84.500000000000014 3.2250000000000005 952.25000000000011 921.59286930686164 5.5450000000000008 960.1500000000002 58.500000000000007 958.6500000000002 1.2290660013640982 -0.41398024697495356 7.6850000000000014 1.7873021571879717 66.500000000000014 11.095000000000001 162.50000000000003 -0.92923668111203805 1.0807065599000494 0.85673801594079257 0.95242846126021108 0.031174179426909168 -0.074117382312902977 1.0797915205322228 0.82414472752956958 0.37940952255126048 945.85000000000002 -0.30163705152652742 0.59177612190863982 -0.92274349529687905 0.34993497474747481 -0.89406062840022227
decision_type=2 2 2 2 2 2 2 2 2 2 10 2 2 10 2 2 2 2 2 2 2 2 2 2 2 2 2 2 10 2
left_child=1 10 9 4 5 6 -4 -5 -9 -3 -1 -2 -6 14 15 -13 -16 19 -19 20 21 -17 24 -24 25 -11 -27 28 -18 -29
right_child=11 2 3 7 12 -7 -8 8 -10 22 -12 13 -14 -15 16 17 27 18 -20 -21 -22 -23 23 -25 -26 26 -28 29 -30 -31
leaf_value=-4.8284136162411608e-05 3.1042292739685525e-05 -0.0012961302748070178 -0.0023444052440695228 0.00011286432232839275 0.0019960355997885103 0.0041207271175997175 0.0019753091348672759 -0.00045182606751587224 1.4716464117469492e-06 0.0096956944858332863 -0.009359662537810896 -0.00043542828103947703 0.0044582256202786398 4.7710517310384073e-05 0.00034322517617515845 -0.0033108486287813854 0.00061592436372922578 0.0035490447608531729 0.00016911319744648414 -0.00025839549605608539 0.0026411124192511938 0.00026804411321193088 -0.0025208123165691978 0.0027570603060630399 0.0019521332864240678 -0.0013218731038403041 0.0048836789701224717 -0.0013321781214595239 -0.00044369956057599598 -0.00029643004374841866
leaf_weight=3556 1448 746 270 305 255 911 1039 161 249 55 64 568 415 1917 1305 41 1254 319 660 1777 258 2014 279 117 559 366 67 288 693 11331
leaf_count=3556 1448 746 270 305 255 911 1039 161 249 55 64 568 415 1917 1305 41 1254 319 660 1777 258 2014 279 117 559 366 67 288 693 11331
internal_value=-0.000429898 0.00215424 0.00405937 0.00641609 0.00880277 0.00618919 0.0026356 -0.00323077 -0.0095122 0.000178164 -0.000895028 -0.00144892 0.0174627 -0.00170836 -0.00200995 -0.000143693 -0.00271737 0.000905504 0.00560776 -0.000220049 0.00206226 0.000919708 0.00280665 -0.00348485 0.00518625 0.000245902 -0.00242494 -0.00317559 -0.000107858 -0.00368965
internal_weight=33287 9414 5794 3605 2890 2220 1309 715 410 2189 3620 23873 670 22425 20508 5637 14871 5069 979 4090 2313 2055 1443 396 1047 488 433 13566 1947 11619
internal_count=33287 9414 5794 3605 2890 2220 1309 715 410 2189 3620 23873 670 22425 20508 5637 14871 5069 979 4090 2313 2055 1443 396 1047 488 433 13566 1947 11619
is_linear=0
shrinkage=0.03


Tree=52
num_leaves=31
num_cat=0
split_feature=6 1 5 1 10 12 12 11 11 11 1 15 11 11 5 12 2 1 12 5 10 12 15 8 6 12 11 5 11 2
split_gain=34.1034 74.3548 45.7216 40.6364 23.2637 31.0411 30.1833 20.9579 44.2376 27.995 25.0037 23.477 20.4523 22.1572 32.6678 19.8993 19.6503 48.0017 32.4296 39.9423 28.447 25.2542 23.9159 19.5937 24.4655 19.2881 26.9076 34.2181 19.0102 18.3002
threshold=1.1580252060112823 2.8450000000000002 947.75000000000011 1.1250000000000002 -0.12940952255126037 0.99024581825578073 0.48877522411129348 -0.75015329512557205 -0.83377653105606597 -0.72696319516528884 0.39500000000000007 0.25419117647058831 -0.97509794945709805 0.89404822654372251 960.1500000000002 1.0000000180025095e-35 4.2550000000000008 4.1050000000000013 -0.59867820553660911 953.35000000000002 0.1294095225512602 -0.99983123799342477 0.30465972222222226 802.91185372503708 1.1110459723061654 -0.056951011027366626 0.26866988313759588 954.95000000000016 0.94978112945126536 10.145000000000001
decision_type=2 2 2 2 2 2 2 2 2 2 2 10 2 2 2 2 10 2 2 2 2 2 10 2 2 2 2 2 2 10
left_child=3 2 -2 -1 6 -6 12 8 10 11 -4 -9 15 -14 -15 -3 18 -18 19 -5 21 -19 -20 25 -25 26 -22 -28 -16 -8
right_child=1 4 7 16 5 -7 29 9 -10 -11 -12 -13 13 14 28 -17 17 20 22 -21 23 -23 -24 24 -26 -27 27 -29 -30 -31
leaf_value=0.00033448783735354426 0.0043799871422338515 -0.0014413053340867374 -4.9482879786715483e-05 0.00025856760064654321 0.00011852098893592101 -0.0017828225606259366 0.0017735850651870114 -0.00060122272003547113 0.0029311329640789789 -5.7204986590105242e-05 3.5729736868393918e-06 -0.00014048791404267831 -0.00086306920476131039 -0.00012699198411671321 0.006206812554956709 0.0038878681977666538 -0.0015648796780382691 0.0035239372732623125 -2.0658863069070512e-06 -0.00059137916288937837 -0.00013262332493422404 -0.00068298201604498462 -0.00022695784899118374 -0.0048001493798311467 0.00012458539760579071 0.0046054738292271233 0.0042944826809466347 -0.0040373328569404867 0.00062233696438215933 -8.5303746095924388e-06
leaf_weight=1122 171 44 118 3405 4034 432 2262 89 275 5906 1375 60 349 540 64 93 3700 63 1108 128 564 4642 1113 174 550 81 358 69 65 333
leaf_count=1122 171 44 118 3405 4034 432 2262 89 275 5906 1375 60 349 540 64 93 3700 63 1108 128 564 4642 1113 174 550 81 358 69 65 333
internal_value=-0.000411873 0.00057372 -0.00148611 -0.00134743 0.0025779 0.00111509 0.00432 -0.00182155 0.00105204 -0.00266061 -0.000984595 -0.0155034 0.000285714 -0.00117878 0.00201794 0.0111679 -0.00173551 -0.00252622 -0.000333681 0.00145202 -0.000973696 -0.00219979 -0.00317425 0.00223831 -0.00157459 0.00481343 0.00366297 0.00934426 0.0155814 0.00611561
internal_weight=33287 16210 7994 17077 8216 4466 3750 7823 1768 6055 1493 149 1155 1018 669 137 15955 10201 5754 3533 6501 4705 2221 1796 724 1072 991 427 129 2595
internal_count=33287 16210 7994 17077 8216 4466 3750 7823 1768 6055 1493 149 1155 1018 669 137 15955 10201 5754 3533 6501 4705 2221 1796 724 1072 991 427 129 2595
is_linear=0
shrinkage=0.03


Tree=53
num_leaves=31
num_cat=0
split_feature=3 1 2 5 1 3 11 5 11 12 2 11 11 8 3 11 4 12 6 12 12 11 15 12 3 11 11 5 6 5
split_gain=93.974 59.5513 54.8308 98.5444 52.328 43.3341 40.4123 35.4931 34.0087 32.9236 31.5713 31.0347 32.497 29.6408 28.8704 65.1984 31.8357 33.0273 29.5596 41.2105 29.0816 28.1582 41.9059 43.9111 37.098 33.3425 64.6927 27.9652 27.0814 26.7557
threshold=84.500000000000014 3.2250000000000005 8.9250000000000025 959.25000000000011 4.4650000000000007 61.500000000000007 -0.29343379936893921 947.95000000000016 -0.67803021058859214 -0.50557503990954278 1.7750000000000001 0.7090011537757156 0.97314989601849466 1688.5366889951245 153.50000000000003 -0.92923668111203805 28.750000000000004 0.67007489853957602 1.0788274060257634 -0.98212955754013376 0.029024409397335523 -0.92274349529687905 0.34993497474747481 0.11478523713130605 292.50000000000006 -0.89406062840022227 -0.8781231054254196 959.6500000000002 1.2197114111980019 952.55000000000007
decision_type=2 2 10 2 2 2 2 2 2 2 8 2 2 2 2 2 2 2 2 2 2 2 10 2 2 2 2 2 2 2
left_child=1 -1 3 5 -5 -3 27 8 -7 -9 -2 -8 -13 14 15 20 17 -17 19 -16 -12 22 23 -20 -25 -23 -27 -4 -19 -11
right_child=10 2 6 4 -6 7 11 9 -10 29 13 12 -14 -15 18 16 -18 28 21 -21 -22 25 -24 24 -26 26 -28 -29 -30 -31
leaf_value=-7.3453772205681739e-05 1.9450189468724613e-05 -0.00074418183678346024 -8.7638030509164101e-05 0.0036539897006125132 0.0041994587966049631 -0.005652241675276214 0.00013808702141548585 0.0047906497215796581 0.00082808472979131406 -0.00041800281838595541 -0.00036756821197224811 -0.0003551052087581607 0.00013848094071709115 5.302078150227746e-05 0.0028849696199828275 0.00076800445746798729 -0.0019298680023699143 0.0010189905113810178 -3.040187482654239e-05 -0.00038384392207062231 -0.0010667420764544596 -0.001537196686405508 -0.00064220325764610599 0.0032547611736543046 -0.00040341471066056132 0.0025816389484756897 -0.00045701405270267382 -0.00030364414704171821 -0.00038996789321325587 0.0033152179446261434
leaf_weight=3620 3037 941 355 787 504 96 433 285 554 454 229 140 79 1750 271 2623 106 512 823 823 247 281 665 329 36 225 10669 178 1247 988
leaf_count=3620 3037 941 355 787 504 96 433 285 554 454 229 140 79 1750 271 2623 106 512 823 823 247 281 665 329 36 225 10669 178 1247 988
internal_value=-0.000365007 0.00217336 0.00405937 0.00553916 0.0125716 0.00280289 -0.0016962 0.00496003 -0.00101538 0.00720903 -0.00136598 0.00331288 -0.00589041 -0.00178249 -0.00212512 -0.000157131 0.000962567 0.00135555 -0.00281688 0.00191956 -0.0107143 -0.00321461 0.00021047 0.00358586 0.0122466 -0.00378255 -0.00351937 -0.00782364 -0.0018249 0.00536755
internal_weight=33287 9414 5794 4609 1291 3318 1185 2377 650 1727 23873 652 219 20836 19086 4964 4488 4382 14122 1094 476 13028 1853 1188 365 11175 10894 533 1759 1442
internal_count=33287 9414 5794 4609 1291 3318 1185 2377 650 1727 23873 652 219 20836 19086 4964 4488 4382 14122 1094 476 13028 1853 1188 365 11175 10894 533 1759 1442
is_linear=0
shrinkage=0.03


Tree=54
num_leaves=31
num_cat=0
split_feature=6 1 5 1 9 10 15 12 1 2 6 10 15 12 12 10 12 12 12 11 11 11 12 11 11 11 11 14 12 15
split_gain=33.5487 67.959 42.9149 37.5582 25.0719 26.9788 23.8267 30.0574 23.0464 22.3278 22.3874 25.7673 21.5012 20.9218 20.7048 22.8299 30.4342 26.791 21.2709 20.5707 19.1319 32.0116 23.8598 31.5401 20.5588 19.824 22.3198 19.009 19.9906 26.3026
threshold=1.1580252060112823 2.8450000000000002 947.75000000000011 1.1250000000000002 0.37940952255126054 0.25881904510252057 0.1197995580808081 -0.57077231802681661 9.1250000000000018 3.8150000000000004 1.1268330220195166 0.60355339059327384 0.26454861111111116 -0.99864786094873803 0.99988440732898443 -0.12940952255126037 0.48877522411129348 0.99024581825578073 0.9980355542543059 -0.99275805973510278 0.84313847884979054 0.77788564761185042 0.1318557721318592 -0.38242426011641079 -0.97113884758256674 -0.93545489084327571 -0.83377653105606597 0.18916666666666668 0.97461712852231652 0.068404287439613548
decision_type=2 2 2 2 2 2 8 2 2 10 2 2 10 2 2 2 2 2 2 2 2 2 2 2 2 2 2 8 2 10
left_child=3 2 -2 -1 9 6 7 -6 20 -5 11 13 -10 -11 15 16 -3 -17 -18 -12 21 22 23 -8 -24 -26 -27 28 -4 -30
right_child=1 14 27 4 5 -7 8 -9 12 10 19 -13 -14 -15 -16 17 18 -19 -20 -21 -22 -23 24 -25 25 26 -28 -29 29 -31
leaf_value=0.00032831472460939767 0.0042586328331091165 3.1713633413371734e-05 -4.6932128975097852e-05 -2.538327687276411e-05 0.002376178793291329 0.00035911984274886904 -0.00068704016558558722 -0.00018022540451437691 -0.00053370931276912109 0.0016579204478176306 -0.0024056276747291198 -0.0020409026482300112 0.00023441310556340355 -0.0012132810990822124 -0.0052443627114385962 0.00011052844352889807 0.00066358711947459015 -0.0017496093858999934 0.0037995493422880175 -0.00014582558727878575 -0.00070893559524464356 0.0033427451136015004 0.0046810945655915833 -3.3333684264229921e-05 -0.001482956626191005 0.0016770162832881396 -0.0011195580619343113 -5.7772467808082619e-06 -0.00193964965858303 -8.8951944816306663e-05
leaf_weight=1122 171 1155 3094 2920 268 2509 1079 314 51 181 255 836 129 3022 55 4034 2429 403 140 2358 590 90 70 1106 35 102 40 4210 151 368
leaf_count=1122 171 1155 3094 2920 268 2509 1079 314 51 181 255 836 129 3022 55 4034 2429 403 140 2358 590 90 70 1106 35 102 40 4210 151 368
internal_value=-0.00036681 0.000610734 -0.00135852 -0.00129472 -0.00166782 -0.000211499 -0.0017811 0.00381443 -0.00277035 -0.00263895 -0.00359892 -0.00499876 0.00766667 -0.00377459 0.00252678 0.00265041 0.00438238 0.00119675 0.00620086 -0.00143513 -0.00337404 -0.00223632 -0.00288651 -0.00388558 0.00595142 0.000508475 0.00549296 -0.0016835 -0.00327982 -0.00872832
internal_weight=33287 16210 7994 17077 15955 6383 3874 582 3292 9572 6652 4039 180 3203 8216 8161 3724 4437 2569 2613 3112 2522 2432 2185 247 177 142 7823 3613 519
internal_count=33287 16210 7994 17077 15955 6383 3874 582 3292 9572 6652 4039 180 3203 8216 8161 3724 4437 2569 2613 3112 2522 2432 2185 247 177 142 7823 3613 519
is_linear=0
shrinkage=0.03


Tree=55
num_leaves=31
num_cat=0
split_feature=6 8 12 11 11 14 10 2 12 11 11 8 12 9 15 2 12 12 15 12 12 4 10 11 13 11 11 2 8 11
split_gain=32.0288 32.7801 37.8833 34.2033 48.6579 31.2097 34.9034 37.5409 30.6856 30.0088 43.474 33.0954 35.2819 27.8405 27.0384 26.6161 26.0542 39.6828 30.7712 27.8576 22.0835 21.8038 20.7954 34.779 20.5894 22.6182 28.3402 19.5205 36.3706 22.178
threshold=1.1580252060112823 77.202390828932764 -0.59867820553660911 0.52033990680116082 0.82414472752956958 0.17250000000000001 0.37940952255126048 2.5550000000000002 0.99988440732898443 -0.861146256326485 -0.89406062840022227 818.96669311106564 -0.57077231802681661 -0.37940952255126059 0.3099027777777778 10.215000000000002 0.97461712852231652 0.9980355542543059 0.068404287439613548 0.96177147954086928 0.1318557721318592 15.550000000000002 -0.70710678118654757 -0.8781231054254196 10.500000000000002 -0.074117382312902977 -0.75015329512557205 5.7750000000000012 20.480619143245423 0.99761913169647187
decision_type=2 2 2 2 2 8 2 10 2 2 2 2 2 2 8 10 2 2 10 2 2 2 2 2 2 2 2 10 2 2
left_child=1 2 21 9 13 16 7 -7 24 10 20 12 -11 15 -4 -5 19 18 -18 -2 -3 -1 23 -12 -9 26 -26 28 -8 -29
right_child=5 3 14 4 -6 6 27 8 -10 11 22 -13 -14 -15 -16 -17 17 -19 -20 -21 -22 -23 -24 -25 25 -27 -28 29 -30 -31
leaf_value=-0.00040857751426838073 -1.5830860029452943e-05 -0.00091300930682500421 3.1157351267223364e-05 -0.0020525996312223474 -0.00078263905503882486 -3.5306200851358302e-05 3.4252346934755572e-05 0.00026878624693381478 -0.0039440440933220383 -0.00094323840371463984 0.0025390254968497348 -0.0045818216132552216 -0.002749574598929294 0.0012029760685910945 -0.00017821214630174217 0.00047151581041417835 -0.0024793634107704177 0.00068661667460131884 -0.00027196893703157531 0.0013688043081067091 0.00082471287394095933 0.00028934189956584616 0.0022109394972065245 -0.0040836183734235384 0.003182472853003734 0.004026661544566097 0.00039463826575350237 8.7847344321034874e-05 -0.00069921409504502912 0.0050367839776480619
leaf_weight=32 5599 1590 1268 363 1913 1033 660 2835 65 3915 55 824 244 922 1247 133 230 269 535 269 290 4040 203 38 308 169 1302 1593 1287 56
leaf_count=32 5599 1590 1268 363 1913 1033 660 2835 65 3915 55 824 244 922 1247 133 230 269 535 269 290 4040 203 38 308 169 1302 1593 1287 56
internal_value=-0.00037402 -0.00128067 0.000378017 -0.00232221 0.000189132 0.000581123 0.00171465 0.00317227 0.00431502 -0.00349071 -0.000551471 -0.00477423 -0.00368598 0.00440056 -0.0025169 -0.00133065 -0.000947551 -0.00533849 -0.00882353 -0.000173824 -0.00223404 0.00216601 0.0101351 -0.0016129 0.00460338 0.00713322 0.00603727 -0.000600667 -0.00263482 0.00180109
internal_weight=33287 17077 6587 10490 3331 16210 9308 5712 4679 7159 2176 4983 4159 1418 2515 496 6902 1034 765 5868 1880 4072 296 93 4614 1779 1610 3596 1947 1649
internal_count=33287 17077 6587 10490 3331 16210 9308 5712 4679 7159 2176 4983 4159 1418 2515 496 6902 1034 765 5868 1880 4072 296 93 4614 1779 1610 3596 1947 1649
is_linear=0
shrinkage=0.03


Tree=56
num_leaves=31
num_cat=0
split_feature=13 11 5 15 11 11 11 11 11 6 8 13 6 5 11 5 10 11 1 1 6 5 11 2 13 10 1 1 15 6
split_gain=25.7172 30.2486 23.68 23.2979 21.6864 27.7991 37.792 29.4038 52.2225 29.346 27.6066 51.1291 31.888 27.2229 26.1492 25.9514 25.8375 25.1841 24.6772 24.2341 24.1786 34.8747 23.2578 26.8425 23.062 26.3076 23.0069 22.7929 22.7537 22.3299
threshold=11.500000000000002 -0.0053757284505435614 972.55000000000007 0.03682684973302823 0.52033990680116082 0.97508442350096236 0.99865421017599998 0.93845596220871974 0.92922379131507438 1.2007308230264886 77.202390828932764 8.5000000000000018 1.1288463879633321 941.55000000000007 0.99700008544936913 949.1500000000002 0.60355339059327384 -0.52032787705993211 3.1250000000000004 0.39500000000000007 1.1876859300309752 951.6500000000002 -0.75015329512557205 2.5050000000000003 10.500000000000002 0.1294095225512602 2.0550000000000002 2.0150000000000001 0.25419117647058831 1.241532119516022
decision_type=2 2 2 10 2 2 2 2 2 2 2 2 2 2 2 2 2 2 2 2 2 2 2 10 2 2 2 2 10 2
left_child=2 3 4 -2 10 7 14 8 13 -10 12 16 -1 -6 -7 -14 17 -12 -18 -17 21 -8 -21 24 25 29 -13 -25 -26 -24
right_child=1 -3 -4 -5 5 6 20 -9 9 -11 11 26 15 -15 -16 19 18 -19 -20 22 -22 -23 23 27 28 -27 -28 -29 -30 -31
leaf_value=0.0002423083082622927 -0.004548909407188037 -0.0011819441332491327 0.00032673054712732544 0.00028199060520757197 -0.0007908768979799386 -0.00021180075859270569 0.0029358204101193877 0.00067039275131701556 -0.0015499053220820909 0.0037544424116704128 -0.0018393585244800186 -0.0013489590944166273 -0.00021863213774447768 0.00010274494213227387 -0.00040887721751288263 -5.0376933465213865e-05 -0.0022869338024432851 -0.00047029960721267579 -0.0015568890444496604 8.7289505008573747e-05 0.003440515772709935 -0.00018966642790851023 6.5730358260829188e-05 -0.00067823767219367826 -0.00019899749465341897 9.5329946357633474e-05 5.9503120064080696e-05 -4.6122238471528084e-05 3.8687763430713832e-06 -0.00017298652399228196
leaf_weight=3963 32 134 167 2754 98 1604 83 1412 258 30 1229 461 289 5993 272 263 828 3785 840 1769 123 316 235 483 127 263 4933 261 208 74
leaf_count=3963 32 134 167 2754 98 1604 83 1412 258 30 1229 461 289 5993 272 263 828 3785 840 1769 123 316 235 483 127 263 4933 261 208 74
internal_value=-0.000408267 0.00228082 -0.000666842 0.00295047 -0.000729139 0.000397487 -0.00242702 0.00126685 0.000399749 -0.0120833 -0.00130278 -0.00220603 7.18336e-05 0.000989985 -0.00441365 -0.00182779 -0.00395989 -0.00288393 -0.00719424 -0.00114852 0.00471264 0.00112782 -0.000473684 -0.00303452 0.000429989 0.00409091 -3.33704e-05 -0.00725806 -0.0058209 -0.00184466
internal_weight=33287 2920 30367 2786 30200 10189 2398 7791 6379 288 20011 12076 7935 6091 1876 3972 6682 5014 1668 3683 522 399 3420 1651 907 572 5394 744 335 309
internal_count=33287 2920 30367 2786 30200 10189 2398 7791 6379 288 20011 12076 7935 6091 1876 3972 6682 5014 1668 3683 522 399 3420 1651 907 572 5394 744 335 309
is_linear=0
shrinkage=0.03


Tree=57
num_leaves=31
num_cat=0
split_feature=3 1 2 5 1 5 4 3 5 1 6 8 4 6 2 8 15 12 12 9 12 1 12 3 3 5 12 4 12 8
split_gain=90.5608 55.4978 61.7652 102.33 51.7111 49.1346 48.6074 38.4806 34.0874 47.6789 28.1231 27.318 27.0174 26.7264 25.0345 22.8957 22.3747 22.2197 22.1959 21.7735 21.35 45.5999 26.3142 27.1783 27.3109 25.5388 24.2221 41.4849 25.6247 24.1514
threshold=86.500000000000014 3.2250000000000005 8.9250000000000025 959.25000000000011 4.4650000000000007 959.35000000000002 3.2500000000000004 61.500000000000007 952.25000000000011 6.2650000000000006 1.209090764420274 26.72495831651073 0.8500000000000002 1.2517971002421311 7.6850000000000014 1491.8792737295969 0.80225694444444462 -0.94703994556331683 0.69521084835931835 -1.0000000180025095e-35 0.11478523713130605 2.0150000000000001 0.39629089145655322 138.50000000000003 107.50000000000001 948.05000000000007 0.47369649395226454 7.0500000000000007 0.5475998096715059 240.15952547903507
decision_type=2 2 10 2 2 2 2 2 2 2 2 2 2 2 10 2 10 2 2 2 2 2 2 2 2 2 2 2 2 2
left_child=1 14 3 7 18 10 -7 -3 -9 12 -4 -2 13 19 -1 20 -6 -17 -5 -10 29 -22 -23 24 -24 -25 -27 28 -28 -13
right_child=11 2 5 4 16 6 -8 8 9 -11 -12 15 -14 -15 -16 17 -18 -19 -20 -21 21 22 23 25 -26 26 27 -29 -30 -31
leaf_value=-4.6301469597773247e-05 6.4811568965874879e-06 -0.00071161606838922374 -3.0746737564595614e-05 0.0060193937655808527 0.0043634912038096468 -3.7235377809920893e-05 -0.00047301055983991032 0.00061254632201840971 0.0029641797553762389 0.0043573791951510262 0.0002686310076395791 -0.00033406500662840332 0.0038261702983948148 0.0045154123636277433 -0.0089343620115354648 -0.0060498483796457532 -0.00094039132323018595 5.5827939508676537e-05 0.0021656698021419092 -0.0041100991548643651 -0.00064935675865117391 0.0014129688848965776 0.00026380799886294393 0.0046961020503684895 0.0041771114392166924 -0.0026830615537381313 -0.001671225404653301 0.0034193776689710052 -0.00068776411037582393 -0.0019825127033783895
leaf_weight=3823 6107 941 650 236 475 318 112 1299 98 167 170 4876 693 32 69 96 34 1931 571 176 1421 1115 962 51 185 253 187 168 1627 4444
leaf_count=3823 6107 941 650 236 475 318 112 1299 98 167 170 4876 693 32 69 96 34 1931 571 176 1421 1115 962 51 185 253 187 168 1627 4444
internal_value=-0.00041007 0.00200122 0.00381782 0.00538755 0.0124924 -0.002112 -0.0103256 0.0026424 0.00461258 0.00833619 0.00219512 -0.00142552 0.00585586 -0.00156863 -0.000786228 -0.00203396 0.0199804 0.000962013 0.00776952 -0.00459854 -0.00243116 -0.00103032 0.000435356 -0.000865133 0.00290323 -0.00275591 -0.0032349 -0.00211907 -0.00343991 -0.00332833
internal_weight=33287 9864 5972 4722 1316 1250 430 3406 2465 1166 820 23423 999 306 3892 17316 509 2027 807 274 15289 5969 4548 3433 1147 2286 2235 1982 1814 9320
internal_count=33287 9864 5972 4722 1316 1250 430 3406 2465 1166 820 23423 999 306 3892 17316 509 2027 807 274 15289 5969 4548 3433 1147 2286 2235 1982 1814 9320
is_linear=0
shrinkage=0.03


Tree=58
num_leaves=31
num_cat=0
split_feature=3 1 2 5 1 5 6 3 5 6 6 6 10 6 8 10 10 10 1 15 5 8 2 13 1 2 13 13 15 5
split_gain=86.2473 53.4499 59.3248 101.321 51.3386 47.5638 38.3499 37.1783 32.5995 32.7359 28.4837 27.4862 27.1726 42.3973 25.8772 40.5432 25.222 24.5603 23.8166 23.8082 22.9922 32.1753 22.7035 20.4311 23.6685 21.3171 19.7356 19.5284 19.3017 18.4647
threshold=86.500000000000014 3.2250000000000005 8.9250000000000025 959.25000000000011 4.495000000000001 958.85000000000002 1.2162204866870119 61.500000000000007 947.95000000000016 1.2099200577924811 1.209090764420274 1.2517971002421311 0.25881904510252057 1.1724981230993747 26.72495831651073 0.60355339059327384 1.0000000180025095e-35 1.0000000180025095e-35 4.8950000000000005 0.80225694444444462 946.85000000000002 169.00285167512371 7.6850000000000014 1.5000000000000002 3.3550000000000004 9.3350000000000026 4.5000000000000009 8.5000000000000018 0.68809027777777787 953.95000000000016
decision_type=2 2 10 2 2 2 2 2 2 2 2 2 2 2 2 2 2 2 2 10 2 2 10 2 2 10 2 2 8 2
left_child=1 22 3 7 -5 10 -7 28 16 12 -4 17 13 26 29 27 -9 -11 -14 -6 21 -17 -1 24 -22 -26 -10 -16 -3 -2
right_child=14 2 5 4 19 6 -8 8 9 11 -12 -13 18 -15 15 20 -18 -19 -20 -21 23 -23 -24 -25 25 -27 -28 -29 -30 -31
leaf_value=-4.491242550984005e-05 0.00011798989669694224 -0.00095027942404118666 -2.4323971090498552e-05 0.0033981593103414374 0.0042608014276608588 -0.00046244993863898368 -3.7372478050630705e-05 -0.0020504819138077658 -0.0017208701107803569 0.0027683826470445865 0.00027189628753666634 0.0042079390185291912 0.0043959790980405335 0.0062275105229604982 -0.00035603317708208891 -0.00050111140196549674 0.0023509715203777447 -0.0038257460125563627 0.0043644660711722677 -0.00097136455843538914 -0.0011794479171645276 -0.0045528961927480214 -0.0086663311511894006 -0.00044179935977900953 0.0038968254731535654 -0.0068311462333811085 0.0014771902245262801 8.9907857944958747e-05 0.0024865353964789354 -9.7286917999310977e-06
leaf_weight=3823 3473 860 639 827 456 123 327 296 212 126 161 34 389 203 8695 508 372 232 210 33 316 425 69 3535 73 38 391 3726 81 2634
leaf_count=3823 3473 860 639 827 456 123 327 296 212 126 161 34 389 203 8695 508 372 232 210 33 316 425 69 3535 73 38 391 3726 81 2634
internal_value=-0.00038844 0.00196472 0.00374749 0.0052859 0.0123556 -0.002064 -0.00986667 0.00255432 0.00449087 0.00659432 0.002325 -0.00107143 0.0087331 0.00513648 -0.00137941 -0.00197159 -0.00116766 -0.00351955 0.0135726 0.0200613 -0.00428396 -0.0085209 -0.000770812 -0.00328622 -0.00948478 0.00243243 0.00114428 -0.0010603 -0.0025186 0.000299656
internal_weight=33287 9864 5972 4722 1316 1250 450 3406 2465 1797 800 392 1405 806 23423 17316 668 358 599 489 4895 933 3892 3962 427 111 603 12421 941 6107
internal_count=33287 9864 5972 4722 1316 1250 450 3406 2465 1797 800 392 1405 806 23423 17316 668 358 599 489 4895 933 3892 3962 427 111 603 12421 941 6107
is_linear=0
shrinkage=0.03


Tree=59
num_leaves=31
num_cat=0
split_feature=3 1 7 5 1 5 4 3 5 1 10 6 8 12 9 15 10 6 8 12 4 7 4 4 10 7 14 12 7 8
split_gain=82.6847 52.0332 57.1347 98.6609 50.5022 46.9687 47.1505 36.4077 32.9515 49.3468 33.8303 26.3254 24.8039 24.624 23.7201 23.3357 23.056 32.2066 36.2821 25.7405 27.5159 22.7035 22.2128 28.6363 22.5747 19.6895 19.5598 19.1587 19.0641 22.8828
threshold=86.500000000000014 3.2250000000000005 710.92712250000011 959.25000000000011 4.495000000000001 959.35000000000002 3.2500000000000004 61.500000000000007 952.25000000000011 6.2650000000000006 0.25881904510252057 1.209090764420274 1.9828343764086982 0.69521084835931835 0.37940952255126054 0.80225694444444462 0.60355339059327384 1.1012409113134871 20.480619143245423 -0.99052477729077237 30.450000000000003 453.87072050000006 0.8500000000000002 -5.9499999999999993 -0.5 182.7673475 0.81916666666666671 0.79253265336324141 140.20317950000006 18.79279300280535
decision_type=2 2 2 2 2 2 2 2 2 2 2 2 2 2 2 10 2 2 2 2 2 2 2 2 2 2 10 2 2 2
left_child=1 21 3 7 13 11 27 -3 10 22 -9 -4 -2 -5 26 -6 19 28 -19 20 25 -1 23 -10 -25 -14 -12 -7 29 -18
right_child=12 2 5 4 15 6 -8 8 9 -11 14 -13 16 -15 -16 -17 17 18 -20 -21 -22 -23 -24 24 -26 -27 -28 -29 -30 -31
leaf_value=-4.356505274454485e-05 2.6622531554258773e-05 -0.00066175920361631157 -2.9094616304943114e-05 0.0057372858741560678 0.0041329773848310337 -0.00034657384563292575 -0.00044494674488554348 -0.0011398582708959494 0.0038733582429312211 0.0040957238371613271 0.0016842864384614097 0.00025241518878429178 0.0010355083394130472 0.0019987549287674086 0.0047657296789336634 -0.00094222362168232764 -0.00048475029883074459 5.8775164534336926e-05 -0.00057385534376720151 -0.0001027710939295396 0.0024160576395529901 -0.0084063412166537187 0.0036432171921593317 0.0029617197783406712 -0.0041745349674977353 -0.0021264098303794953 -0.0062674079272240189 -1.7062165084902464e-05 -0.0045137233886888692 7.2682887848521041e-05
leaf_weight=3823 1556 941 650 240 456 39 112 738 56 167 140 170 300 587 390 33 106 1286 4878 14473 315 69 693 55 195 229 31 279 127 153
leaf_count=3823 1556 941 650 240 456 39 112 738 56 167 140 170 300 587 390 33 106 1286 4878 14473 315 69 693 55 195 229 31 279 127 153
internal_value=-0.000375822 0.00192822 0.00368721 0.00519695 0.0121733 -0.002016 -0.0100465 0.00250147 0.00441785 0.0080789 0.00113164 0.00219512 -0.00134611 0.00765417 0.00668449 0.019816 -0.00160653 -0.00309618 -0.00256976 -0.000969511 0.00412322 -0.000770812 0.00555556 -0.00117647 -0.00552 -5.67108e-05 -0.00263158 -0.00415094 -0.0115026 -0.00683398
internal_weight=33287 9864 5972 4722 1316 1250 430 3406 2465 1166 1299 820 23423 827 561 489 21867 6550 6164 15317 844 3892 999 306 250 529 171 318 386 259
internal_count=33287 9864 5972 4722 1316 1250 430 3406 2465 1166 1299 820 23423 827 561 489 21867 6550 6164 15317 844 3892 999 306 250 529 171 318 386 259
is_linear=0
shrinkage=0.03


Tree=60
num_leaves=31
num_cat=0
split_feature=3 1 2 4 1 3 11 4 11 11 11 11 11 11 11 11 8 2 3 11 13 11 4 4 12 1 12 15 1 4
split_gain=81.1875 51.846 69.4972 67.023 35.1138 32.9776 28.8152 26.1504 37.4015 34.2346 25.0368 24.4048 45.7134 23.0335 22.7925 23.5553 22.7 25.447 25.3026 59.3471 38.6856 28.4161 33.8869 26.6249 25.2797 33.3892 25.0269 23.4751 25.8041 21.6385
threshold=86.500000000000014 3.8450000000000002 9.0450000000000017 14.950000000000001 5.285000000000001 61.500000000000007 -0.29343379936893921 27.050000000000004 -0.69057362043749781 0.90892735371523092 -0.77245553105869302 0.7090011537757156 0.97314989601849466 -0.99630266176052629 0.99865421017599998 0.99700008544936913 9.1122943245260988 11.095000000000001 156.50000000000003 -0.92923668111203805 2.5000000000000004 0.83376496542330847 1.0500000000000003 28.750000000000004 0.29958852271690523 2.9050000000000007 0.029024409397335523 0.38759027777777783 4.205000000000001 10.850000000000003
decision_type=2 2 10 2 2 2 2 2 2 2 2 2 2 2 2 2 2 10 2 2 2 2 2 2 2 2 2 10 2 2
left_child=1 14 3 4 -3 -5 10 9 -9 13 -4 -8 -13 -7 15 -1 -2 18 19 26 -21 -20 -23 -22 27 -26 29 28 -24 -18
right_child=16 2 6 5 -6 7 11 8 -10 -11 -12 12 -14 -15 -16 -17 17 -19 21 20 23 22 24 -25 25 -27 -28 -29 -30 -31
leaf_value=-2.1764429843284502e-05 1.2792045223071738e-05 0.002664909651000674 -1.5859540842689396e-06 -0.00093761828473903767 0.0035499230013254657 -0.0018059545655650282 0.00011411007695204339 -0.0045791849651806672 0.0011334806133247895 -0.00093118574646165026 -0.00024356429739900529 -0.00034593724384807134 0.00015616827628316482 0.0042662861119627943 0.0064186292693152276 -0.00034318529822310791 0.0039508484220482512 5.0294354683432394e-05 -0.00032446559400898004 -0.0003234382776933033 0.00078792411045597831 -0.0012260776738292289 0.00024403168900944886 -0.0017085516124213033 -0.00073045687734434375 0.0041903081770957454 -0.00091488035205562789 -0.00096197191277593822 -0.0031345942340344165 -0.00060899560784573759
leaf_weight=5162 3582 1219 229 537 510 45 403 78 430 183 277 144 102 438 72 35 40 1897 10924 930 2981 335 580 83 80 172 215 1056 391 157
leaf_count=5162 3582 1219 229 537 510 45 403 78 430 183 277 144 102 438 72 35 40 1897 10924 930 2981 335 580 83 80 172 215 1056 391 157
internal_value=-0.000348785 0.00193431 0.00426333 0.00640116 0.0105668 0.0021917 -0.0021039 0.00500852 -0.00011811 0.00891892 -0.00747036 0.00208012 -0.00536585 0.0131056 -9.67926e-05 -0.000329036 -0.00131025 -0.00170707 -0.0020564 -8.17068e-05 0.00103655 -0.00269907 -0.0055088 0.00266319 -0.00419921 0.0047619 -0.0109223 -0.00531327 -0.00194645 -0.00319797
internal_weight=33287 9864 4595 3440 1729 1711 1155 1174 508 666 506 649 246 483 5269 5197 23423 19841 17944 4406 3994 13538 2614 3064 2279 252 412 2027 971 197
internal_count=33287 9864 4595 3440 1729 1711 1155 1174 508 666 506 649 246 483 5269 5197 23423 19841 17944 4406 3994 13538 2614 3064 2279 252 412 2027 971 197
is_linear=0
shrinkage=0.03


Tree=61
num_leaves=31
num_cat=0
split_feature=3 1 2 5 1 5 4 12 1 5 11 4 1 8 12 2 8 12 12 5 12 11 11 4 12 5 11 2 11 11
split_gain=77.3876 50.4045 52.9211 95.994 56.8867 47.0209 47.9399 27.9962 26.5412 34.3484 27.298 24.2016 23.4474 24.1247 23.6424 22.7035 21.1598 27.8579 38.145 30.2899 37.6999 21.4565 20.4662 22.1965 25.7065 33.9008 23.0185 22.7556 21.4938 20.3869
threshold=86.500000000000014 3.2250000000000005 8.9250000000000025 957.25000000000011 4.7550000000000008 959.35000000000002 3.2500000000000004 0.99024581825578073 6.5250000000000012 950.1500000000002 0.82414472752956958 2.0500000000000003 1.3550000000000002 1491.8792737295969 -0.94703994556331683 7.6850000000000014 314.31424753059946 0.14888728888808328 0.38043945030393422 952.45000000000016 0.48877522411129348 -0.99940763397299126 -0.99630266176052629 27.050000000000004 -0.45273527932988084 951.1500000000002 -0.41398024697495356 7.1150000000000011 -0.30163705152652742 0.06553689391773225
decision_type=2 2 10 2 2 2 2 2 2 2 2 2 2 2 2 10 2 2 2 2 2 2 2 2 2 2 2 10 2 2
left_child=1 15 3 8 7 11 -7 -5 22 10 29 -4 -2 16 -15 -1 21 -18 -19 -20 -21 -14 -3 24 25 27 -25 -24 -28 -10
right_child=12 2 5 4 -6 6 -8 -9 9 -11 -12 -13 13 14 -16 -17 17 18 19 20 -22 -23 23 26 -26 -27 28 -29 -30 -31
leaf_value=-4.1957669201320035e-05 1.4009735867537209e-05 -0.0033635234711163363 0.00022882743442682372 0.0036384033681075914 0.0037469008432963291 -3.2910406159745236e-05 -0.00042275581942027092 -0.00070918252143124826 -0.00260493547971808 0.0032335202961913728 -0.009889560974450649 -3.8242613439868066e-05 -0.0011388030163394414 -0.0058238608527862185 6.5675352068764547e-05 -0.0081534980472588083 -0.0021279718220297392 0.0021880690422393934 0.0022675628524104004 -0.0069827818477768725 -0.001370891403888486 -0.00010769949740140266 0.0070298069064558587 -0.0017226561803315081 0.00038326548047435034 0.0068609683705551485 0.0088052300500256388 -0.0046361730629913295 -0.00035393894474346194 0.0048601492037004907
leaf_weight=3823 3712 72 205 988 543 318 112 205 98 147 34 615 109 96 1931 69 3782 441 232 151 1054 11915 162 231 1447 117 38 108 459 73
leaf_count=3823 3712 72 205 988 543 318 112 205 98 147 34 615 109 96 1931 69 3782 441 232 151 1054 11915 162 231 1447 117 38 108 459 73
internal_value=-0.000343377 0.00188564 0.00361688 0.00506989 0.0106797 -0.001872 -0.00990698 0.00701593 0.00180844 0.00954545 0.00160976 0.00234146 -0.00128207 -0.00169398 0.00140602 -0.000770812 -0.00204931 -0.00356184 -0.00057508 -0.00294363 -0.00485477 -0.00133733 0.000774487 0.0012178 0.0029771 0.00984496 -0.00321429 0.004 0.000422535 0.00649123
internal_weight=33287 9864 5972 4722 1736 1250 430 1193 2986 352 205 820 23423 19711 2027 3892 17684 5660 1878 1437 1205 12024 2634 2562 1834 387 728 270 497 171
internal_count=33287 9864 5972 4722 1736 1250 430 1193 2986 352 205 820 23423 19711 2027 3892 17684 5660 1878 1437 1205 12024 2634 2562 1834 387 728 270 497 171
is_linear=0
shrinkage=0.03


Tree=62
num_leaves=31
num_cat=0
split_feature=3 1 2 5 5 6 3 5 1 10 8 10 12 3 6 5 12 12 2 12 13 12 6 11 8 11 13 11 1 11
split_gain=73.3037 52.781 63.3878 108.947 45.1735 48.2153 37.1704 32.5665 34.4663 33.5535 23.4936 33.7167 26.7049 26.1688 23.3784 23.3326 22.5492 22.4103 21.925 21.745 22.1724 27.3732 24.4828 24.2314 22.5124 26.5682 22.0517 21.5635 20.5915 20.2704
threshold=89.500000000000014 3.8450000000000002 8.9250000000000025 959.25000000000011 959.55000000000007 1.2146742974823603 61.500000000000007 951.05000000000007 6.2650000000000006 0.25881904510252057 26.72495831651073 0.60355339059327384 -0.86974577485258975 111.50000000000001 1.209090764420274 949.95000000000016 -0.45273527932988084 0.79253265336324141 4.4750000000000005 0.99988440732898443 8.5000000000000018 -0.98801846520836312 1.0807065599000494 -0.074117382312902977 1688.5366889951245 -0.84315017450793706 6.5000000000000009 0.99865421017599998 6.9750000000000005 -0.52032787705993211
decision_type=2 2 10 2 2 2 2 2 2 2 2 2 2 2 2 2 2 2 10 2 2 2 2 2 2 2 2 2 2 2
left_child=1 27 3 6 14 -6 -3 9 16 29 -2 19 13 -13 -4 18 -9 -7 -15 20 21 22 -12 -22 25 -23 -24 -1 -14 -8
right_child=10 2 4 -5 5 17 7 8 -10 -11 11 12 28 15 -16 -17 -18 -19 -20 -21 23 24 26 -25 -26 -27 -28 -29 -30 -31
leaf_value=-4.4622184325444381e-05 6.6422251900898192e-06 -0.00067252550734814742 -1.3560438763415838e-06 0.0035409111569605369 -0.00043101350105761809 -0.00032795332174421029 -0.004236142450105276 0.0079750713236985318 0.0033965420260128817 0.0045102198284720134 0.0026676777597601908 0.001042581045913607 -0.00072121402791447582 -0.00048136481193089938 0.00024685873507987119 0.0016860340490939855 0.0020007299784757706 -1.0702491314072068e-05 -0.003066154048426794 -0.0039824378991023864 9.2751541561968576e-05 -0.0040504747895628319 0.0019034873670497976 0.0040317772547280913 7.4902518331320338e-05 -0.00057989107487178544 -0.0010889609994026155 0.0062702213010907403 8.7016020953428373e-05 -0.00022218286257582811
leaf_weight=5537 6096 713 674 861 109 38 125 85 208 302 251 73 3613 208 178 54 722 285 399 63 3510 122 187 63 878 6750 332 73 382 396
leaf_count=5537 6096 713 674 861 109 38 125 85 208 302 251 73 3613 208 178 54 722 285 399 63 3510 122 187 63 878 6750 332 73 382 396
internal_value=-0.00030913 0.00179313 0.00413969 0.00627784 -0.00154206 -0.00944444 0.00316347 0.00541893 0.00901478 0.000984204 -0.0012519 -0.00182825 -0.00397759 -0.00923706 0.00246479 -0.0111195 0.00620818 -0.00362229 -0.0128007 -0.000992103 -0.000900521 -0.00173239 0.00366234 0.00108312 -0.00226839 -0.00284633 -5.78035e-05 -0.000171123 -0.00301126 -0.00362764
internal_weight=33287 10306 4696 3412 1284 432 2551 1838 1015 823 22981 16885 4729 734 852 661 807 323 607 12156 12093 8520 770 3573 7750 6872 519 5610 3995 521
internal_count=33287 10306 4696 3412 1284 432 2551 1838 1015 823 22981 16885 4729 734 852 661 807 323 607 12156 12093 8520 770 3573 7750 6872 519 5610 3995 521
is_linear=0
shrinkage=0.03


Tree=63
num_leaves=31
num_cat=0
split_feature=14 11 8 11 11 15 11 1 6 12 12 15 12 11 14 1 12 11 2 5 1 6 15 12 11 11 11 11 2 12
split_gain=22.9818 18.4264 20.7404 26.3677 20.2109 43.1827 21.5624 24.8203 19.2065 20.706 16.8853 44.0972 31.6882 22.882 19.3573 16.7246 16.7071 22.6256 16.4838 26.6063 59.2637 29.5153 20.8973 23.657 20.224 23.8853 19.8651 29.5929 19.2014 29.6445
threshold=0.36416666666666669 0.97508442350096236 461.33459273815288 0.99865421017599998 -0.89406062840022227 0.49065972222222226 -0.97113884758256674 5.7550000000000008 1.1596171703016547 -0.022575793296316496 0.97461712852231652 0.068404287439613548 0.96177147954086928 -0.17647087149565668 0.033666666666666671 0.39500000000000007 0.1318557721318592 -0.96689237009891416 8.6950000000000021 959.75000000000011 4.0050000000000008 1.233947281409667 0.10086805555555557 -0.96234030595689413 -0.75015329512557205 -0.42957681104363482 -0.85227431625818906 -0.50556189049999822 9.6150000000000002 -0.21022037796396451
decision_type=8 2 2 2 2 10 2 2 2 2 2 10 2 2 10 2 2 2 8 2 2 2 10 2 2 2 2 2 10 2
left_child=10 4 -3 -4 5 16 8 -8 -7 -10 12 -12 15 -13 -15 -1 -2 -18 19 22 24 -22 23 -17 -21 -26 28 -28 -20 -30
right_child=1 2 3 -5 -6 6 7 -9 9 -11 11 13 -14 14 -16 18 17 -19 26 20 21 -23 -24 -25 25 -27 27 -29 29 -31
leaf_value=-4.5243132447907073e-05 -1.0953957820386706e-05 -0.00028204765284572714 -0.00052347707745881958 0.002210823020797217 0.00011941112438724681 -0.00040913787246469333 -0.0007693531078693883 0.00018745761146140557 -0.00027817466889307402 0.0037167135687464774 -0.001846108215531849 -0.0010357507919994771 0.0011544599351672046 -0.00022871155454997377 0.00033963879951707344 0.0021123533621590536 0.0040765744564944207 -1.0637034547823119e-05 -0.0013971101421640336 0.0016002886710247521 0.0047651080734694897 0.00055701318594624676 -0.00012980135047864353 7.0211425207025347e-05 -0.00038703055816939245 3.090479660678748e-05 -0.00076709433385544563 -0.00018269445763708311 0.0011160586803078251 -7.5230923516014106e-05
leaf_weight=228 782 717 274 101 10208 148 485 137 68 70 288 46 318 423 672 204 175 167 185 366 313 173 10508 1958 491 1155 394 1740 223 270
leaf_count=228 782 717 274 101 10208 148 485 137 68 70 288 46 318 423 672 204 175 167 185 366 313 173 10508 1958 491 1155 394 1740 223 270
internal_value=-0.000307327 0.000657066 -0.00307692 0.00264 0.000990196 -0.00174213 -0.00660793 -0.00974277 0.00020979 0.00826087 -0.000951641 -0.00409377 -0.000709273 -0.0014461 -0.000575342 -0.000873243 0.00218861 0.0077193 -0.000770857 -0.000379747 0.00244996 0.0118519 -0.000937648 0.00174838 0.000178926 -0.00123937 -0.00288051 -0.00430178 0.00159292 0.0046856
internal_weight=33287 13332 1092 375 12240 2032 908 622 286 138 19955 1429 18526 1141 1095 18208 1124 342 17980 15168 2498 486 12670 2162 2012 1646 2812 2134 678 493
internal_count=33287 13332 1092 375 12240 2032 908 622 286 138 19955 1429 18526 1141 1095 18208 1124 342 17980 15168 2498 486 12670 2162 2012 1646 2812 2134 678 493
is_linear=0
shrinkage=0.03


Tree=64
num_leaves=31
num_cat=0
split_feature=3 3 5 12 8 2 5 12 5 4 11 11 4 12 11 8 8 4 13 12 12 4 12 5 3 4 12 11 11 13
split_gain=71.3448 36.3003 40.739 64.6797 48.0263 58.9113 45.9829 55.3735 32.3241 36.3541 32.1041 30.6676 25.1764 24.85 35.3056 24.2566 25.3076 22.2762 22.2198 23.5139 42.3792 34.6889 34.5248 34.026 27.3629 28.0097 28.6677 21.017 26.1817 20.6621
threshold=89.500000000000014 61.500000000000007 949.55000000000007 -0.46039597980994923 943.41167049138119 6.6650000000000009 953.95000000000016 0.99138911339924218 958.95000000000016 3.2500000000000004 -0.67803021058859214 1.0000000180025095e-35 -3.3499999999999992 0.94909129669788206 0.73283908552571664 26.72495831651073 1491.8792737295969 -1.4499999999999997 9.5000000000000018 0.97062204580664158 0.96177147954086928 -2.5499999999999994 0.94636490295939868 970.35000000000002 119.50000000000001 27.250000000000004 0.92191100909954782 -0.0053757284505435614 -0.091260668982868151 8.5000000000000018
decision_type=2 2 2 2 2 10 2 2 2 2 2 2 2 2 2 2 2 2 2 2 2 2 2 2 2 2 2 2 2 2
left_child=1 -1 10 -4 5 -5 12 13 -6 -10 -3 -9 -7 14 -8 29 18 -12 19 20 22 23 24 -21 -17 26 -26 28 -20 -2
right_child=15 2 3 4 8 6 7 11 9 -11 17 -13 -14 -15 -16 16 -18 -19 27 21 -22 -23 -24 -25 25 -27 -28 -29 -30 -31
leaf_value=-7.2176667534132227e-05 4.7433705037393313e-05 -0.0018382226265280118 0.0041871911341458705 0.00031364704241722366 3.5301111199164331e-05 -0.0055023145861929348 0.0022016052305262822 -0.0039462447057561972 -3.732848454200986e-05 -0.00039924957488153307 -0.0080647287809903663 0.0016473999867364453 0.00063399577893267361 0.0051451191047676564 0.0037707676358472017 0.000257948115301701 4.9257068397155947e-05 0.00029610953276663102 -0.00012229717072510029 -0.0020109517066691858 0.0051529959072526676 -0.00029807115214579299 -0.001652138633520928 0.0038185265396092167 -0.0008182484354147464 -5.6278912289725309e-05 0.0031026050372935233 -0.0029536009632954289 0.0038899085130047633 -2.352634072692674e-05
leaf_weight=2913 4011 357 400 2427 346 37 758 120 302 85 31 111 487 184 416 1378 2020 1332 2985 181 87 235 76 31 7168 2364 144 70 146 2085
leaf_count=2913 4011 357 400 2427 346 37 758 120 302 85 31 111 487 184 416 1378 2020 1332 2985 181 87 235 76 31 7168 2364 144 70 146 2085
internal_value=-0.000298315 0.00177566 0.00289328 0.00411951 0.00323725 0.00438767 0.00805017 0.0105916 -0.00388813 -0.00984496 -0.00115116 -0.00298701 0.000343511 0.0129013 0.0112947 -0.00122841 -0.00181404 0.000946442 -0.00224218 -0.00284979 -0.0025809 -0.00959732 -0.00274394 -0.0183962 -0.00260539 -0.00316866 -0.00408643 -2.81162e-05 0.000335356 0.000393701
internal_weight=33287 10306 7393 5673 5273 4540 2113 1589 733 387 1720 231 524 1358 1174 22981 16885 1363 14865 11664 11217 447 11130 212 11054 9676 7312 3201 3131 6096
internal_count=33287 10306 7393 5673 5273 4540 2113 1589 733 387 1720 231 524 1358 1174 22981 16885 1363 14865 11664 11217 447 11130 212 11054 9676 7312 3201 3131 6096
is_linear=0
shrinkage=0.03


Tree=65
num_leaves=31
num_cat=0
split_feature=3 3 7 5 12 8 7 11 11 11 10 9 11 12 10 6 5 5 7 8 12 11 6 12 5 11 5 3 12 12
split_gain=70.1864 34.8929 38.5657 48.0682 61.5995 36.6946 37.2216 49.1813 50.2463 50.5955 48.7211 43.8201 33.5967 31.311 26.8586 25.6058 23.8841 23.8268 23.2068 29.6853 29.3043 47.7737 29.2509 26.838 25.3945 32.8007 32.2415 34.7917 33.1259 30.8362
threshold=89.500000000000014 61.500000000000007 1213.0616295000002 949.55000000000007 -0.46039597980994923 320.29527777447714 694.33029049999993 0.73283908552571664 -0.12546116083924153 -0.30983472475487867 -0.12940952255126037 0.78656609248549325 -0.69057362043749781 0.91511078773075516 1.0000000180025095e-35 1.2146742974823603 952.55000000000007 954.1500000000002 77.037200500000012 1491.8792737295969 0.14888728888808328 -0.97113884758256674 1.2476721590482265 0.99988440732898443 952.75000000000011 -0.92923668111203805 960.05000000000007 99.500000000000014 0.97648852793709995 0.36447543099728863
decision_type=2 2 2 2 2 2 2 2 2 2 2 2 2 2 2 2 2 2 2 2 2 2 2 2 2 2 2 2 2 2
left_child=1 -1 3 12 14 -6 7 8 9 11 -10 16 -3 -8 -5 -14 -7 -9 22 20 -20 -22 -2 24 25 -23 27 28 -26 -28
right_child=18 2 -4 4 5 6 13 17 10 -11 -12 -13 15 -15 -16 -17 -18 -19 19 -21 21 23 -24 -25 26 -27 29 -29 -30 -31
leaf_value=-7.001136750810826e-05 9.016248140758761e-06 -0.0023898154940265597 -9.7684014979734774e-05 0.0007404763846148081 0.00023887523832259481 -0.0034548068643275335 -0.00016704047943812348 0.0014820769827310356 0.0026932272103662204 0.0061619001694949724 -0.0030956931551632885 0.0033905294324630764 0.00029791637352349735 0.00017081511022422002 0.0058347799298321739 -0.0078227869175606559 0.0025080487183830767 0.0042582288530649479 -0.0011970764229574308 4.777935634524127e-05 0.0041473390231829763 -0.0056717711450948744 -5.3963913534525937e-05 -0.005056124273576202 0.0019312329817818203 0.0021476207302167883 0.0047274811522930943 -0.0026191734096623217 -0.0035179873520026477 -7.2869122875459099e-05
leaf_weight=2913 9470 296 329 115 2211 113 391 139 246 149 363 185 1320 285 278 31 494 448 6978 2020 142 38 720 44 360 534 141 1282 52 1200
leaf_count=2913 9470 296 329 115 2211 113 391 139 246 149 363 185 1320 285 278 31 494 448 6978 2020 142 38 720 44 360 534 141 1282 52 1200
internal_value=-0.00031634 0.00174073 0.00283647 0.00330408 0.00466864 0.00377389 0.00604692 0.00798783 0.0051871 0.00953241 -0.00152709 0.00651515 -0.00118397 -8.87574e-05 0.0161069 0.000821614 0.00261944 0.0153833 -0.00123885 -0.00208975 -0.00271563 -0.000593198 -0.000170756 -0.00125719 -0.000973108 0.00482517 -0.0020659 -0.004817 0.00276699 0.0014094
internal_weight=33287 10306 7393 7064 5417 5024 2813 2137 1550 941 609 792 1647 676 393 1351 607 587 22981 12791 10771 3793 10190 3651 3607 572 3035 1694 412 1341
internal_count=33287 10306 7393 7064 5417 5024 2813 2137 1550 941 609 792 1647 676 393 1351 607 587 22981 12791 10771 3793 10190 3651 3607 572 3035 1694 412 1341
is_linear=0
shrinkage=0.03


Tree=66
num_leaves=31
num_cat=0
split_feature=3 1 2 5 5 4 3 5 1 10 1 10 2 2 13 6 11 11 4 11 6 11 12 6 13 5 5 5 13 12
split_gain=67.962 48.5894 65.1927 98.9309 41.0147 55.3327 36.3992 28.4243 35.9794 31.3131 23.784 28.4211 27.2038 23.5265 27.311 25.0429 22.7607 28.428 27.0468 22.7711 22.1775 21.5066 21.3064 22.4789 21.2445 20.9232 21.5512 42.3003 24.919 24.4377
threshold=89.500000000000014 3.8450000000000002 8.9250000000000025 959.25000000000011 959.55000000000007 3.2500000000000004 61.500000000000007 951.05000000000007 6.2650000000000006 1.0000000180025095e-35 1.3550000000000002 1.0000000180025095e-35 5.7750000000000012 10.145000000000001 2.5000000000000004 1.1082303918872294 0.63257020223555627 0.77788564761185042 9.6500000000000004 0.79904096188274243 1.209090764420274 0.99865421017599998 -0.45273527932988084 1.1261831429984073 8.5000000000000018 939.6500000000002 964.05000000000007 960.55000000000007 1.5000000000000002 0.97832380634958016
decision_type=2 2 10 2 2 2 2 2 2 2 2 2 10 10 2 2 2 2 2 2 2 2 2 2 2 2 2 2 2 2
left_child=1 21 3 6 20 -6 -3 9 22 -8 24 12 16 25 -15 -16 -12 -18 -19 -20 -4 -1 -9 -24 -2 -13 27 29 -29 -27
right_child=10 2 4 -5 5 -7 7 8 -10 -11 11 13 -14 14 15 -17 17 18 19 -21 -22 -23 23 -25 -26 26 -28 28 -30 -31
leaf_value=-4.6279864555885936e-05 6.511701458404043e-05 -0.00065019044383264656 -1.8259551695422815e-05 0.0032186017274308701 -2.9101356127984451e-05 -0.00038164227051042761 -0.0016039891604634081 0.0074315777183366167 0.0031019070142758033 0.003765696454528249 0.00040995603936914553 -0.0010188011545707175 -0.00040307455773381509 -0.0039157804652286826 -0.0056166626396387609 0.00011579956813082257 -0.00061331250147811606 0.0016422565730685056 0.0019466714241241849 -0.00022396044007133527 0.00025415445710313142 0.0060225265197224667 -0.0024993660220351721 0.0024843872615781365 -1.54441989682137e-05 -0.00030208740856183148 -0.00078841272036194398 -0.00044676045698174648 0.0016356586709295258 -0.0022276360788420274
leaf_weight=5537 2130 713 674 861 319 113 428 85 208 395 3592 122 5451 55 96 854 276 355 30 646 178 73 72 650 1578 6382 480 121 579 234
leaf_count=5537 2130 713 674 861 319 113 428 85 208 395 3592 122 5451 55 96 854 276 355 30 646 178 73 72 650 1578 6382 480 121 579 234
internal_value=-0.000289302 0.00173491 0.00398637 0.00615475 -0.0017757 -0.00930556 0.00318699 0.00541893 0.00877833 0.00127582 -0.00119708 -0.0016204 -0.000550725 -0.00286115 0.00146269 0.00265263 0.00107165 -0.00231829 -2.9098e-05 -0.0035503 0.00204225 -0.000149733 0.00591078 0.00423823 0.00100324 -0.00340995 -0.00321703 -0.00281301 0.0042 -0.00355502
internal_weight=33287 10306 4696 3412 1284 432 2551 1838 1015 823 22981 19273 10350 8923 1005 950 4899 1307 1031 676 852 5610 807 722 3708 7918 7796 7316 700 6616
internal_count=33287 10306 4696 3412 1284 432 2551 1838 1015 823 22981 19273 10350 8923 1005 950 4899 1307 1031 676 852 5610 807 722 3708 7918 7796 7316 700 6616
is_linear=0
shrinkage=0.03


Tree=67
num_leaves=31
num_cat=0
split_feature=3 1 2 5 3 5 4 5 1 12 4 4 12 4 4 1 15 1 8 2 12 12 11 5 4 12 4 11 11 11
split_gain=66.7295 48.2896 62.7972 100.197 36.9854 34.9798 46.9812 26.1289 36.6768 24.6946 23.3127 22.3338 21.9164 31.1468 26.1777 21.4342 23.0911 20.9722 23.4591 22.3094 21.4763 40.211 27.6426 25.552 23.6517 26.2704 20.6293 20.231 19.5947 34.1512
threshold=89.500000000000014 3.8450000000000002 8.7450000000000028 959.25000000000011 61.500000000000007 959.55000000000007 3.2500000000000004 951.05000000000007 6.2650000000000006 0.79253265336324141 -5.2499999999999991 2.0500000000000003 -0.43733099657705293 21.150000000000002 1.0500000000000003 4.495000000000001 0.80225694444444462 1.3550000000000002 1491.8792737295969 6.0950000000000006 0.14888728888808328 0.38043945030393422 0.83849049182116964 954.55000000000007 30.650000000000002 -0.98801846520836312 1.0500000000000003 -0.99940763397299126 -0.41398024697495356 0.82414472752956958
decision_type=2 2 10 2 2 2 2 2 2 2 2 2 2 2 2 2 10 2 2 8 2 2 2 2 2 2 2 2 2 2
left_child=1 -1 3 4 -3 11 9 28 12 -7 -11 -4 -9 14 -14 -5 -17 -2 19 27 24 23 -23 -22 -21 -26 -24 -19 -6 -30
right_child=17 2 5 15 7 6 -8 8 -10 10 -12 -13 13 -15 -16 16 -18 18 -20 20 21 22 26 -25 25 -27 -28 -29 29 -31
leaf_value=-1.8422921604916874e-05 1.3951001165623813e-05 -0.00063841499547783939 0.0002664246415929852 0.0031477075308786917 -0.0024510813659784155 -0.00031053260054456061 -0.0003615959310111385 0.0076351641224574208 0.0033761313423251579 -5.392501585185141e-05 0.00010248510224766569 -2.6760392389140045e-05 -0.0012864468504775459 -0.0025594323867239631 0.0037849796623656779 0.0036495249455840975 -0.0016783247157404753 -0.0010587247403274409 4.9884129825811111e-05 -0.0023652410516755637 -0.0036725270007239345 -0.0010764770041026804 -0.0074413101126588766 0.0032167998773389417 0.0029102350947900614 -0.00063666691512143645 0.0033621047968218336 -8.2257283555935536e-05 0.0040362333017727754 -0.0041739524333708755
leaf_weight=5610 3708 699 251 355 202 44 125 99 192 139 154 723 170 78 406 443 30 98 2020 3638 146 1327 107 309 122 522 30 10954 422 164
leaf_count=5610 3708 699 251 355 202 44 125 99 192 139 154 723 170 78 406 443 30 98 2020 3638 146 1327 107 309 122 522 30 10954 422 164
internal_value=-0.000276685 0.00172909 0.00397359 0.00627607 0.00320724 -0.00125348 -0.00805195 0.00555684 0.00892063 -0.00222552 0.000921502 0.00197125 0.00593625 0.00394495 0.00635417 0.0152899 0.0194715 -0.00117619 -0.0015737 -0.00193184 -0.00337204 -0.000734758 -0.00315574 0.00705495 -0.00455395 0.000745342 -0.0159854 -0.00112378 0.00152284 0.00430034
internal_weight=33287 10306 4696 3260 2432 1436 462 1733 945 337 293 974 753 654 576 828 473 22981 19273 17253 6201 1919 1464 455 4282 644 137 11052 788 586
internal_count=33287 10306 4696 3260 2432 1436 462 1733 945 337 293 974 753 654 576 828 473 22981 19273 17253 6201 1919 1464 455 4282 644 137 11052 788 586
is_linear=0
shrinkage=0.03


Tree=68
num_leaves=31
num_cat=0
split_feature=3 1 7 5 10 12 5 4 3 4 1 3 8 10 13 8 7 10 11 9 13 5 11 8 5 5 11 12 15 11
split_gain=63.1987 46.2133 66.2477 71.4945 47.6576 43.3577 43.166 40.6398 22.3267 33.3987 21.1436 29.9478 20.9653 20.1119 20.0668 20.0493 26.1747 27.8335 21.5996 19.6776 25.7146 23.4563 23.7631 43.0645 19.8319 19.6102 29.1143 19.5293 18.4814 17.6317
threshold=89.500000000000014 4.1650000000000009 739.99044450000008 958.1500000000002 0.1294095225512602 0.3484035575467645 959.05000000000007 3.2500000000000004 62.500000000000007 3.0500000000000003 4.4650000000000007 52.500000000000007 1.9828343764086982 -0.12940952255126037 1.5000000000000002 1491.8792737295969 251.83777950000004 -0.5 0.97696484778429815 0.78656609248549325 4.5000000000000009 968.25000000000011 0.82414472752956958 138.17053799510356 952.25000000000011 960.05000000000007 0.93237596376505805 -0.18493013702746822 0.47947916666666668 0.82414472752956958
decision_type=2 2 2 2 2 2 2 2 2 2 2 2 2 2 2 2 2 2 2 2 2 2 2 2 2 2 2 2 10 2
left_child=1 19 3 4 5 29 27 14 -6 -10 13 -12 -2 -5 -8 16 17 18 -14 21 -21 22 -1 -24 -25 -18 -27 -4 -29 -3
right_child=12 2 6 10 8 -7 7 -9 9 -11 11 -13 15 -15 -16 -17 25 -19 -20 20 -22 -23 23 24 -26 26 -28 28 -30 -31
leaf_value=-2.6006538923747491e-05 2.9834916616031303e-05 -0.00032806866739943042 -0.00039636495083414288 0.0038896655684142107 0.00078988431883936238 0.0023906837726289324 5.9867877909574418e-05 -0.0003566734951794189 -0.0027170901507244764 0.003472618410862615 -0.0011885310609162181 0.0031508763094768764 0.00032091124569681403 -0.001167697687107849 -0.00010800155035689772 4.8387605931036773e-05 -0.0017006362056075561 -0.00010143503056073335 -0.00020789217621329298 -0.00050491793131188679 1.8410402759938998e-05 0.0078105519292081954 -0.00013105599977726595 0.0011177259072544677 0.0053963897151703584 -0.00058511007615939738 0.0040958086999649179 1.0355314676385382e-05 0.00020646956963511556 -0.0037895639797828015
leaf_weight=3881 1555 639 158 76 230 393 112 118 74 456 51 583 3781 99 196 2020 5029 9601 252 564 959 62 373 149 285 662 81 342 247 259
leaf_count=3881 1555 639 158 76 230 393 112 118 74 456 51 583 3781 99 196 2020 5029 9601 252 564 959 62 373 149 285 662 81 342 247 259
internal_value=-0.000269475 0.00168252 0.00418795 0.00665035 0.00367138 0.000162665 -0.00181586 -0.00943662 0.00963158 0.0130189 0.0142027 0.0167508 -0.00114486 0.00497143 -0.0037013 -0.00138897 -0.00168505 -0.000968168 0.00112323 7.1736e-05 -0.0028956 0.00102316 0.000780717 0.00546468 0.0118894 -0.00337838 0.00117093 0.00253012 0.00504244 -0.00347439
internal_weight=33287 10306 4033 2860 2051 1291 1173 426 760 530 809 634 22981 175 308 21426 19406 13634 4033 6273 1523 4750 4688 807 434 5772 743 747 589 898
internal_count=33287 10306 4033 2860 2051 1291 1173 426 760 530 809 634 22981 175 308 21426 19406 13634 4033 6273 1523 4750 4688 807 434 5772 743 747 589 898
is_linear=0
shrinkage=0.03


Tree=69
num_leaves=31
num_cat=0
split_feature=3 1 2 5 10 8 5 6 6 6 13 6 15 15 3 8 10 5 13 5 6 5 6 10 13 6 9 13 2 5
split_gain=59.1719 43.8585 62.6273 93.2306 37.648 41.8903 32.7099 40.3361 27.327 26.8932 24.5369 24.0854 33.0364 23.5604 22.7447 22.3902 33.9573 20.371 18.3046 19.1171 18.2227 17.6935 17.4925 17.395 17.2125 17.0225 16.8816 27.6893 22.8306 23.1338
threshold=89.500000000000014 3.8450000000000002 8.6950000000000021 958.85000000000002 0.37940952255126048 476.03446859867779 959.45000000000016 1.2124306328360144 1.1963561235577804 1.209090764420274 1.5000000000000002 1.2269372456580936 0.77059027777777789 0.53961805555555575 62.500000000000007 26.72495831651073 0.60355339059327384 938.75000000000011 8.5000000000000018 941.1500000000002 1.121521156409037 962.85000000000002 1.165596096439302 0.25881904510252057 1.5000000000000002 1.1915174662120889 0.60355339059327384 4.5000000000000009 7.5550000000000006 949.45000000000016
decision_type=2 2 10 2 2 2 2 2 2 2 2 2 10 8 2 2 2 2 2 2 2 2 2 2 2 2 2 2 10 2
left_child=1 26 3 4 5 22 9 -8 14 -4 -9 12 -5 -7 -6 18 -17 -18 19 23 -20 24 -3 -2 -13 -24 28 -28 -1 -30
right_child=15 2 6 11 8 13 7 10 -10 -11 -12 21 -14 -15 -16 16 17 -19 20 -21 -22 -23 25 -25 -26 -27 27 -29 29 -31
leaf_value=0.00042319382623095305 0.00028150135507015668 -0.0010209123123874838 -3.1338217661774012e-05 0.0043285144225969309 0.0015897451015691171 0.0011848832444513958 -0.00035780727405793024 8.7620272694304588e-05 -0.0015470971251413837 0.00028378815170294701 -0.00010496358309234794 -0.0048541250057028062 -0.0017579843790995081 0.003271598449725337 0.0046575011545627286 -0.00013319903227280208 -0.0067413900994262796 -0.00059762455460395168 0.00079717101314181809 6.1444676494073057e-05 -3.1478157482651003e-05 0.0030264465909316278 0.0059361240116369614 -0.00041786282258100919 0.0020893598601145528 -0.0025282390586513124 -0.0004263086716200015 2.5438644858497543e-05 -0.0076790482081144935 9.6602940768853032e-05
leaf_weight=3248 159 1010 788 452 155 402 119 131 120 216 226 51 43 107 344 12156 31 4698 111 3719 1974 234 108 133 91 99 693 1258 162 249
leaf_count=3248 159 1010 788 452 155 402 119 131 120 216 226 51 43 107 344 12156 31 4698 111 3719 1974 234 108 133 91 99 693 1258 162 249
internal_value=-0.00025866 0.00163012 0.00376917 0.0061194 0.0030064 0.000730012 -0.00133784 -0.00781513 0.0093538 0.00173307 -0.00277311 0.0145006 0.0188485 0.00795678 0.0124449 -0.0011057 -0.00166834 -0.00382533 0.000452756 0.001638 -0.00182734 0.0087766 -0.00229252 -0.00575342 0.000422535 0.00565217 -0.000160428 -0.00241415 0.00104127 -0.00562044
internal_weight=33287 10306 4696 3216 2345 1726 1480 476 619 1004 357 871 495 509 499 22981 16885 4729 6096 4011 2085 376 1217 292 142 207 5610 1951 3659 411
internal_count=33287 10306 4696 3216 2345 1726 1480 476 619 1004 357 871 495 509 499 22981 16885 4729 6096 4011 2085 376 1217 292 142 207 5610 1951 3659 411
is_linear=0
shrinkage=0.03


Tree=70
num_leaves=31
num_cat=0
split_feature=3 1 2 5 3 1 5 6 5 6 11 12 6 11 10 11 6 11 6 2 10 6 15 9 9 13 11 8 10 12
split_gain=56.5191 39.8878 60.7707 69.3593 40.3167 38.7141 32.5256 31.9293 26.2633 31.7475 25.081 24.1568 22.9621 22.8565 46.3 29.0973 24.4932 23.8336 25.3322 21.2807 21.0726 20.9435 19.9924 19.4354 18.8942 26.7008 19.6417 18.2998 29.1198 25.0208
threshold=84.500000000000014 3.2250000000000005 8.8050000000000015 959.25000000000011 61.500000000000007 4.495000000000001 958.75000000000011 1.2282961748374737 947.95000000000016 1.2084387455231782 -0.67803021058859214 0.69521084835931835 1.2517971002421311 0.90162119223771331 0.25881904510252057 -0.77245553105869302 1.1099165232465806 0.9193901325473397 1.1538736432548362 7.5550000000000006 -0.12940952255126037 1.209090764420274 0.80225694444444462 -0.5 0.12940952255126045 3.5000000000000004 0.7210268013660811 26.72495831651073 0.60355339059327384 -0.88620506325989179
decision_type=2 2 10 2 2 2 2 2 2 2 2 2 2 2 2 2 2 2 2 10 2 2 10 2 2 2 2 2 2 2
left_child=1 19 3 4 -3 11 21 -8 10 13 -6 -5 -11 15 17 16 -10 -15 -19 24 -13 -4 -7 -17 26 -26 -1 -2 -29 -30
right_child=27 2 6 5 8 22 7 -9 9 12 -12 20 -14 14 -16 23 -18 18 -20 -21 -22 -23 -24 -25 25 -27 -28 28 29 -31
leaf_value=8.0140452059554519e-05 6.31020429512334e-06 -0.00061100530612217608 -4.3469710946943474e-05 0.0050943078154826252 -0.0045843329525731497 0.0031205370501417931 -0.00031747698903850303 -2.4720386331855413e-05 -0.0031974722503557685 -0.0018857285057237673 0.00055218757250932889 0.0036269070511771623 0.0044538182608324347 -0.0075369671124470928 0.0042045214143280841 -0.0011005405229642486 0.002396236387244427 -0.0020657332452185609 0.0045818346713689742 -0.0075552012761925117 -0.00062802571717845447 0.00025797376564514472 -0.001669761732179582 0.0049155294542673495 -0.00038301519050991964 -1.5311672352061202e-05 0.0039921823980087687 -0.00012623353615261775 -0.0010692838198926322 -0.00043145557311517833
leaf_weight=1079 6125 930 664 232 92 438 190 268 50 336 539 259 30 43 193 46 337 104 50 70 312 169 30 482 583 1601 287 12684 709 4355
leaf_count=1079 6125 930 664 232 92 438 190 268 50 336 539 259 30 43 193 46 337 104 50 70 312 169 30 482 583 1601 287 12684 709 4355
internal_value=-0.000260462 0.00170809 0.00325164 0.00489674 0.00256188 0.010834 -0.00248644 -0.0089083 0.00469157 0.00666068 -0.000522979 0.00683686 -0.00114754 0.00885057 0.00276923 0.0114426 0.0051938 -0.00746193 -0.00194805 -0.000762431 0.00352014 0.00104442 0.0176923 0.0160227 -0.000439437 -0.00217033 0.00232796 -0.00103674 -0.00152468 -0.00344787
internal_weight=33287 9414 5794 4503 3232 1271 1291 458 2302 1671 631 803 366 1305 390 915 387 197 154 3620 571 833 468 528 3550 2184 1366 23873 17748 5064
internal_count=33287 9414 5794 4503 3232 1271 1291 458 2302 1671 631 803 366 1305 390 915 387 197 154 3620 571 833 468 528 3550 2184 1366 23873 17748 5064
is_linear=0
shrinkage=0.03


Tree=71
num_leaves=31
num_cat=0
split_feature=3 1 2 5 1 10 12 5 6 13 12 10 1 2 12 5 2 1 11 11 6 2 2 12 12 5 6 9 3 15
split_gain=52.9722 37.5361 58.597 69.0038 46.3891 41.2928 35.6506 32.299 31.9939 31.2061 25.5654 27.3356 23.5212 21.3238 20.8935 21.316 21.7044 20.6306 20.2843 27.2975 19.3253 18.6477 28.3868 35.6031 37.2457 27.8998 32.22 24.7657 24.6225 23.9945
threshold=84.500000000000014 3.2250000000000005 8.8050000000000015 957.25000000000011 4.7550000000000008 0.37940952255126048 0.3484035575467645 958.85000000000002 1.2282961748374737 2.5000000000000004 0.69521084835931835 -0.37940952255126015 6.5250000000000012 7.5550000000000006 -0.43733099657705293 948.6500000000002 6.3950000000000005 5.5450000000000008 -0.12546116083924153 -0.30983472475487867 1.209090764420274 11.095000000000001 5.0250000000000012 0.14888728888808328 0.39629089145655322 953.85000000000002 1.1373318083357571 0.25881904510252091 246.50000000000003 0.026701388888888896
decision_type=2 2 10 2 2 2 2 2 2 2 2 2 2 10 2 2 10 2 2 2 2 10 8 2 2 2 2 2 2 10
left_child=1 13 3 5 10 6 12 20 -9 -7 -5 -12 14 -1 15 16 -3 -8 19 -13 -4 22 25 29 27 28 -27 -25 -2 -24
right_child=21 2 7 4 -6 9 17 8 -10 -11 11 18 -14 -15 -16 -17 -18 -19 -20 -21 -22 -23 23 24 -26 26 -28 -29 -30 -31
leaf_value=-3.5059569675872899e-05 -1.307095823960344e-05 -0.00016703113458417431 -4.168505247978307e-05 0.0040878942098435444 0.0029896411261172294 -0.0039343455844085325 0.0014742417806635842 -0.00031139108534877032 -2.5443121941169273e-05 0.0036720996481000795 0.0037585734252174826 0.00030201902650764715 0.001625282730343172 -0.0073285452379067357 -0.0017183103189458541 0.0017659256666458195 -0.0070151197380311277 0.003709320034670502 -0.0019265586092612292 0.0071648704438052333 0.00025023455267579055 6.8158455389281386e-05 0.0044394470021947288 0.0010863749821756602 -0.00063117476715645997 -0.00040847610608547207 -2.1335107542334265e-05 0.0036412551908105474 0.00051674893098980199 -0.0013570537485597775
leaf_weight=3550 4932 355 667 374 522 70 390 187 266 826 279 150 234 70 511 196 113 135 304 44 171 1917 113 577 2701 218 5248 212 2001 5954
leaf_count=3550 4932 355 667 374 522 70 390 187 266 826 279 150 234 70 511 196 113 135 304 44 171 1917 113 577 2701 218 5248 212 2001 5954
internal_value=-0.000255055 0.00165073 0.00314808 0.00476349 0.00959354 0.00190813 -0.000558428 -0.00248644 -0.0089404 0.00723214 0.00622937 0.00312741 -0.00304471 -0.000745856 -0.00477447 -0.00126506 -0.00474359 0.00611429 -0.00108434 0.00649485 0.00100239 -0.00100658 -0.00125433 -0.002483 -6.87679e-05 -0.000307283 -0.00190999 0.0056654 0.000956296 -0.00387177
internal_weight=33287 9414 5794 4503 1673 2830 1934 1291 453 896 1151 777 1409 3620 1175 664 468 525 498 194 838 23873 21956 9557 3490 12399 5466 789 6933 6067
internal_count=33287 9414 5794 4503 1673 2830 1934 1291 453 896 1151 777 1409 3620 1175 664 468 525 498 194 838 23873 21956 9557 3490 12399 5466 789 6933 6067
is_linear=0
shrinkage=0.03


Tree=72
num_leaves=31
num_cat=0
split_feature=3 1 2 5 10 5 4 5 2 2 5 3 10 5 4 15 1 10 3 4 3 1 13 4 1 10 2 13 3 15
split_gain=52.436 52.3467 63.8365 67.4926 44.1787 33.6551 40.8173 28.225 26.4056 29.905 24.9331 35.1733 24.1808 44.4003 23.9623 23.4207 23.2655 21.6295 21.3879 28.7885 21.2943 22.6372 21.0646 28.4094 53.3192 46.5518 45.2398 32.0393 31.0889 30.6995
threshold=162.50000000000003 4.1650000000000009 9.0450000000000017 958.1500000000002 0.1294095225512602 959.05000000000007 3.2500000000000004 972.55000000000007 11.095000000000001 4.2550000000000008 952.05000000000007 200.50000000000003 0.60355339059327384 945.05000000000007 15.750000000000002 0.47947916666666668 1.3050000000000004 -0.70710678118654757 62.500000000000007 3.0500000000000003 51.500000000000007 4.4650000000000007 2.5000000000000004 9.0500000000000025 2.1150000000000007 -0.12940952255126037 6.0950000000000006 9.5000000000000018 71.500000000000014 0.18811111111111115
decision_type=2 2 10 2 2 2 2 2 10 8 2 2 2 2 2 10 2 2 2 2 2 2 2 2 2 2 10 2 2 10
left_child=1 7 3 4 14 15 -7 22 9 10 11 16 -11 -14 -3 -4 -2 -18 -6 -20 -5 -22 -1 24 29 26 -25 28 -26 -24
right_child=8 2 5 20 18 6 -8 -9 -10 12 -12 -13 13 -15 -16 -17 17 -19 19 -21 21 -23 23 25 27 -27 -28 -29 -30 -31
leaf_value=-0.00014588352134694015 0.00031483573409406246 0.0018835235924058022 -8.4319289003403908e-05 -0.00078885158249845727 0.00072248884212576677 -3.5786923427745117e-05 -0.00031904465915604267 0.010324293112731265 7.2037034860980898e-05 -0.00062176980861128643 -2.5019374773184331e-05 0.00043546907150062423 -0.002942065334499967 -0.0014370676412098664 -0.00082388536099365847 0.00017981432680029211 0.0018197761964777038 -0.00025957055866367715 -0.0025110907958451737 0.0031034655079730175 0.0014491524413923758 0.0028886081694340002 -0.0003291751691903609 -0.00015757089093290422 -0.00086035215339975838 0.00015212671842577451 -0.0043728748658904571 0.001453817922534884 0.0049041287127774323 0.00010044924690053036
leaf_weight=2285 319 436 505 66 230 308 123 32 1874 6953 3321 2166 299 1893 887 294 63 819 74 461 158 600 428 1758 90 3398 248 1623 388 1188
leaf_count=2285 319 436 505 66 230 308 123 32 1874 6953 3321 2166 299 1893 887 294 63 819 74 461 158 600 428 1758 90 3398 248 1623 388 1188
internal_value=-0.000233424 0.00103594 0.00392564 0.00634615 0.00347701 -0.00180488 -0.00856148 -1.04913e-05 -0.00135031 -0.00174888 -0.000224282 0.00159489 -0.00286386 -0.00561131 0.00015873 0.0018398 -0.0025229 -0.00503401 0.00921569 0.0125047 0.0136165 0.0150396 -8.94266e-05 0.00055586 0.00257466 -0.000832717 -0.00445663 0.00572584 0.0125523 -0.00152228
internal_weight=33287 15580 4142 2912 2088 1230 431 11438 17707 15833 6688 3367 9145 2192 1323 799 1201 882 765 535 824 758 11406 9121 3717 5404 2006 2101 478 1616
internal_count=33287 15580 4142 2912 2088 1230 431 11438 17707 15833 6688 3367 9145 2192 1323 799 1201 882 765 535 824 758 11406 9121 3717 5404 2006 2101 478 1616
is_linear=0
shrinkage=0.03


Tree=73
num_leaves=31
num_cat=0
split_feature=3 1 2 6 10 3 11 1 12 12 6 13 8 8 6 12 8 12 13 11 11 10 11 11 6 1 4 12 14 2
split_gain=49.1189 49.342 62.9431 70.0391 50.7498 34.9267 30.4094 30.3783 30.302 44.45 29.9861 28.7422 28.1534 25.8081 29.7562 30.735 27.6665 29.3306 25.8014 25.5865 31.527 25.5563 29.1707 25.3494 28.5841 22.905 22.5142 49.3882 44.6356 44.201
threshold=162.50000000000003 4.1650000000000009 8.6950000000000021 1.1603907014674459 0.1294095225512602 64.500000000000014 -0.92923668111203805 5.3250000000000011 0.2332836900311728 0.19969739736768838 1.1571425004113505 2.5000000000000004 25.886160458578178 1491.8792737295969 1.0807065599000494 -0.98212955754013376 138.17053799510356 -0.82413948779581736 1.5000000000000002 0.95998215779580554 0.93845596220871974 -0.9159756150367534 0.44505654568748165 0.83376496542330847 1.209090764420274 6.5250000000000012 9.6500000000000004 0.65720762023595369 0.34916666666666674 6.1650000000000009
decision_type=2 2 10 2 2 2 2 2 2 2 2 2 2 2 2 2 2 2 2 2 2 2 2 2 2 2 2 2 10 10
left_child=1 6 3 4 25 -6 8 -5 9 10 12 21 -1 14 15 -2 -16 -18 -4 20 23 22 -8 -19 -25 -3 27 -13 -29 -28
right_child=13 2 18 7 5 -7 11 -9 -10 -11 -12 26 -14 -15 16 -17 17 19 -20 -21 -22 -23 -24 24 -26 -27 29 28 -30 -31
leaf_value=2.945342439191957e-05 0.0022290244866782524 -0.0011707449923367766 0.00014915797447897464 0.0024479227602699741 0.0013687704323722353 0.003628746352411043 -0.00016729873489276494 0.0033996397640512831 -0.00058194256878415964 0.0086884191772497246 0.00017685746489379039 0.0024987591365509443 -0.0012491914096121859 6.8988954182877876e-05 -1.8517486287767276e-05 -4.6379707110537693e-06 -0.0022449937130658228 -0.00052535679630144334 -7.1235250667171852e-05 -0.0028336484569893424 0.0037650357057586528 -0.00020740191945301621 0.0049975058285971477 -0.0020510633667711431 -0.0043399093022798759 0.001589333310258737 0.00016256245172883397 -0.00035016980280583722 0.0013015228114270354 -0.0027481021152869216
leaf_weight=234 341 782 219 692 274 289 146 412 282 72 359 1357 428 2004 7249 1039 1590 3876 1266 609 221 2017 137 595 183 208 3532 1217 1052 605
leaf_count=234 341 782 219 692 274 289 146 412 282 72 359 1357 428 2004 7249 1039 1590 3876 1266 609 221 2017 137 595 183 208 3532 1217 1052 605
internal_value=-0.000238832 0.00098973 0.00379527 0.00656003 0.00245332 0.00964476 -2.62284e-05 0.012337 -0.00421091 -0.00194876 -0.00355534 0.000545563 -0.00734139 -0.00131982 -0.00172897 0.00247826 -0.00213433 -0.00346904 -0.00115152 -0.00242888 -0.00170462 -0.0024 0.0060424 -0.00223034 -0.00717224 -0.00163636 0.00141827 0.00314396 0.000436316 -9.42712e-05
internal_weight=33287 15580 4142 2657 1553 563 11438 1104 1375 1093 1021 10063 662 17707 15703 1380 14323 7074 1485 5484 4875 2300 283 4654 778 990 7763 3626 2269 4137
internal_count=33287 15580 4142 2657 1553 563 11438 1104 1375 1093 1021 10063 662 17707 15703 1380 14323 7074 1485 5484 4875 2300 283 4654 778 990 7763 3626 2269 4137
is_linear=0
shrinkage=0.03


Tree=74
num_leaves=31
num_cat=0
split_feature=3 1 2 5 10 12 5 4 12 11 15 12 12 4 8 2 1 10 5 5 12 11 11 12 8 4 8 4 12 11
split_gain=47.051 46.2949 62.7102 74.8163 41.4272 37.6122 35.3385 47.9506 27.4132 26.2667 31.9767 49.0168 32.8424 24.8838 24.7461 28.7141 24.7306 23.1776 31.8649 22.9472 26.4046 23.5626 36.8257 33.696 26.5132 22.8077 24.8702 22.6028 28.1868 22.5694
threshold=162.50000000000003 4.1650000000000009 8.6950000000000021 958.1500000000002 0.37940952255126048 0.3484035575467645 959.45000000000016 3.2500000000000004 0.79253265336324141 -0.86976336936302323 0.065364583333333351 0.97062204580664158 0.95178258287705175 -5.2499999999999991 1491.8792737295969 4.2550000000000008 6.5250000000000012 0.78656609248549303 945.05000000000007 949.25000000000011 0.44312301391210612 -0.92923668111203805 -0.97113884758256674 0.18281312110578132 9.1122943245260988 8.3500000000000032 408.03252391273742 13.750000000000002 0.029024409397335523 0.95998215779580554
decision_type=2 2 10 2 2 2 2 2 2 2 8 2 2 2 2 8 2 2 2 2 2 2 2 2 2 2 2 2 2 2
left_child=1 9 3 4 5 16 -4 8 -8 19 11 12 -11 -10 15 -2 -3 29 -19 -1 21 22 23 27 -24 -23 -27 28 -21 -17
right_child=14 2 6 -5 -6 -7 7 -9 13 10 -12 -13 -14 -15 -16 17 -18 18 -20 20 -22 25 24 -25 -26 26 -28 -29 -30 -31
leaf_value=-0.00054850609684298798 -3.645617478346087e-06 -0.0012753221568039164 5.2058097783611173e-05 0.002725078577300023 0.0036628391702168534 0.0030872150008038235 -0.0003132535132500122 -0.000306867967956283 -6.5993970580026509e-05 -0.00013357076778468176 0.00014712684958565961 -0.0017960196414533807 0.0039229462280904424 9.8244272894611534e-05 6.6919285557391549e-05 -0.00052780051509515927 0.0017034145883794436 -0.0032752130937081414 -0.0016582582711934801 0.0036322998608946809 -0.0015456600169831726 0.0046176698121419887 1.024926095602498e-05 0.0061779999409792624 -0.0013723218479680921 0.0012147135391560307 -0.0039617372003903752 -0.00027964907530072272 -5.4511800259504775e-05 -0.002316421881365206
leaf_weight=314 6688 841 1010 749 443 393 46 137 136 666 8561 276 87 156 2004 6882 231 224 1347 152 91 62 112 93 334 154 46 387 103 562
leaf_count=314 6688 841 1010 749 443 393 46 137 136 666 8561 276 87 156 2004 6882 231 224 1347 152 91 62 112 93 334 154 46 387 103 562
internal_value=-0.000255055 0.000947368 0.0036649 0.00642454 0.00327044 0.00083959 -0.00127273 -0.00802105 -0.00195266 -3.67197e-05 0.000594369 -0.00440233 -0.000438247 0.00143836 -0.00131304 -0.00171369 -0.0020709 -0.00281864 -0.00612985 -0.00331169 -0.00179922 -0.000810811 -0.00261643 0.0015102 -0.00941704 0.00732824 0.0024 -0.000934579 0.006 -0.00211983
internal_weight=33287 15580 4142 2657 1908 1465 1485 475 338 11438 9590 1029 753 292 17707 15703 1072 9015 1571 1848 1534 1443 1181 735 446 262 200 642 255 7444
internal_count=33287 15580 4142 2657 1908 1465 1485 475 338 11438 9590 1029 753 292 17707 15703 1072 9015 1571 1848 1534 1443 1181 735 446 262 200 642 255 7444
is_linear=0
shrinkage=0.03


Tree=75
num_leaves=31
num_cat=0
split_feature=3 1 2 5 5 4 12 3 11 13 5 4 8 2 4 2 12 11 11 14 11 4 3 11 11 4 1 11 5 3
split_gain=44.3212 44.2648 58.8783 70.7814 33.5619 46.7709 27.8672 27.7425 25.0286 28.9736 24.7407 23.6489 23.3453 27.6293 23.0516 23.5225 22.9418 28.1584 32.8751 22.3894 21.3341 26.6541 23.9571 23.4041 22.7334 20.6206 20.602 20.1956 19.4691 34.1656
threshold=158.50000000000003 4.1650000000000009 8.6950000000000021 957.25000000000011 959.45000000000016 3.2500000000000004 0.79253265336324141 51.500000000000007 -0.84315017450793706 2.5000000000000004 949.25000000000011 -5.2499999999999991 1491.8792737295969 4.2550000000000008 28.450000000000003 4.4750000000000005 -0.96234030595689413 0.90162119223771331 -0.074117382312902977 0.17250000000000001 -0.2102246306142678 26.450000000000003 62.500000000000007 -0.41398024697495356 -0.92923668111203805 -0.44999999999999996 4.495000000000001 0.99865421017599998 952.05000000000007 200.50000000000003
decision_type=2 2 10 2 2 2 2 2 2 2 2 2 2 8 2 10 2 2 2 10 2 2 2 2 2 2 2 2 2 2
left_child=1 8 3 16 25 6 -6 -5 10 -10 -1 -8 13 28 -11 -16 19 18 20 -3 21 22 24 -23 -18 -4 -9 -19 29 -2
right_child=12 2 4 7 5 -7 11 26 9 14 -12 -13 -14 -15 15 -17 17 27 -20 -21 -22 23 -24 -25 -26 -27 -28 -29 -30 -31
leaf_value=-0.00055602745864179756 -0.00012108415029194505 0.00075189860343821062 0.00032128374014539593 -0.0015139365520044836 -0.00030385590785251187 -0.00029766192891759438 -6.4014151462625713e-05 0.0018238655185297051 -0.00013858262263084366 0.00053890537110004783 -6.5266599041344451e-05 9.5296944707773317e-05 6.4911706990669813e-05 -0.00089565637921427911 -9.5837425484486725e-05 -0.004169481938864187 -0.0018196428172567581 -0.0020774550333294297 0.0037465534556445908 -0.0038688464279083242 -0.0076886656541395662 -0.0023332429834364617 0.0029648196139255307 0.0051884837399886969 0.0035038783574358511 6.8828126158570856e-06 0.0030088494206959985 0.0060065805398513321 -2.1548289613176046e-05 0.00042286169973493825
leaf_weight=318 1303 112 146 76 46 137 136 188 2286 6262 1677 156 2004 9017 617 101 93 287 518 97 31 237 245 60 87 864 594 32 3394 2166
leaf_count=318 1303 112 146 76 46 137 136 188 2286 6262 1677 156 2004 9017 617 101 93 287 518 97 31 237 245 60 87 864 594 32 3394 2166
internal_value=-0.000238832 0.000940726 0.00359247 0.00626647 -0.00119192 -0.00776842 -0.00177515 0.0133566 -3.46328e-05 0.000621627 -0.00308271 0.00164384 -0.00125475 -0.0016398 0.00158166 -0.00350975 0.00288494 0.00411321 0.0061133 -0.00645933 0.00211155 0.00315789 0.00797647 -0.00373737 -0.000333333 0.00190099 0.0150384 -0.0038558 -0.00020545 0.00137504
internal_weight=33287 15403 4142 2657 1485 475 338 858 11261 9266 1995 292 17884 15880 6980 718 1799 1590 1271 209 753 722 425 297 180 1010 782 319 6863 3469
internal_count=33287 15403 4142 2657 1485 475 338 858 11261 9266 1995 292 17884 15880 6980 718 1799 1590 1271 209 753 722 425 297 180 1010 782 319 6863 3469
is_linear=0
shrinkage=0.03


Tree=76
num_leaves=31
num_cat=0
split_feature=3 1 7 5 3 5 4 6 12 6 5 1 8 8 12 3 5 13 6 4 7 15 5 5 6 12 9 6 15 4
split_gain=42.4282 44.8882 52.7765 92.3192 29.1814 26.486 44.9077 28.3832 23.4182 23.0458 31.3822 25.7754 21.702 29.6935 26.1495 26.0016 33.4654 29.3056 25.3285 24.9169 20.8798 20.3742 19.9005 21.6479 35.8849 21.8081 19.4326 19.9816 19.0479 18.5169
threshold=158.50000000000003 3.8450000000000002 657.36895449999997 958.85000000000002 61.500000000000007 959.45000000000016 3.8500000000000001 1.209090764420274 0.79253265336324141 1.2162204866870119 951.05000000000007 6.5250000000000012 1210.7300916194974 325.68966866841805 -0.9292178835113839 243.50000000000003 948.45000000000016 6.5000000000000009 1.0676754019247003 33.350000000000001 490.2364705 0.017660024154589376 960.05000000000007 962.25000000000011 1.1982243678389042 0.78192542922038288 1.0000000180025095e-35 1.2406155237587075 0.026701388888888896 37.750000000000007
decision_type=2 2 2 2 2 2 2 2 2 2 2 2 2 2 2 2 2 2 2 2 2 10 2 2 2 2 2 2 8 2
left_child=1 20 3 4 -3 7 8 -4 -7 10 -6 -12 13 15 -14 21 17 19 -15 -17 28 -2 -20 -24 -25 -26 -18 -28 -1 -30
right_child=12 2 5 -5 9 6 -8 -9 -10 -11 11 -13 14 18 -16 16 26 -19 22 -21 -22 -23 23 24 25 -27 27 -29 29 -31
leaf_value=-0.0006758845810801371 0.0013177159808714081 -0.00059630998704984295 -4.1379388869836571e-05 0.0026956088925116088 0.00044978903516028703 -0.00026345243503078598 -0.0003082250004023616 0.00030086836325287161 7.5821839745753011e-06 -0.0027212900376095924 0.0026477709120491795 0.0025830076372713147 -0.0042444605119164149 0.0019932158739386402 8.1183962179595789e-05 0.0034602499021613212 0.00029605317702105348 0.00019907904735546141 -0.0022552835056762594 -0.00010963822200811434 -0.0038761856211182444 -9.5206030196243546e-05 0.0026003091074392514 0.0048386599823346445 -0.0071283882266892258 -0.00072413163617700098 -4.2408053594743197e-05 -9.6769477599305991e-05 2.8127893894068232e-05 -0.00069193703291073273
leaf_weight=361 109 679 842 891 799 57 120 223 305 164 631 122 164 139 2365 439 552 1173 3614 156 279 6044 228 30 109 246 2322 194 9898 32
leaf_count=361 109 679 842 891 799 57 120 223 305 164 631 122 164 139 2365 439 552 1173 3614 156 279 6044 228 30 109 246 2322 194 9898 32
internal_value=-0.000240634 0.000913458 0.0033085 0.00545953 0.00239248 -0.0012605 -0.00709544 0.00138028 -0.0018232 0.00447552 0.00560567 0.01 -0.00123462 -0.00165874 0.00134045 -0.000827191 0.000818859 0.00410633 -0.00375172 0.00952941 -0.000181646 -0.00212092 -0.00416608 0.000831974 -0.00350649 -0.00616901 -0.00107562 -0.00219396 3.78972e-05 0.000283988
internal_weight=33287 15403 4833 3286 2395 1547 482 1065 362 1716 1552 753 17884 15355 2529 10989 4836 1768 4366 595 10570 6153 4227 613 385 355 3068 2516 10291 9930
internal_count=33287 15403 4833 3286 2395 1547 482 1065 362 1716 1552 753 17884 15355 2529 10989 4836 1768 4366 595 10570 6153 4227 613 385 355 3068 2516 10291 9930
is_linear=0
shrinkage=0.03


end of trees

feature_importances:
doy_sin=373
doy_cos=292
surface_pressure=249
wind_speed_10m=184
wind_direction_10m=184
power_flux_proxy=181
wind_speed_100m=167
air_density=141
hour_cos=139
temperature_2m=130
month=108
lag_power_mean_24h=56
hour_sin=49
wind_speed_hub_cubed=39
lag_power_t0=18

parameters:
[boosting: gbdt]
[objective: regression_l1]
[metric: l1]
[tree_learner: serial]
[device_type: cpu]
[data_sample_strategy: bagging]
[data: ]
[valid: ]
[num_iterations: 77]
[learning_rate: 0.03]
[num_leaves: 31]
[num_threads: 8]
[seed: 0]
[deterministic: 0]
[force_col_wise: 0]
[force_row_wise: 0]
[histogram_pool_size: -1]
[max_depth: -1]
[min_data_in_leaf: 30]
[min_sum_hessian_in_leaf: 0.001]
[bagging_fraction: 0.8]
[pos_bagging_fraction: 1]
[neg_bagging_fraction: 1]
[bagging_freq: 0]
[bagging_seed: 7719]
[bagging_by_query: 0]
[feature_fraction: 0.8]
[feature_fraction_bynode: 1]
[feature_fraction_seed: 2437]
[extra_trees: 0]
[extra_seed: 11797]
[early_stopping_round: 0]
[early_stopping_min_delta: 0]
[first_metric_only: 0]
[max_delta_step: 0]
[lambda_l1: 0]
[lambda_l2: 0]
[linear_lambda: 0]
[min_gain_to_split: 0]
[drop_rate: 0.1]
[max_drop: 50]
[skip_drop: 0.5]
[xgboost_dart_mode: 0]
[uniform_drop: 0]
[drop_seed: 21238]
[top_rate: 0.2]
[other_rate: 0.1]
[min_data_per_group: 100]
[max_cat_threshold: 32]
[cat_l2: 10]
[cat_smooth: 10]
[max_cat_to_onehot: 4]
[top_k: 20]
[monotone_constraints: ]
[monotone_constraints_method: basic]
[monotone_penalty: 0]
[feature_contri: ]
[forcedsplits_filename: ]
[refit_decay_rate: 0.9]
[cegb_tradeoff: 1]
[cegb_penalty_split: 0]
[cegb_penalty_feature_lazy: ]
[cegb_penalty_feature_coupled: ]
[path_smooth: 0]
[interaction_constraints: ]
[verbosity: 1]
[saved_feature_importance_type: 0]
[use_quantized_grad: 0]
[num_grad_quant_bins: 4]
[quant_train_renew_leaf: 0]
[stochastic_rounding: 1]
[linear_tree: 0]
[max_bin: 255]
[max_bin_by_feature: ]
[min_data_in_bin: 3]
[bin_construct_sample_cnt: 200000]
[data_random_seed: 38]
[is_enable_sparse: 1]
[enable_bundle: 1]
[use_missing: 1]
[zero_as_missing: 0]
[feature_pre_filter: 1]
[pre_partition: 0]
[two_round: 0]
[header: 0]
[label_column: ]
[weight_column: ]
[group_column: ]
[ignore_column: ]
[categorical_feature: 16]
[forcedbins_filename: ]
[precise_float_parser: 0]
[parser_config_file: ]
[objective_seed: 8855]
[num_class: 1]
[is_unbalance: 0]
[scale_pos_weight: 1]
[sigmoid: 1]
[boost_from_average: 1]
[reg_sqrt: 0]
[alpha: 0.9]
[fair_c: 1]
[poisson_max_delta_step: 0.7]
[tweedie_variance_power: 1.5]
[lambdarank_truncation_level: 30]
[lambdarank_norm: 1]
[label_gain: ]
[lambdarank_position_bias_regularization: 0]
[eval_at: ]
[multi_error_top_k: 1]
[auc_mu_weights: ]
[num_machines: 1]
[local_listen_port: 12400]
[time_out: 120]
[machine_list_filename: ]
[machines: ]
[gpu_platform_id: -1]
[gpu_device_id: -1]
[gpu_device_id_list: ]
[gpu_use_dp: 0]
[num_gpu: 1]

end of parameters

pandas_categorical:[["previous_runs"]]
